config,identity,path,is_masked_truth,is_genuine,mask_detector_says_masked,routed_mode,top_similarity,top_match
naive,huojianhua,C:\Users\tahak\ogproject\adaptiveface\data\rmfd\AFDB_masked_face_dataset\huojianhua\0_0_21.jpg,True,True,True,full,0.2050301879644394,liushishi
naive,zhaoyazhi,C:\Users\tahak\ogproject\adaptiveface\data\rmfd\AFDB_face_dataset\zhaoyazhi\1_0_zhaoyazhi_0198.jpg,False,True,False,full,0.46311020851135254,zhaoyazhi
naive,Carlos_Moya,C:\Users\tahak\ogproject\adaptiveface\data\lfw\Carlos_Moya\Carlos_Moya_0002.jpg,False,False,False,full,0.11475461721420288,wangzuxian
naive,xiaozhan,C:\Users\tahak\ogproject\adaptiveface\data\rmfd\AFDB_masked_face_dataset\xiaozhan\0_0_28.jpg,True,True,True,full,0.2582663893699646,xiaozhan
naive,zhangshaohan,C:\Users\tahak\ogproject\adaptiveface\data\rmfd\AFDB_masked_face_dataset\zhangshaohan\0_0_3.jpg,True,True,True,full,0.15580511093139648,daipeini
naive,lvyi,C:\Users\tahak\ogproject\adaptiveface\data\rmfd\AFDB_face_dataset\lvyi\1_0_lvyi_0136.jpg,False,True,False,full,0.2720138430595398,wangou
naive,daipeini,C:\Users\tahak\ogproject\adaptiveface\data\rmfd\AFDB_face_dataset\daipeini\1_0_daipeini_0001.jpg,False,True,False,full,0.4853149652481079,daipeini
naive,linyichen,C:\Users\tahak\ogproject\adaptiveface\data\rmfd\AFDB_face_dataset\linyichen\1_0_linyichen_0328.jpg,False,True,False,full,0.1961430311203003,zhaoliying
naive,Bernard_Law,C:\Users\tahak\ogproject\adaptiveface\data\lfw\Bernard_Law\Bernard_Law_0005.jpg,False,False,False,full,0.13346102833747864,zhangshaohan
naive,huangzitao,C:\Users\tahak\ogproject\adaptiveface\data\rmfd\AFDB_face_dataset\huangzitao\1_0_huangzitao_0108.jpg,False,True,False,full,0.6773836016654968,huangzitao
naive,Ben_Betts,C:\Users\tahak\ogproject\adaptiveface\data\lfw\Ben_Betts\Ben_Betts_0001.jpg,False,False,False,full,0.1360606700181961,wulei
naive,shaofeng,C:\Users\tahak\ogproject\adaptiveface\data\rmfd\AFDB_face_dataset\shaofeng\1_0_shaofeng_0001.jpg,False,True,False,full,0.530182957649231,shaofeng
naive,Thomas_Bjorn,C:\Users\tahak\ogproject\adaptiveface\data\lfw\Thomas_Bjorn\Thomas_Bjorn_0002.jpg,False,False,False,full,0.13941580057144165,maoxiaotong
naive,Intisar_Ajouri,C:\Users\tahak\ogproject\adaptiveface\data\lfw\Intisar_Ajouri\Intisar_Ajouri_0003.jpg,False,False,False,full,0.14091767370700836,hejiong
naive,Elena_Tihomirova,C:\Users\tahak\ogproject\adaptiveface\data\lfw\Elena_Tihomirova\Elena_Tihomirova_0001.jpg,False,False,False,full,0.12616512179374695,zhangxueying
naive,Nicanor_Duarte_Frutos,C:\Users\tahak\ogproject\adaptiveface\data\lfw\Nicanor_Duarte_Frutos\Nicanor_Duarte_Frutos_0010.jpg,False,False,False,full,0.130339577794075,xiaozhan
naive,huangzitao,C:\Users\tahak\ogproject\adaptiveface\data\rmfd\AFDB_masked_face_dataset\huangzitao\0_0_2.jpg,True,True,False,full,0.33795803785324097,huangzitao
naive,zhangtianai,C:\Users\tahak\ogproject\adaptiveface\data\rmfd\AFDB_masked_face_dataset\zhangtianai\0_0_8.jpg,True,True,True,full,0.15360748767852783,huojianhua
naive,Bernard_Law,C:\Users\tahak\ogproject\adaptiveface\data\lfw\Bernard_Law\Bernard_Law_0001.jpg,False,False,False,full,0.11968498677015305,zhangbinbin
naive,Tyra_Banks,C:\Users\tahak\ogproject\adaptiveface\data\lfw\Tyra_Banks\Tyra_Banks_0002.jpg,False,False,False,full,0.1532139778137207,zhouxun
naive,Michael_Phelps,C:\Users\tahak\ogproject\adaptiveface\data\lfw\Michael_Phelps\Michael_Phelps_0002.jpg,False,False,False,full,0.15635542571544647,huangrihua
naive,Martha_Lucia_Ramirez,C:\Users\tahak\ogproject\adaptiveface\data\lfw\Martha_Lucia_Ramirez\Martha_Lucia_Ramirez_0002.jpg,False,False,False,full,0.14236071705818176,xiongdailin
naive,zhangyi,C:\Users\tahak\ogproject\adaptiveface\data\rmfd\AFDB_masked_face_dataset\zhangyi\0_0_0.jpg,True,True,True,full,0.25010138750076294,zhangyi
naive,xuhao,C:\Users\tahak\ogproject\adaptiveface\data\rmfd\AFDB_masked_face_dataset\xuhao\0_0_0.jpg,True,True,False,full,0.5023087859153748,xuhao
naive,Boris_Henry,C:\Users\tahak\ogproject\adaptiveface\data\lfw\Boris_Henry\Boris_Henry_0001.jpg,False,False,False,full,0.14367857575416565,jianailiang
naive,lianghanwen,C:\Users\tahak\ogproject\adaptiveface\data\rmfd\AFDB_face_dataset\lianghanwen\1_0_lianghanwen_0181.jpg,False,True,False,full,0.22912082076072693,yumenglong
naive,zhangluyi,C:\Users\tahak\ogproject\adaptiveface\data\rmfd\AFDB_masked_face_dataset\zhangluyi\0_0_0.png,True,True,True,full,0.28526782989501953,zhangluyi
naive,maqiguang,C:\Users\tahak\ogproject\adaptiveface\data\rmfd\AFDB_face_dataset\maqiguang\1_0_maqiguang_0041.jpg,False,True,False,full,0.3400622606277466,maqiguang
naive,liushishi,C:\Users\tahak\ogproject\adaptiveface\data\rmfd\AFDB_face_dataset\liushishi\1_0_liushishi_0149.jpg,False,True,False,full,0.26332083344459534,jiangkaitong
naive,guojingjing,C:\Users\tahak\ogproject\adaptiveface\data\rmfd\AFDB_face_dataset\guojingjing\0_0_guojingjing_0211.jpg,False,True,False,full,0.4261454939842224,guojingjing
naive,luozhixiang,C:\Users\tahak\ogproject\adaptiveface\data\rmfd\AFDB_masked_face_dataset\luozhixiang\0_0_4.jpg,True,True,True,full,0.2571033537387848,yangqianhua
naive,jianghongbo,C:\Users\tahak\ogproject\adaptiveface\data\rmfd\AFDB_masked_face_dataset\jianghongbo\0_0_0.jpg,True,True,True,full,0.24227818846702576,tanweiwei
naive,yingcaier,C:\Users\tahak\ogproject\adaptiveface\data\rmfd\AFDB_face_dataset\yingcaier\1_0_yingcaier_0018.jpg,False,True,False,full,0.2800155282020569,zhangliangying
naive,xudongdong,C:\Users\tahak\ogproject\adaptiveface\data\rmfd\AFDB_face_dataset\xudongdong\1_0_xudongdong_0234.jpg,False,True,False,full,0.3578386902809143,xudongdong
naive,zhaoyihuan,C:\Users\tahak\ogproject\adaptiveface\data\rmfd\AFDB_face_dataset\zhaoyihuan\1_0_zhaoyihuan_0177.jpg,False,True,False,full,0.23325487971305847,zhuowenxuan
naive,Ivan_Helguera,C:\Users\tahak\ogproject\adaptiveface\data\lfw\Ivan_Helguera\Ivan_Helguera_0001.jpg,False,False,False,full,0.15079480409622192,gutianle
naive,jingbairan,C:\Users\tahak\ogproject\adaptiveface\data\rmfd\AFDB_masked_face_dataset\jingbairan\0_0_3.jpg,True,True,True,full,0.18005095422267914,caobingkun
naive,luozhixiang,C:\Users\tahak\ogproject\adaptiveface\data\rmfd\AFDB_face_dataset\luozhixiang\0_0_luozhixiang_0011.jpg,False,True,False,full,0.20505470037460327,fengjianyu
naive,lvjiarong,C:\Users\tahak\ogproject\adaptiveface\data\rmfd\AFDB_face_dataset\lvjiarong\0_0_lvjiarong_0130.jpg,False,True,False,full,0.25198137760162354,tanweiwei
naive,zhengyecheng,C:\Users\tahak\ogproject\adaptiveface\data\rmfd\AFDB_face_dataset\zhengyecheng\1_0_zhengyecheng_0174.jpg,False,True,False,full,0.5356742143630981,zhengyecheng
naive,Michael_Chiklis,C:\Users\tahak\ogproject\adaptiveface\data\lfw\Michael_Chiklis\Michael_Chiklis_0004.jpg,False,False,False,full,0.1932564675807953,ruanjingtian
naive,tanweiwei,C:\Users\tahak\ogproject\adaptiveface\data\rmfd\AFDB_masked_face_dataset\tanweiwei\1_0_2.jpg,True,True,True,full,0.1913086473941803,mowenwei
naive,wangkai,C:\Users\tahak\ogproject\adaptiveface\data\rmfd\AFDB_face_dataset\wangkai\1_0_wangkai_0090.jpg,False,True,False,full,0.4946138262748718,wangkai
naive,zhangbo,C:\Users\tahak\ogproject\adaptiveface\data\rmfd\AFDB_face_dataset\zhangbo\1_0_zhangbo_0212.jpg,False,True,False,full,0.4273696839809418,zhangbo
naive,Asif_Hanif,C:\Users\tahak\ogproject\adaptiveface\data\lfw\Asif_Hanif\Asif_Hanif_0001.jpg,False,False,False,full,0.17639237642288208,liushishi
naive,jiangkaitong,C:\Users\tahak\ogproject\adaptiveface\data\rmfd\AFDB_masked_face_dataset\jiangkaitong\0_0_10.jpg,True,True,False,full,0.2557241916656494,zhaoliying
naive,panyueming,C:\Users\tahak\ogproject\adaptiveface\data\rmfd\AFDB_face_dataset\panyueming\1_0_panyueming_0150.jpg,False,True,False,full,0.4930955171585083,panyueming
naive,hujing,C:\Users\tahak\ogproject\adaptiveface\data\rmfd\AFDB_face_dataset\hujing\1_0_hujing_0236.jpg,False,True,False,full,0.39641475677490234,hujing
naive,lvjiarong,C:\Users\tahak\ogproject\adaptiveface\data\rmfd\AFDB_face_dataset\lvjiarong\0_0_lvjiarong_0002.jpg,False,True,False,full,0.3183014392852783,tanweiwei
naive,Eduardo_Romero,C:\Users\tahak\ogproject\adaptiveface\data\lfw\Eduardo_Romero\Eduardo_Romero_0001.jpg,False,False,False,full,0.1270337998867035,zhourunfa
naive,Celso_Amorim,C:\Users\tahak\ogproject\adaptiveface\data\lfw\Celso_Amorim\Celso_Amorim_0002.jpg,False,False,False,full,0.1267705261707306,xieanqi
naive,zhouxun,C:\Users\tahak\ogproject\adaptiveface\data\rmfd\AFDB_masked_face_dataset\zhouxun\0_0_7.jpg,True,True,True,full,0.2409261167049408,zhouxun
naive,Paul_Reiser,C:\Users\tahak\ogproject\adaptiveface\data\lfw\Paul_Reiser\Paul_Reiser_0001.jpg,False,False,False,full,0.13154864311218262,zhangshaohan
naive,guojingfei,C:\Users\tahak\ogproject\adaptiveface\data\rmfd\AFDB_masked_face_dataset\guojingfei\0_0_0.jpg,True,True,True,full,0.21213987469673157,guojingfei
naive,yinzheng,C:\Users\tahak\ogproject\adaptiveface\data\rmfd\AFDB_face_dataset\yinzheng\1_0_yinzheng_0093.jpg,False,True,False,full,0.4444524049758911,yinzheng
naive,songxiaobo,C:\Users\tahak\ogproject\adaptiveface\data\rmfd\AFDB_face_dataset\songxiaobo\0_0_songxiaobo_0175.jpg,False,True,False,full,0.19974608719348907,chenkun
naive,hanqingzi,C:\Users\tahak\ogproject\adaptiveface\data\rmfd\AFDB_face_dataset\hanqingzi\1_0_hanqingzi_0029.jpg,False,True,False,full,0.27590295672416687,hanqingzi
naive,yinengjing,C:\Users\tahak\ogproject\adaptiveface\data\rmfd\AFDB_masked_face_dataset\yinengjing\0_0_30.jpg,True,True,True,full,0.30903124809265137,yinengjing
naive,lixiang,C:\Users\tahak\ogproject\adaptiveface\data\rmfd\AFDB_masked_face_dataset\lixiang\1_0_19.jpg,True,True,True,full,0.15788036584854126,guojingfei
naive,dazhangwei,C:\Users\tahak\ogproject\adaptiveface\data\rmfd\AFDB_masked_face_dataset\dazhangwei\1_1_16.jpg,True,True,True,full,0.25018075108528137,jiangkaitong
naive,liyifeng,C:\Users\tahak\ogproject\adaptiveface\data\rmfd\AFDB_masked_face_dataset\liyifeng\0_0_3.jpg,True,True,True,full,0.1750107705593109,zhangluyi
naive,liushishi,C:\Users\tahak\ogproject\adaptiveface\data\rmfd\AFDB_face_dataset\liushishi\0_0_liushishi_0037.jpg,False,True,False,full,0.2741306722164154,linyuan
naive,Eliane_Karp,C:\Users\tahak\ogproject\adaptiveface\data\lfw\Eliane_Karp\Eliane_Karp_0001.jpg,False,False,False,full,0.14171519875526428,zhouxun
naive,weidaxun,C:\Users\tahak\ogproject\adaptiveface\data\rmfd\AFDB_masked_face_dataset\weidaxun\0_0_16.jpg,True,True,True,full,0.24566201865673065,weidaxun
naive,zhangguoli,C:\Users\tahak\ogproject\adaptiveface\data\rmfd\AFDB_masked_face_dataset\zhangguoli\1_1_1.jpg,True,True,False,full,0.21114511787891388,chenkun
naive,Carlos_Moya,C:\Users\tahak\ogproject\adaptiveface\data\lfw\Carlos_Moya\Carlos_Moya_0012.jpg,False,False,False,full,0.11267179250717163,wangqing
naive,wangyu,C:\Users\tahak\ogproject\adaptiveface\data\rmfd\AFDB_face_dataset\wangyu\0_0_wangyu_0164.jpg,False,True,False,full,0.36094143986701965,wangyu
naive,zhangjingjing,C:\Users\tahak\ogproject\adaptiveface\data\rmfd\AFDB_face_dataset\zhangjingjing\1_0_zhangjingjing_0014.jpg,False,True,False,full,0.1381767988204956,mali
naive,linxinru,C:\Users\tahak\ogproject\adaptiveface\data\rmfd\AFDB_face_dataset\linxinru\0_0_linxinru_0135.jpg,False,True,False,full,0.5016037821769714,linxinru
naive,qiuze,C:\Users\tahak\ogproject\adaptiveface\data\rmfd\AFDB_face_dataset\qiuze\1_0_qiuze_0011.jpg,False,True,False,full,0.5633423328399658,qiuze
naive,zhangshaohan,C:\Users\tahak\ogproject\adaptiveface\data\rmfd\AFDB_face_dataset\zhangshaohan\1_0_zhangshaohan_0144.jpg,False,True,False,full,0.44382795691490173,zhangshaohan
naive,Jimmy_Smits,C:\Users\tahak\ogproject\adaptiveface\data\lfw\Jimmy_Smits\Jimmy_Smits_0001.jpg,False,False,False,full,0.17488563060760498,zhaoyazhi
naive,xieanqi,C:\Users\tahak\ogproject\adaptiveface\data\rmfd\AFDB_face_dataset\xieanqi\1_0_xieanqi_0048.jpg,False,True,False,full,0.293030709028244,xieanqi
naive,hejiong,C:\Users\tahak\ogproject\adaptiveface\data\rmfd\AFDB_masked_face_dataset\hejiong\0_0_3.jpg,True,True,True,full,0.31281155347824097,hejiong
naive,zhaoyihuan,C:\Users\tahak\ogproject\adaptiveface\data\rmfd\AFDB_masked_face_dataset\zhaoyihuan\0_0_1.jpg,True,True,True,full,0.2312677502632141,liuyifei
naive,huangxiaoming,C:\Users\tahak\ogproject\adaptiveface\data\rmfd\AFDB_masked_face_dataset\huangxiaoming\0_0_5.jpg,True,True,True,full,0.24079084396362305,huangxiaoming
naive,gongbeibi,C:\Users\tahak\ogproject\adaptiveface\data\rmfd\AFDB_face_dataset\gongbeibi\0_0_gongbeibi_0071.jpg,False,True,False,full,0.48260122537612915,gongbeibi
naive,liuxiang,C:\Users\tahak\ogproject\adaptiveface\data\rmfd\AFDB_face_dataset\liuxiang\1_0_liuxiang_0156.jpg,False,True,False,full,0.471358060836792,liuxiang
naive,Roberto_Cercelletta,C:\Users\tahak\ogproject\adaptiveface\data\lfw\Roberto_Cercelletta\Roberto_Cercelletta_0001.jpg,False,False,False,full,0.13509488105773926,daipeini
naive,linyuan,C:\Users\tahak\ogproject\adaptiveface\data\rmfd\AFDB_face_dataset\linyuan\1_0_linyuan_0170.jpg,False,True,False,full,0.2971353232860565,linyuan
naive,Nicanor_Duarte_Frutos,C:\Users\tahak\ogproject\adaptiveface\data\lfw\Nicanor_Duarte_Frutos\Nicanor_Duarte_Frutos_0007.jpg,False,False,False,full,0.16453874111175537,liudehua
naive,Zoran_Djindjic,C:\Users\tahak\ogproject\adaptiveface\data\lfw\Zoran_Djindjic\Zoran_Djindjic_0001.jpg,False,False,False,full,0.12076099216938019,yinzheng
naive,qiuze,C:\Users\tahak\ogproject\adaptiveface\data\rmfd\AFDB_masked_face_dataset\qiuze\0_0_0.jpg,True,True,True,full,0.3711611032485962,qiuze
naive,chenxiang,C:\Users\tahak\ogproject\adaptiveface\data\rmfd\AFDB_masked_face_dataset\chenxiang\0_0_1.jpg,True,True,True,full,0.2490779161453247,chenxiang
naive,Sammy_Sosa,C:\Users\tahak\ogproject\adaptiveface\data\lfw\Sammy_Sosa\Sammy_Sosa_0001.jpg,False,False,False,full,0.1454468071460724,mali
naive,zhangluyi,C:\Users\tahak\ogproject\adaptiveface\data\rmfd\AFDB_face_dataset\zhangluyi\1_0_zhangluyi_0047.jpg,False,True,False,full,0.6534512639045715,zhangluyi
naive,Mel_Gibson,C:\Users\tahak\ogproject\adaptiveface\data\lfw\Mel_Gibson\Mel_Gibson_0002.jpg,False,False,False,full,0.1425018310546875,yangqianhua
naive,liuyifei,C:\Users\tahak\ogproject\adaptiveface\data\rmfd\AFDB_masked_face_dataset\liuyifei\0_0_0.jpg,True,True,True,full,0.41190165281295776,liuyifei
naive,Ascencion_Barajas,C:\Users\tahak\ogproject\adaptiveface\data\lfw\Ascencion_Barajas\Ascencion_Barajas_0001.jpg,False,False,False,full,0.11463558673858643,jianailiang
naive,Nicanor_Duarte_Frutos,C:\Users\tahak\ogproject\adaptiveface\data\lfw\Nicanor_Duarte_Frutos\Nicanor_Duarte_Frutos_0011.jpg,False,False,False,full,0.1605607271194458,zhengyecheng
naive,Jason_Statham,C:\Users\tahak\ogproject\adaptiveface\data\lfw\Jason_Statham\Jason_Statham_0001.jpg,False,False,False,full,0.1302040070295334,zhangtianai
naive,Brandon_Lloyd,C:\Users\tahak\ogproject\adaptiveface\data\lfw\Brandon_Lloyd\Brandon_Lloyd_0001.jpg,False,False,False,full,0.14296334981918335,liyifeng
naive,jiangkaitong,C:\Users\tahak\ogproject\adaptiveface\data\rmfd\AFDB_masked_face_dataset\jiangkaitong\0_0_4.jpg,True,True,False,full,0.2737749218940735,jiangkaitong
naive,liuye,C:\Users\tahak\ogproject\adaptiveface\data\rmfd\AFDB_masked_face_dataset\liuye\0_0_0.jpg,True,True,True,full,0.4252749979496002,liuye
naive,Nicanor_Duarte_Frutos,C:\Users\tahak\ogproject\adaptiveface\data\lfw\Nicanor_Duarte_Frutos\Nicanor_Duarte_Frutos_0001.jpg,False,False,False,full,0.1500251293182373,zhengyecheng
naive,Ian_McKellen,C:\Users\tahak\ogproject\adaptiveface\data\lfw\Ian_McKellen\Ian_McKellen_0001.jpg,False,False,False,full,0.12299782037734985,raowei
naive,Tommy_Amaker,C:\Users\tahak\ogproject\adaptiveface\data\lfw\Tommy_Amaker\Tommy_Amaker_0001.jpg,False,False,False,full,0.12455443292856216,jianghongbo
naive,maoxiaotong,C:\Users\tahak\ogproject\adaptiveface\data\rmfd\AFDB_masked_face_dataset\maoxiaotong\0_0_19.jpg,True,True,True,full,0.21289798617362976,wangyuan
naive,mali,C:\Users\tahak\ogproject\adaptiveface\data\rmfd\AFDB_masked_face_dataset\mali\0_0_2.jpg,True,True,True,full,0.2619089186191559,mali
naive,liusongren,C:\Users\tahak\ogproject\adaptiveface\data\rmfd\AFDB_face_dataset\liusongren\1_0_liusongren_0104.jpg,False,True,False,full,0.6008325815200806,liusongren
naive,liuqianhan,C:\Users\tahak\ogproject\adaptiveface\data\rmfd\AFDB_masked_face_dataset\liuqianhan\1_0_0.jpg,True,True,True,full,0.2430679351091385,liuqianhan
naive,jiangyiyi,C:\Users\tahak\ogproject\adaptiveface\data\rmfd\AFDB_face_dataset\jiangyiyi\1_0_jiangyiyi_0067.jpg,False,True,False,full,0.35978204011917114,jiangyiyi
naive,matianyu,C:\Users\tahak\ogproject\adaptiveface\data\rmfd\AFDB_face_dataset\matianyu\1_0_matianyu_0069.jpg,False,True,False,full,0.6051818132400513,matianyu
naive,jianailiang,C:\Users\tahak\ogproject\adaptiveface\data\rmfd\AFDB_masked_face_dataset\jianailiang\1_0_1.jpg,True,True,True,full,0.19625148177146912,jianailiang
naive,Bernard_Law,C:\Users\tahak\ogproject\adaptiveface\data\lfw\Bernard_Law\Bernard_Law_0004.jpg,False,False,False,full,0.1309232860803604,mali
naive,chenkun,C:\Users\tahak\ogproject\adaptiveface\data\rmfd\AFDB_face_dataset\chenkun\1_0_chenkun_0050.jpg,False,True,False,full,0.4848344922065735,chenkun
naive,licaihua,C:\Users\tahak\ogproject\adaptiveface\data\rmfd\AFDB_masked_face_dataset\licaihua\0_0_0.jpg,True,True,True,full,0.3364955186843872,licaihua
naive,Bernard_Siegel,C:\Users\tahak\ogproject\adaptiveface\data\lfw\Bernard_Siegel\Bernard_Siegel_0001.jpg,False,False,False,full,0.11986618489027023,wangou
naive,Kifah_Ajouri,C:\Users\tahak\ogproject\adaptiveface\data\lfw\Kifah_Ajouri\Kifah_Ajouri_0001.jpg,False,False,False,full,0.11943261325359344,zhaoliying
naive,guofucheng,C:\Users\tahak\ogproject\adaptiveface\data\rmfd\AFDB_masked_face_dataset\guofucheng\1_0_6.jpg,True,True,True,full,0.30612266063690186,guofucheng
naive,wangkai,C:\Users\tahak\ogproject\adaptiveface\data\rmfd\AFDB_masked_face_dataset\wangkai\0_0_0.jpg,True,True,True,full,0.35314857959747314,wangkai
naive,wangzuxian,C:\Users\tahak\ogproject\adaptiveface\data\rmfd\AFDB_masked_face_dataset\wangzuxian\0_0_16.jpg,True,True,True,full,0.3200604319572449,wangzuxian
naive,tangwei,C:\Users\tahak\ogproject\adaptiveface\data\rmfd\AFDB_masked_face_dataset\tangwei\0_0_0.jpg,True,True,True,full,0.3281397223472595,tangwei
naive,Carlos_Moya,C:\Users\tahak\ogproject\adaptiveface\data\lfw\Carlos_Moya\Carlos_Moya_0006.jpg,False,False,False,full,0.15163341164588928,mali
naive,Martha_Lucia_Ramirez,C:\Users\tahak\ogproject\adaptiveface\data\lfw\Martha_Lucia_Ramirez\Martha_Lucia_Ramirez_0001.jpg,False,False,False,full,0.16472776234149933,zhaoyazhi
naive,zhangzifeng,C:\Users\tahak\ogproject\adaptiveface\data\rmfd\AFDB_masked_face_dataset\zhangzifeng\1_0_19.jpg,True,True,False,full,0.4193984866142273,zhangzifeng
naive,caobingkun,C:\Users\tahak\ogproject\adaptiveface\data\rmfd\AFDB_masked_face_dataset\caobingkun\0_0_11.jpg,True,True,True,full,0.3214493989944458,caobingkun
naive,liuruilin,C:\Users\tahak\ogproject\adaptiveface\data\rmfd\AFDB_face_dataset\liuruilin\1_0_liuruilin_0293.jpg,False,True,False,full,0.3553377389907837,liuruilin
naive,fengjianyu,C:\Users\tahak\ogproject\adaptiveface\data\rmfd\AFDB_face_dataset\fengjianyu\1_0_fengjianyu_0103.jpg,False,True,False,full,0.2725682854652405,fengjianyu
naive,handongjun,C:\Users\tahak\ogproject\adaptiveface\data\rmfd\AFDB_masked_face_dataset\handongjun\0_0_3.jpg,True,True,True,full,0.2412564754486084,xietingfeng
naive,shenmengchen,C:\Users\tahak\ogproject\adaptiveface\data\rmfd\AFDB_masked_face_dataset\shenmengchen\0_0_13.jpg,True,True,True,full,0.21619287133216858,xieanqi
naive,zhangluyi,C:\Users\tahak\ogproject\adaptiveface\data\rmfd\AFDB_face_dataset\zhangluyi\1_0_zhangluyi_0103.jpg,False,True,False,full,0.6163477897644043,zhangluyi
naive,mali,C:\Users\tahak\ogproject\adaptiveface\data\rmfd\AFDB_masked_face_dataset\mali\0_0_0.jpg,True,True,True,full,0.3096325397491455,mali
naive,lufangsheng,C:\Users\tahak\ogproject\adaptiveface\data\rmfd\AFDB_masked_face_dataset\lufangsheng\0_0_0.jpg,True,True,True,full,0.3547331690788269,lufangsheng
naive,Zoran_Djindjic,C:\Users\tahak\ogproject\adaptiveface\data\lfw\Zoran_Djindjic\Zoran_Djindjic_0004.jpg,False,False,False,full,0.12470181286334991,yinzheng
naive,xuzheng,C:\Users\tahak\ogproject\adaptiveface\data\rmfd\AFDB_face_dataset\xuzheng\1_0_xuzheng_0059.jpg,False,True,False,full,0.43713855743408203,xuzheng
naive,huojianhua,C:\Users\tahak\ogproject\adaptiveface\data\rmfd\AFDB_face_dataset\huojianhua\1_0_huojianhua_0128.jpg,False,True,False,full,0.4012517035007477,huojianhua
naive,xietingfeng,C:\Users\tahak\ogproject\adaptiveface\data\rmfd\AFDB_masked_face_dataset\xietingfeng\0_0_2.jpg,True,True,True,full,0.20793890953063965,xiaozhan
naive,zhaoliying,C:\Users\tahak\ogproject\adaptiveface\data\rmfd\AFDB_masked_face_dataset\zhaoliying\1_1_23.jpg,True,True,True,full,0.3036544919013977,zhaoliying
naive,zhangguoli,C:\Users\tahak\ogproject\adaptiveface\data\rmfd\AFDB_face_dataset\zhangguoli\1_0_zhangguoli_0139.jpg,False,True,False,full,0.5156324505805969,zhangguoli
naive,guofucheng,C:\Users\tahak\ogproject\adaptiveface\data\rmfd\AFDB_face_dataset\guofucheng\1_0_guofucheng_0024.jpg,False,True,False,full,0.4781399965286255,guofucheng
naive,liuqianhan,C:\Users\tahak\ogproject\adaptiveface\data\rmfd\AFDB_face_dataset\liuqianhan\1_0_liuqianhan_0032.jpg,False,True,False,full,0.18276861310005188,zhouxun
naive,huashao,C:\Users\tahak\ogproject\adaptiveface\data\rmfd\AFDB_masked_face_dataset\huashao\0_0_0.jpg,True,True,True,full,0.2035824954509735,fengjianyu
naive,xiena,C:\Users\tahak\ogproject\adaptiveface\data\rmfd\AFDB_masked_face_dataset\xiena\0_0_8.jpg,True,True,True,full,0.15196195244789124,liuyifei
naive,linxinru,C:\Users\tahak\ogproject\adaptiveface\data\rmfd\AFDB_face_dataset\linxinru\1_0_linxinru_0242.jpg,False,True,False,full,0.49112027883529663,linxinru
naive,guanxiaotong,C:\Users\tahak\ogproject\adaptiveface\data\rmfd\AFDB_face_dataset\guanxiaotong\1_0_guanxiaotong_0016.jpg,False,True,False,full,0.41212576627731323,guanxiaotong
naive,shuqi,C:\Users\tahak\ogproject\adaptiveface\data\rmfd\AFDB_face_dataset\shuqi\1_0_shuqi_0023.jpg,False,True,False,full,0.32952171564102173,zhouxun
naive,lixirui,C:\Users\tahak\ogproject\adaptiveface\data\rmfd\AFDB_masked_face_dataset\lixirui\1_0_0.jpg,True,True,True,full,0.23356285691261292,lixirui
naive,songqian,C:\Users\tahak\ogproject\adaptiveface\data\rmfd\AFDB_masked_face_dataset\songqian\1_0_17.jpg,True,True,True,full,0.13904380798339844,yangqianhua
naive,ruanjingtian,C:\Users\tahak\ogproject\adaptiveface\data\rmfd\AFDB_masked_face_dataset\ruanjingtian\0_0_1.jpg,True,True,True,full,0.3270970284938812,jiangjinfu
naive,liyifeng,C:\Users\tahak\ogproject\adaptiveface\data\rmfd\AFDB_face_dataset\liyifeng\1_0_liyifeng_0142.jpg,False,True,False,full,0.3785381317138672,liyifeng
naive,yanni,C:\Users\tahak\ogproject\adaptiveface\data\rmfd\AFDB_masked_face_dataset\yanni\0_0_13.jpg,True,True,True,full,0.16167354583740234,yanni
naive,caobingkun,C:\Users\tahak\ogproject\adaptiveface\data\rmfd\AFDB_face_dataset\caobingkun\1_0_caobingkun_0234.jpg,False,True,False,full,0.44730284810066223,caobingkun
naive,chenfarong,C:\Users\tahak\ogproject\adaptiveface\data\rmfd\AFDB_face_dataset\chenfarong\1_0_chenfarong_0152.jpg,False,True,False,full,0.5322214365005493,chenfarong
naive,yanni,C:\Users\tahak\ogproject\adaptiveface\data\rmfd\AFDB_face_dataset\yanni\1_0_yanni_0039.jpg,False,True,False,full,0.42126017808914185,yanni
naive,tongliya,C:\Users\tahak\ogproject\adaptiveface\data\rmfd\AFDB_face_dataset\tongliya\0_0_tongliya_0169.jpg,False,True,False,full,0.6388838291168213,tongliya
naive,zhengkai,C:\Users\tahak\ogproject\adaptiveface\data\rmfd\AFDB_masked_face_dataset\zhengkai\0_1_10.jpg,True,True,True,full,0.26807472109794617,zhengkai
naive,huangbo,C:\Users\tahak\ogproject\adaptiveface\data\rmfd\AFDB_masked_face_dataset\huangbo\0_0_0.jpg,True,True,True,full,0.4084174335002899,huangbo
naive,hujing,C:\Users\tahak\ogproject\adaptiveface\data\rmfd\AFDB_masked_face_dataset\hujing\0_0_33.jpg,True,True,True,full,0.37454289197921753,hujing
naive,chenxiang,C:\Users\tahak\ogproject\adaptiveface\data\rmfd\AFDB_face_dataset\chenxiang\1_0_chenxiang_0002.jpg,False,True,False,full,0.2737451493740082,chenxiang
naive,mowenwei,C:\Users\tahak\ogproject\adaptiveface\data\rmfd\AFDB_masked_face_dataset\mowenwei\0_0_1.jpg,True,True,True,full,0.19350425899028778,mowenwei
naive,huangbo,C:\Users\tahak\ogproject\adaptiveface\data\rmfd\AFDB_masked_face_dataset\huangbo\0_0_1.jpg,True,True,True,full,0.38332599401474,huangbo
naive,masichun,C:\Users\tahak\ogproject\adaptiveface\data\rmfd\AFDB_face_dataset\masichun\1_0_masichun_0171.jpg,False,True,False,full,0.44564616680145264,masichun
naive,caizhuoyan,C:\Users\tahak\ogproject\adaptiveface\data\rmfd\AFDB_face_dataset\caizhuoyan\1_0_caizhuoyan_0077.jpg,False,True,False,full,0.35948026180267334,caizhuoyan
naive,chenjiaqi,C:\Users\tahak\ogproject\adaptiveface\data\rmfd\AFDB_masked_face_dataset\chenjiaqi\0_0_0.jpg,True,True,True,full,0.16035668551921844,huangbo
naive,Ian_McKellen,C:\Users\tahak\ogproject\adaptiveface\data\lfw\Ian_McKellen\Ian_McKellen_0003.jpg,False,False,False,full,0.16027405858039856,lianghanwen
naive,shuqi,C:\Users\tahak\ogproject\adaptiveface\data\rmfd\AFDB_masked_face_dataset\shuqi\0_0_3.jpg,True,True,True,full,0.18380151689052582,raowei
naive,Carlos_Moya,C:\Users\tahak\ogproject\adaptiveface\data\lfw\Carlos_Moya\Carlos_Moya_0011.jpg,False,False,False,full,0.15327243506908417,huojianhua
naive,linxinru,C:\Users\tahak\ogproject\adaptiveface\data\rmfd\AFDB_masked_face_dataset\linxinru\0_0_9.jpg,True,True,True,full,0.320245623588562,linxinru
naive,liuxiang,C:\Users\tahak\ogproject\adaptiveface\data\rmfd\AFDB_masked_face_dataset\liuxiang\1_0_11.jpg,True,True,True,full,0.19740131497383118,caiguoqing
naive,xiongdailin,C:\Users\tahak\ogproject\adaptiveface\data\rmfd\AFDB_face_dataset\xiongdailin\1_0_xiongdailin_0027.jpg,False,True,False,full,0.5883896946907043,xiongdailin
naive,lidaimo,C:\Users\tahak\ogproject\adaptiveface\data\rmfd\AFDB_face_dataset\lidaimo\1_0_lidaimo_0207.jpg,False,True,False,full,0.38674935698509216,lidaimo
naive,Nicanor_Duarte_Frutos,C:\Users\tahak\ogproject\adaptiveface\data\lfw\Nicanor_Duarte_Frutos\Nicanor_Duarte_Frutos_0008.jpg,False,False,False,full,0.16346688568592072,wuzhenyu
naive,fengjianyu,C:\Users\tahak\ogproject\adaptiveface\data\rmfd\AFDB_face_dataset\fengjianyu\0_0_fengjianyu_0016.jpg,False,True,False,full,0.3050524592399597,fengjianyu
naive,Kenneth_Brill,C:\Users\tahak\ogproject\adaptiveface\data\lfw\Kenneth_Brill\Kenneth_Brill_0001.jpg,False,False,False,full,0.14964008331298828,wangyu
naive,panyueming,C:\Users\tahak\ogproject\adaptiveface\data\rmfd\AFDB_masked_face_dataset\panyueming\0_0_0.jpg,True,True,True,full,0.24881592392921448,liyapeng
naive,caiguoqing,C:\Users\tahak\ogproject\adaptiveface\data\rmfd\AFDB_face_dataset\caiguoqing\1_0_caiguoqing_0126.jpg,False,True,False,full,0.5705762505531311,caiguoqing
naive,xiongdailin,C:\Users\tahak\ogproject\adaptiveface\data\rmfd\AFDB_face_dataset\xiongdailin\1_0_xiongdailin_0083.jpg,False,True,False,full,0.6826940178871155,xiongdailin
naive,liuruilin,C:\Users\tahak\ogproject\adaptiveface\data\rmfd\AFDB_masked_face_dataset\liuruilin\0_0_0.jpg,True,True,True,full,0.26344767212867737,liuruilin
naive,masichun,C:\Users\tahak\ogproject\adaptiveface\data\rmfd\AFDB_masked_face_dataset\masichun\0_0_4.png,True,True,True,full,0.2662598490715027,xuhao
naive,Carlo_Ancelotti,C:\Users\tahak\ogproject\adaptiveface\data\lfw\Carlo_Ancelotti\Carlo_Ancelotti_0001.jpg,False,False,False,full,0.12815552949905396,mali
naive,lanyingying,C:\Users\tahak\ogproject\adaptiveface\data\rmfd\AFDB_masked_face_dataset\lanyingying\1_1_2.jpg,True,True,True,full,0.29853159189224243,lanyingying
naive,sunyizhou,C:\Users\tahak\ogproject\adaptiveface\data\rmfd\AFDB_face_dataset\sunyizhou\0_0_sunyizhou_0046.jpg,False,True,False,full,0.4534006118774414,sunyizhou
naive,xudongdong,C:\Users\tahak\ogproject\adaptiveface\data\rmfd\AFDB_face_dataset\xudongdong\1_0_xudongdong_0188.jpg,False,True,False,full,0.3019918203353882,xudongdong
naive,huangxiaoming,C:\Users\tahak\ogproject\adaptiveface\data\rmfd\AFDB_face_dataset\huangxiaoming\1_0_huangxiaoming_0199.jpg,False,True,False,full,0.37160393595695496,huangxiaoming
naive,gulinazha,C:\Users\tahak\ogproject\adaptiveface\data\rmfd\AFDB_face_dataset\gulinazha\0_0_gulinazha_0104.jpg,False,True,False,full,0.4136897325515747,gulinazha
naive,chenyi,C:\Users\tahak\ogproject\adaptiveface\data\rmfd\AFDB_face_dataset\chenyi\1_0_chenyi_0076.jpg,False,True,False,full,0.5605204105377197,chenyi
naive,Zach_Safrin,C:\Users\tahak\ogproject\adaptiveface\data\lfw\Zach_Safrin\Zach_Safrin_0001.jpg,False,False,False,full,0.14149533212184906,lvjiarong
naive,Pascal_Rheaume,C:\Users\tahak\ogproject\adaptiveface\data\lfw\Pascal_Rheaume\Pascal_Rheaume_0001.jpg,False,False,False,full,0.12724897265434265,liyifeng
naive,jingbairan,C:\Users\tahak\ogproject\adaptiveface\data\rmfd\AFDB_face_dataset\jingbairan\1_0_jingbairan_0103.jpg,False,True,False,full,0.4863569736480713,jingbairan
naive,zhangxueying,C:\Users\tahak\ogproject\adaptiveface\data\rmfd\AFDB_masked_face_dataset\zhangxueying\0_0_1.jpg,True,True,True,full,0.3739534616470337,zhangxueying
naive,xuzheng,C:\Users\tahak\ogproject\adaptiveface\data\rmfd\AFDB_masked_face_dataset\xuzheng\0_0_11.jpg,True,True,False,full,0.12353558838367462,zhangbo
naive,huashao,C:\Users\tahak\ogproject\adaptiveface\data\rmfd\AFDB_face_dataset\huashao\0_0_huashao_0109.jpg,False,True,False,full,0.1743294596672058,fengjianyu
naive,guojingjing,C:\Users\tahak\ogproject\adaptiveface\data\rmfd\AFDB_face_dataset\guojingjing\0_0_guojingjing_0005.jpg,False,True,False,full,0.4686123728752136,guojingjing
naive,Carlo_Ancelotti,C:\Users\tahak\ogproject\adaptiveface\data\lfw\Carlo_Ancelotti\Carlo_Ancelotti_0002.jpg,False,False,False,full,0.14564839005470276,mali
naive,Keith_Bogans,C:\Users\tahak\ogproject\adaptiveface\data\lfw\Keith_Bogans\Keith_Bogans_0002.jpg,False,False,False,full,0.14862966537475586,zhangbinbin
naive,fengjianyu,C:\Users\tahak\ogproject\adaptiveface\data\rmfd\AFDB_masked_face_dataset\fengjianyu\0_0_0.jpg,True,True,True,full,0.2965296506881714,fengjianyu
naive,zhangxueyou,C:\Users\tahak\ogproject\adaptiveface\data\rmfd\AFDB_masked_face_dataset\zhangxueyou\0_0_0.jpg,True,True,True,full,0.37480252981185913,zhangxueyou
naive,maoxiaotong,C:\Users\tahak\ogproject\adaptiveface\data\rmfd\AFDB_face_dataset\maoxiaotong\1_0_maoxiaotong_0037.jpg,False,True,False,full,0.25726500153541565,maoxiaotong
naive,wulei,C:\Users\tahak\ogproject\adaptiveface\data\rmfd\AFDB_face_dataset\wulei\1_0_wulei_0131.jpg,False,True,False,full,0.29956334829330444,wulei
naive,gutianle,C:\Users\tahak\ogproject\adaptiveface\data\rmfd\AFDB_masked_face_dataset\gutianle\0_1_6.jpg,True,True,True,full,0.32597124576568604,huge
naive,gutianle,C:\Users\tahak\ogproject\adaptiveface\data\rmfd\AFDB_face_dataset\gutianle\1_0_gutianle_0124.jpg,False,True,False,full,0.5728063583374023,gutianle
naive,liuqianhan,C:\Users\tahak\ogproject\adaptiveface\data\rmfd\AFDB_face_dataset\liuqianhan\1_0_liuqianhan_0255.jpg,False,True,False,full,0.5032573938369751,liuqianhan
naive,huangzitao,C:\Users\tahak\ogproject\adaptiveface\data\rmfd\AFDB_masked_face_dataset\huangzitao\0_0_11.jpg,True,True,False,full,0.1984744518995285,zhangbinbin
naive,Carlos_Moya,C:\Users\tahak\ogproject\adaptiveface\data\lfw\Carlos_Moya\Carlos_Moya_0008.jpg,False,False,False,full,0.12327441573143005,zhaoliying
naive,Rafeeuddin_Ahmed,C:\Users\tahak\ogproject\adaptiveface\data\lfw\Rafeeuddin_Ahmed\Rafeeuddin_Ahmed_0001.jpg,False,False,False,full,0.11379379034042358,yangzi
naive,zhouxun,C:\Users\tahak\ogproject\adaptiveface\data\rmfd\AFDB_face_dataset\zhouxun\0_0_zhouxun_0157.jpg,False,True,False,full,0.3576437532901764,zhouxun
naive,zhaoyihuan,C:\Users\tahak\ogproject\adaptiveface\data\rmfd\AFDB_masked_face_dataset\zhaoyihuan\0_0_0.jpg,True,True,True,full,0.29543304443359375,liuyifei
naive,wangou,C:\Users\tahak\ogproject\adaptiveface\data\rmfd\AFDB_face_dataset\wangou\1_0_wangou_0203.jpg,False,True,False,full,0.4097403287887573,wangou
naive,licaihua,C:\Users\tahak\ogproject\adaptiveface\data\rmfd\AFDB_face_dataset\licaihua\0_0_licaihua_0197.jpg,False,True,False,full,0.49243417382240295,licaihua
naive,mowenwei,C:\Users\tahak\ogproject\adaptiveface\data\rmfd\AFDB_face_dataset\mowenwei\1_0_mowenwei_0050.jpg,False,True,False,full,0.4391159415245056,mowenwei
naive,caobingkun,C:\Users\tahak\ogproject\adaptiveface\data\rmfd\AFDB_face_dataset\caobingkun\0_0_caobingkun_0198.jpg,False,True,False,full,0.5550582408905029,caobingkun
naive,liusongren,C:\Users\tahak\ogproject\adaptiveface\data\rmfd\AFDB_face_dataset\liusongren\1_0_liusongren_0081.jpg,False,True,False,full,0.6217477917671204,liusongren
naive,wulei,C:\Users\tahak\ogproject\adaptiveface\data\rmfd\AFDB_face_dataset\wulei\1_0_wulei_0069.jpg,False,True,False,full,0.3562873601913452,wulei
naive,guanxiaotong,C:\Users\tahak\ogproject\adaptiveface\data\rmfd\AFDB_masked_face_dataset\guanxiaotong\0_0_29.jpg,True,True,True,full,0.26137369871139526,zhangxueying
naive,yangzi,C:\Users\tahak\ogproject\adaptiveface\data\rmfd\AFDB_masked_face_dataset\yangzi\0_0_25.jpg,True,True,True,full,0.21608717739582062,zhangxueying
naive,tongkeke,C:\Users\tahak\ogproject\adaptiveface\data\rmfd\AFDB_masked_face_dataset\tongkeke\0_0_3.jpg,True,True,True,full,0.3734115958213806,tongkeke
naive,Tyrone_Medley,C:\Users\tahak\ogproject\adaptiveface\data\lfw\Tyrone_Medley\Tyrone_Medley_0001.jpg,False,False,False,full,0.12605825066566467,zhouxun
naive,dingding,C:\Users\tahak\ogproject\adaptiveface\data\rmfd\AFDB_face_dataset\dingding\1_0_dingding_0011.jpg,False,True,False,full,0.23250547051429749,liuyifei
naive,Tim_Conway,C:\Users\tahak\ogproject\adaptiveface\data\lfw\Tim_Conway\Tim_Conway_0002.jpg,False,False,False,full,0.12041600048542023,chenkun
naive,Lawrence_MacAulay,C:\Users\tahak\ogproject\adaptiveface\data\lfw\Lawrence_MacAulay\Lawrence_MacAulay_0001.jpg,False,False,False,full,0.15773726999759674,xuhao
naive,lanyingying,C:\Users\tahak\ogproject\adaptiveface\data\rmfd\AFDB_masked_face_dataset\lanyingying\1_0_2.jpg,True,True,True,full,0.2342977523803711,wulei
naive,matianyu,C:\Users\tahak\ogproject\adaptiveface\data\rmfd\AFDB_masked_face_dataset\matianyu\0_0_0.jpg,True,True,True,full,0.22238124907016754,zhangluyi
naive,linjing,C:\Users\tahak\ogproject\adaptiveface\data\rmfd\AFDB_masked_face_dataset\linjing\0_0_0.jpeg,True,True,False,full,0.28496187925338745,gulinazha
naive,wangluodan,C:\Users\tahak\ogproject\adaptiveface\data\rmfd\AFDB_face_dataset\wangluodan\1_0_wangluodan_0010.jpg,False,True,False,full,0.459405779838562,wangluodan
naive,Mark_Hurlbert,C:\Users\tahak\ogproject\adaptiveface\data\lfw\Mark_Hurlbert\Mark_Hurlbert_0003.jpg,False,False,False,full,0.11167463660240173,jianailiang
naive,songxiaobo,C:\Users\tahak\ogproject\adaptiveface\data\rmfd\AFDB_masked_face_dataset\songxiaobo\0_0_1.jpg,True,True,True,full,0.17685875296592712,liuxiang
naive,raowei,C:\Users\tahak\ogproject\adaptiveface\data\rmfd\AFDB_face_dataset\raowei\1_0_raowei_0010.jpg,False,True,False,full,0.40351468324661255,raowei
naive,hanqingzi,C:\Users\tahak\ogproject\adaptiveface\data\rmfd\AFDB_face_dataset\hanqingzi\1_0_hanqingzi_0133.jpg,False,True,False,full,0.2675390839576721,hanqingzi
naive,Billy_Sollie,C:\Users\tahak\ogproject\adaptiveface\data\lfw\Billy_Sollie\Billy_Sollie_0002.jpg,False,False,False,full,0.1612013578414917,hanqingzi
naive,huangxiaoming,C:\Users\tahak\ogproject\adaptiveface\data\rmfd\AFDB_face_dataset\huangxiaoming\1_0_huangxiaoming_0088.jpg,False,True,False,full,0.4679238796234131,huangxiaoming
naive,lianghanwen,C:\Users\tahak\ogproject\adaptiveface\data\rmfd\AFDB_face_dataset\lianghanwen\1_0_lianghanwen_0210.jpg,False,True,False,full,0.4692614674568176,lianghanwen
naive,Carlos_Moya,C:\Users\tahak\ogproject\adaptiveface\data\lfw\Carlos_Moya\Carlos_Moya_0013.jpg,False,False,False,full,0.12049776315689087,maoxiaotong
naive,zhaoyazhi,C:\Users\tahak\ogproject\adaptiveface\data\rmfd\AFDB_masked_face_dataset\zhaoyazhi\1_1_6.jpg,True,True,True,full,0.16156156361103058,chenjiaqi
naive,liyifeng,C:\Users\tahak\ogproject\adaptiveface\data\rmfd\AFDB_masked_face_dataset\liyifeng\0_0_13.jpg,True,True,True,full,0.23298540711402893,xiaozhan
naive,xiaozhan,C:\Users\tahak\ogproject\adaptiveface\data\rmfd\AFDB_face_dataset\xiaozhan\0_0_xiaozhan_0191.jpg,False,True,False,full,0.48061683773994446,xiaozhan
naive,Carlos_Moya,C:\Users\tahak\ogproject\adaptiveface\data\lfw\Carlos_Moya\Carlos_Moya_0001.jpg,False,False,False,full,0.14044414460659027,wangqing
naive,zhangyi,C:\Users\tahak\ogproject\adaptiveface\data\rmfd\AFDB_face_dataset\zhangyi\1_0_zhangyi_0256.jpg,False,True,False,full,0.42916521430015564,zhangyi
naive,zhangxinyu,C:\Users\tahak\ogproject\adaptiveface\data\rmfd\AFDB_masked_face_dataset\zhangxinyu\1_0_0.jpg,True,True,False,full,0.26538601517677307,zhangtianai
naive,Keith_Bogans,C:\Users\tahak\ogproject\adaptiveface\data\lfw\Keith_Bogans\Keith_Bogans_0003.jpg,False,False,False,full,0.14402146637439728,yangzi
naive,xinzhilei,C:\Users\tahak\ogproject\adaptiveface\data\rmfd\AFDB_face_dataset\xinzhilei\1_0_xinzhilei_0068.jpg,False,True,False,full,0.39936402440071106,xinzhilei
naive,Nicanor_Duarte_Frutos,C:\Users\tahak\ogproject\adaptiveface\data\lfw\Nicanor_Duarte_Frutos\Nicanor_Duarte_Frutos_0004.jpg,False,False,False,full,0.15074574947357178,liudehua
naive,zhanghuiwen,C:\Users\tahak\ogproject\adaptiveface\data\rmfd\AFDB_masked_face_dataset\zhanghuiwen\0_0_2.jpg,True,True,True,full,0.30436837673187256,zhanghuiwen
naive,Claudia_Coslovich,C:\Users\tahak\ogproject\adaptiveface\data\lfw\Claudia_Coslovich\Claudia_Coslovich_0001.jpg,False,False,False,full,0.1373940110206604,caiguoqing
naive,Intisar_Ajouri,C:\Users\tahak\ogproject\adaptiveface\data\lfw\Intisar_Ajouri\Intisar_Ajouri_0002.jpg,False,False,False,full,0.1404857039451599,guofucheng
naive,Carlos_Moya,C:\Users\tahak\ogproject\adaptiveface\data\lfw\Carlos_Moya\Carlos_Moya_0016.jpg,False,False,False,full,0.11972913146018982,zhanghuiwen
naive,wangxiaomin,C:\Users\tahak\ogproject\adaptiveface\data\rmfd\AFDB_face_dataset\wangxiaomin\0_0_wangxiaomin_0179.jpg,False,True,False,full,0.3865475058555603,wangxiaomin
naive,weidaxun,C:\Users\tahak\ogproject\adaptiveface\data\rmfd\AFDB_face_dataset\weidaxun\1_0_weidaxun_0097.jpg,False,True,False,full,0.3586801290512085,weidaxun
naive,tangwei,C:\Users\tahak\ogproject\adaptiveface\data\rmfd\AFDB_face_dataset\tangwei\1_0_tangwei_0239.jpg,False,True,False,full,0.5763522386550903,tangwei
naive,Thomas_Bjorn,C:\Users\tahak\ogproject\adaptiveface\data\lfw\Thomas_Bjorn\Thomas_Bjorn_0001.jpg,False,False,False,full,0.12459919601678848,xiongnaijin
naive,Carlos_Moya,C:\Users\tahak\ogproject\adaptiveface\data\lfw\Carlos_Moya\Carlos_Moya_0007.jpg,False,False,False,full,0.10798060894012451,huangzitao
naive,zhouhuimin,C:\Users\tahak\ogproject\adaptiveface\data\rmfd\AFDB_masked_face_dataset\zhouhuimin\0_0_0.jpg,True,True,True,full,0.2777087986469269,zhouhuimin
naive,Russell_Crowe,C:\Users\tahak\ogproject\adaptiveface\data\lfw\Russell_Crowe\Russell_Crowe_0001.jpg,False,False,False,full,0.15962442755699158,chenxiang
naive,zhanghuiwen,C:\Users\tahak\ogproject\adaptiveface\data\rmfd\AFDB_face_dataset\zhanghuiwen\1_0_zhanghuiwen_0016.jpg,False,True,False,full,0.3514809012413025,zhanghuiwen
naive,dingding,C:\Users\tahak\ogproject\adaptiveface\data\rmfd\AFDB_masked_face_dataset\dingding\0_0_5.jpg,True,True,False,full,0.194851815700531,wangyuan
naive,lianghanwen,C:\Users\tahak\ogproject\adaptiveface\data\rmfd\AFDB_masked_face_dataset\lianghanwen\0_0_0.jpg,True,True,True,full,0.19560237228870392,huojianhua
naive,caiyilin,C:\Users\tahak\ogproject\adaptiveface\data\rmfd\AFDB_face_dataset\caiyilin\1_0_caiyilin_0132.jpg,False,True,False,full,0.3313446044921875,caiyilin
naive,Carlos_Moya,C:\Users\tahak\ogproject\adaptiveface\data\lfw\Carlos_Moya\Carlos_Moya_0019.jpg,False,False,False,full,0.14993301033973694,lianghanwen
naive,tongkeke,C:\Users\tahak\ogproject\adaptiveface\data\rmfd\AFDB_face_dataset\tongkeke\1_0_tongkeke_0067.jpg,False,True,False,full,0.3983761966228485,tongkeke
naive,Pete_Rose,C:\Users\tahak\ogproject\adaptiveface\data\lfw\Pete_Rose\Pete_Rose_0002.jpg,False,False,False,full,0.14200690388679504,yinengjing
naive,zhouhuimin,C:\Users\tahak\ogproject\adaptiveface\data\rmfd\AFDB_face_dataset\zhouhuimin\1_0_zhouhuimin_0212.jpg,False,True,False,full,0.5421979427337646,zhouhuimin
naive,wangou,C:\Users\tahak\ogproject\adaptiveface\data\rmfd\AFDB_masked_face_dataset\wangou\0_0_0.jpg,True,True,True,full,0.2360020875930786,lanyingying
naive,Carlos_Moya,C:\Users\tahak\ogproject\adaptiveface\data\lfw\Carlos_Moya\Carlos_Moya_0009.jpg,False,False,False,full,0.15646106004714966,lianghanwen
naive,Tim_Conway,C:\Users\tahak\ogproject\adaptiveface\data\lfw\Tim_Conway\Tim_Conway_0001.jpg,False,False,False,full,0.09664155542850494,chenkun
naive,Martha_Lucia_Ramirez,C:\Users\tahak\ogproject\adaptiveface\data\lfw\Martha_Lucia_Ramirez\Martha_Lucia_Ramirez_0003.jpg,False,False,False,full,0.14091503620147705,yuyi
naive,Nicanor_Duarte_Frutos,C:\Users\tahak\ogproject\adaptiveface\data\lfw\Nicanor_Duarte_Frutos\Nicanor_Duarte_Frutos_0009.jpg,False,False,False,full,0.1198061853647232,xiaozhan
naive,Nicolas_Kiefer,C:\Users\tahak\ogproject\adaptiveface\data\lfw\Nicolas_Kiefer\Nicolas_Kiefer_0001.jpg,False,False,False,full,0.13675501942634583,caiyilin
naive,qinjunjie,C:\Users\tahak\ogproject\adaptiveface\data\rmfd\AFDB_face_dataset\qinjunjie\1_0_qinjunjie_0079.jpg,False,True,False,full,0.3146510124206543,qinjunjie
naive,guofucheng,C:\Users\tahak\ogproject\adaptiveface\data\rmfd\AFDB_masked_face_dataset\guofucheng\0_0_7.jpg,True,True,True,full,0.30240577459335327,guofucheng
naive,Bilal_Erdogan,C:\Users\tahak\ogproject\adaptiveface\data\lfw\Bilal_Erdogan\Bilal_Erdogan_0001.jpg,False,False,False,full,0.1402275562286377,xiongdailin
naive,Robert_Wagner,C:\Users\tahak\ogproject\adaptiveface\data\lfw\Robert_Wagner\Robert_Wagner_0001.jpg,False,False,False,full,0.15752586722373962,huojianhua
naive,xinzhilei,C:\Users\tahak\ogproject\adaptiveface\data\rmfd\AFDB_masked_face_dataset\xinzhilei\0_0_0.jpg,True,True,True,full,0.19071745872497559,xiaozhan
naive,huozun,C:\Users\tahak\ogproject\adaptiveface\data\rmfd\AFDB_masked_face_dataset\huozun\0_0_4.jpg,True,True,True,full,0.31777459383010864,huozun
naive,qiuze,C:\Users\tahak\ogproject\adaptiveface\data\rmfd\AFDB_masked_face_dataset\qiuze\0_0_2.jpg,True,True,True,full,0.26005053520202637,qiuze
naive,gulinazha,C:\Users\tahak\ogproject\adaptiveface\data\rmfd\AFDB_face_dataset\gulinazha\1_0_gulinazha_0027.jpg,False,True,False,full,0.42476534843444824,gulinazha
naive,jiangjinfu,C:\Users\tahak\ogproject\adaptiveface\data\rmfd\AFDB_face_dataset\jiangjinfu\1_0_jiangjinfu_0043.jpg,False,True,False,full,0.5212669968605042,jiangjinfu
naive,chenfarong,C:\Users\tahak\ogproject\adaptiveface\data\rmfd\AFDB_masked_face_dataset\chenfarong\0_0_0.jpg,True,True,True,full,0.2438022792339325,chenfarong
naive,yeyiqian,C:\Users\tahak\ogproject\adaptiveface\data\rmfd\AFDB_face_dataset\yeyiqian\1_0_yeyiqian_0040.jpg,False,True,False,full,0.3036355674266815,yeyiqian
naive,caiyilin,C:\Users\tahak\ogproject\adaptiveface\data\rmfd\AFDB_face_dataset\caiyilin\1_0_caiyilin_0047.jpg,False,True,False,full,0.5920162200927734,caiyilin
naive,Eliane_Karp,C:\Users\tahak\ogproject\adaptiveface\data\lfw\Eliane_Karp\Eliane_Karp_0004.jpg,False,False,False,full,0.11181110143661499,wangqing
naive,yanni,C:\Users\tahak\ogproject\adaptiveface\data\rmfd\AFDB_face_dataset\yanni\1_0_yanni_0106.jpg,False,True,False,full,0.5516252517700195,yanni
naive,luozhixiang,C:\Users\tahak\ogproject\adaptiveface\data\rmfd\AFDB_face_dataset\luozhixiang\1_0_luozhixiang_0057.jpg,False,True,False,full,0.2718319892883301,yinengjing
naive,liyapeng,C:\Users\tahak\ogproject\adaptiveface\data\rmfd\AFDB_masked_face_dataset\liyapeng\0_0_0.jpg,True,True,True,full,0.3541640043258667,liyapeng
naive,liuyifei,C:\Users\tahak\ogproject\adaptiveface\data\rmfd\AFDB_face_dataset\liuyifei\1_0_liuyifei_0098.jpg,False,True,False,full,0.26121050119400024,liuyifei
naive,gulinazha,C:\Users\tahak\ogproject\adaptiveface\data\rmfd\AFDB_masked_face_dataset\gulinazha\0_0_18.jpg,True,True,True,full,0.3431479036808014,gulinazha
naive,Lawrence_MacAulay,C:\Users\tahak\ogproject\adaptiveface\data\lfw\Lawrence_MacAulay\Lawrence_MacAulay_0002.jpg,False,False,False,full,0.13589619100093842,liyifeng
naive,Bernard_Landry,C:\Users\tahak\ogproject\adaptiveface\data\lfw\Bernard_Landry\Bernard_Landry_0002.jpg,False,False,False,full,0.12890499830245972,lixirui
naive,wulei,C:\Users\tahak\ogproject\adaptiveface\data\rmfd\AFDB_masked_face_dataset\wulei\0_0_1.jpg,True,True,True,full,0.2751767039299011,wulei
naive,guojingfei,C:\Users\tahak\ogproject\adaptiveface\data\rmfd\AFDB_face_dataset\guojingfei\1_0_guojingfei_0126.jpg,False,True,False,full,0.3768436312675476,guojingfei
naive,xuezhiqian,C:\Users\tahak\ogproject\adaptiveface\data\rmfd\AFDB_masked_face_dataset\xuezhiqian\1_0_14.jpg,True,True,True,full,0.21494455635547638,wulei
naive,Michael_Phelps,C:\Users\tahak\ogproject\adaptiveface\data\lfw\Michael_Phelps\Michael_Phelps_0001.jpg,False,False,False,full,0.17847928404808044,mali
naive,Dino_Risi,C:\Users\tahak\ogproject\adaptiveface\data\lfw\Dino_Risi\Dino_Risi_0001.jpg,False,False,False,full,0.14671467244625092,chenxiang
naive,huangxuan,C:\Users\tahak\ogproject\adaptiveface\data\rmfd\AFDB_masked_face_dataset\huangxuan\0_0_11.jpg,True,True,True,full,0.21875128149986267,huangxuan
naive,zhangtianai,C:\Users\tahak\ogproject\adaptiveface\data\rmfd\AFDB_face_dataset\zhangtianai\1_0_zhangtianai_0017.jpg,False,True,False,full,0.40916675329208374,zhangtianai
naive,liyapeng,C:\Users\tahak\ogproject\adaptiveface\data\rmfd\AFDB_face_dataset\liyapeng\1_0_liyapeng_0074.jpg,False,True,False,full,0.4978052079677582,liyapeng
naive,linyuan,C:\Users\tahak\ogproject\adaptiveface\data\rmfd\AFDB_masked_face_dataset\linyuan\0_0_0.jpg,True,True,True,full,0.2228008210659027,linyuan
naive,xuezhiqian,C:\Users\tahak\ogproject\adaptiveface\data\rmfd\AFDB_face_dataset\xuezhiqian\0_0_xuezhiqian_0039.jpg,False,True,False,full,0.22182905673980713,wuzhenyu
naive,wangxiaomin,C:\Users\tahak\ogproject\adaptiveface\data\rmfd\AFDB_face_dataset\wangxiaomin\1_0_wangxiaomin_0135.jpg,False,True,False,full,0.32612287998199463,wangxiaomin
naive,Ann_Landers,C:\Users\tahak\ogproject\adaptiveface\data\lfw\Ann_Landers\Ann_Landers_0001.jpg,False,False,False,full,0.12674617767333984,gutianle
naive,panyueming,C:\Users\tahak\ogproject\adaptiveface\data\rmfd\AFDB_face_dataset\panyueming\1_0_panyueming_0051.jpg,False,True,False,full,0.5432426929473877,panyueming
naive,fanwei,C:\Users\tahak\ogproject\adaptiveface\data\rmfd\AFDB_face_dataset\fanwei\1_0_fanwei_0036.jpg,False,True,False,full,0.4976835250854492,fanwei
naive,shuqi,C:\Users\tahak\ogproject\adaptiveface\data\rmfd\AFDB_face_dataset\shuqi\1_0_shuqi_0004.jpg,False,True,False,full,0.28829216957092285,zhangjingjing
naive,dazhangwei,C:\Users\tahak\ogproject\adaptiveface\data\rmfd\AFDB_face_dataset\dazhangwei\1_0_dazhangwei_0019.jpg,False,True,False,full,0.23258405923843384,zhangxueyou
naive,masu,C:\Users\tahak\ogproject\adaptiveface\data\rmfd\AFDB_masked_face_dataset\masu\0_0_19.jpg,True,True,True,full,0.24582576751708984,lanyingying
naive,pengjing,C:\Users\tahak\ogproject\adaptiveface\data\rmfd\AFDB_face_dataset\pengjing\1_0_pengjing_0017.jpg,False,True,False,full,0.22786074876785278,zhangjingjing
naive,jiangyiyi,C:\Users\tahak\ogproject\adaptiveface\data\rmfd\AFDB_face_dataset\jiangyiyi\1_0_jiangyiyi_0202.jpg,False,True,False,full,0.41312307119369507,jiangyiyi
naive,xuxidi,C:\Users\tahak\ogproject\adaptiveface\data\rmfd\AFDB_face_dataset\xuxidi\1_0_xuxidi_0002.jpg,False,True,False,full,0.5180283784866333,xuxidi
naive,Darryl_McDaniels,C:\Users\tahak\ogproject\adaptiveface\data\lfw\Darryl_McDaniels\Darryl_McDaniels_0001.jpg,False,False,False,full,0.12408550083637238,qiuze
naive,hejiong,C:\Users\tahak\ogproject\adaptiveface\data\rmfd\AFDB_face_dataset\hejiong\0_0_hejiong_0165.jpg,False,True,False,full,0.4399884045124054,hejiong
naive,xuhaiqiao,C:\Users\tahak\ogproject\adaptiveface\data\rmfd\AFDB_face_dataset\xuhaiqiao\1_0_xuhaiqiao_0058.jpg,False,True,False,full,0.22094592452049255,huojianhua
naive,xiongnaijin,C:\Users\tahak\ogproject\adaptiveface\data\rmfd\AFDB_masked_face_dataset\xiongnaijin\1_1_2.jpg,True,True,True,full,0.18837657570838928,zhaoliying
naive,Zoran_Djindjic,C:\Users\tahak\ogproject\adaptiveface\data\lfw\Zoran_Djindjic\Zoran_Djindjic_0003.jpg,False,False,False,full,0.1139812096953392,yinzheng
naive,Mel_Gibson,C:\Users\tahak\ogproject\adaptiveface\data\lfw\Mel_Gibson\Mel_Gibson_0001.jpg,False,False,False,full,0.12605267763137817,linjing
naive,lixiang,C:\Users\tahak\ogproject\adaptiveface\data\rmfd\AFDB_face_dataset\lixiang\1_0_lixiang_0118.jpg,False,True,False,full,0.614072322845459,lixiang
naive,zhanghanyun,C:\Users\tahak\ogproject\adaptiveface\data\rmfd\AFDB_masked_face_dataset\zhanghanyun\0_0_6.jpg,True,True,True,full,0.3645097613334656,zhanghanyun
naive,jianghongbo,C:\Users\tahak\ogproject\adaptiveface\data\rmfd\AFDB_masked_face_dataset\jianghongbo\0_0_1.jpg,True,True,True,full,0.236089289188385,jianghongbo
naive,songxiaobo,C:\Users\tahak\ogproject\adaptiveface\data\rmfd\AFDB_masked_face_dataset\songxiaobo\0_0_0.jpg,True,True,True,full,0.16659072041511536,liyifeng
naive,Michael_Phelps,C:\Users\tahak\ogproject\adaptiveface\data\lfw\Michael_Phelps\Michael_Phelps_0004.jpg,False,False,False,full,0.13111990690231323,huangzhongkun
naive,yeyiqian,C:\Users\tahak\ogproject\adaptiveface\data\rmfd\AFDB_masked_face_dataset\yeyiqian\0_0_20.jpg,True,True,True,full,0.33191704750061035,yeyiqian
naive,wangyuan,C:\Users\tahak\ogproject\adaptiveface\data\rmfd\AFDB_face_dataset\wangyuan\1_0_wangyuan_0057.jpg,False,True,False,full,0.5992546081542969,wangyuan
naive,zhangxinyu,C:\Users\tahak\ogproject\adaptiveface\data\rmfd\AFDB_face_dataset\zhangxinyu\1_0_zhangxinyu_0002.jpg,False,True,False,full,0.3260495066642761,zhanghanyun
naive,wangzuxian,C:\Users\tahak\ogproject\adaptiveface\data\rmfd\AFDB_masked_face_dataset\wangzuxian\0_0_18.jpg,True,True,True,full,0.32820144295692444,wangzuxian
naive,zhangdanfeng,C:\Users\tahak\ogproject\adaptiveface\data\rmfd\AFDB_masked_face_dataset\zhangdanfeng\0_0_0.png,True,True,True,full,0.35843625664711,zhangdanfeng
naive,wuzhenyu,C:\Users\tahak\ogproject\adaptiveface\data\rmfd\AFDB_face_dataset\wuzhenyu\1_0_wuzhenyu_0010.jpg,False,True,False,full,0.5522273182868958,wuzhenyu
naive,fanwei,C:\Users\tahak\ogproject\adaptiveface\data\rmfd\AFDB_masked_face_dataset\fanwei\0_0_1.png,True,True,True,full,0.22264364361763,fanwei
naive,sunyizhou,C:\Users\tahak\ogproject\adaptiveface\data\rmfd\AFDB_face_dataset\sunyizhou\0_0_sunyizhou_0152.jpg,False,True,False,full,0.5111813545227051,sunyizhou
naive,lvyi,C:\Users\tahak\ogproject\adaptiveface\data\rmfd\AFDB_face_dataset\lvyi\1_0_lvyi_0012.jpg,False,True,False,full,0.2037789672613144,zhangzifeng
naive,xiaozhan,C:\Users\tahak\ogproject\adaptiveface\data\rmfd\AFDB_masked_face_dataset\xiaozhan\0_0_5.jpg,True,True,True,full,0.32296115159988403,zhangbinbin
naive,guofucheng,C:\Users\tahak\ogproject\adaptiveface\data\rmfd\AFDB_face_dataset\guofucheng\0_0_guofucheng_0128.jpg,False,True,False,full,0.43637868762016296,guofucheng
naive,jianghongbo,C:\Users\tahak\ogproject\adaptiveface\data\rmfd\AFDB_face_dataset\jianghongbo\1_0_jianghongbo_0235.jpg,False,True,False,full,0.4198434352874756,jianghongbo
naive,wuzhenyu,C:\Users\tahak\ogproject\adaptiveface\data\rmfd\AFDB_masked_face_dataset\wuzhenyu\0_0_6.jpg,True,True,True,full,0.31926700472831726,wuzhenyu
naive,zhangtianai,C:\Users\tahak\ogproject\adaptiveface\data\rmfd\AFDB_masked_face_dataset\zhangtianai\0_0_1.jpg,True,True,True,full,0.19639769196510315,yanni
naive,lvjiarong,C:\Users\tahak\ogproject\adaptiveface\data\rmfd\AFDB_masked_face_dataset\lvjiarong\0_0_0.jpg,True,True,True,full,0.2638198733329773,hujing
naive,huge,C:\Users\tahak\ogproject\adaptiveface\data\rmfd\AFDB_masked_face_dataset\huge\1_0_10.jpg,True,True,True,full,0.23922625184059143,zhanghuiwen
naive,zhangshaohan,C:\Users\tahak\ogproject\adaptiveface\data\rmfd\AFDB_face_dataset\zhangshaohan\1_0_zhangshaohan_0146.jpg,False,True,False,full,0.42273250222206116,zhangshaohan
naive,Carlos_Moya,C:\Users\tahak\ogproject\adaptiveface\data\lfw\Carlos_Moya\Carlos_Moya_0003.jpg,False,False,False,full,0.15815246105194092,zhanghuiwen
naive,xuhao,C:\Users\tahak\ogproject\adaptiveface\data\rmfd\AFDB_face_dataset\xuhao\1_0_xuhao_0191.jpg,False,True,False,full,0.5999839305877686,xuhao
naive,hejiong,C:\Users\tahak\ogproject\adaptiveface\data\rmfd\AFDB_face_dataset\hejiong\1_0_hejiong_0101.jpg,False,True,False,full,0.3558286428451538,hejiong
naive,zhangshaohan,C:\Users\tahak\ogproject\adaptiveface\data\rmfd\AFDB_masked_face_dataset\zhangshaohan\0_0_0.jpg,True,True,True,full,0.1807374805212021,huangxiaoming
naive,caiyilin,C:\Users\tahak\ogproject\adaptiveface\data\rmfd\AFDB_masked_face_dataset\caiyilin\0_0_5.jpg,True,True,True,full,0.17654506862163544,tanweiwei
naive,Kifah_Ajouri,C:\Users\tahak\ogproject\adaptiveface\data\lfw\Kifah_Ajouri\Kifah_Ajouri_0002.jpg,False,False,False,full,0.1627894937992096,xuzheng
naive,huashao,C:\Users\tahak\ogproject\adaptiveface\data\rmfd\AFDB_face_dataset\huashao\0_0_huashao_0073.jpg,False,True,False,full,0.1713731586933136,qinjunjie
naive,zhangliangying,C:\Users\tahak\ogproject\adaptiveface\data\rmfd\AFDB_masked_face_dataset\zhangliangying\0_0_2.jpg,True,True,True,full,0.2268521785736084,yangzi
naive,wangyu,C:\Users\tahak\ogproject\adaptiveface\data\rmfd\AFDB_masked_face_dataset\wangyu\0_1_0.jpg,True,True,True,full,0.22206363081932068,yeyiqian
naive,jianailiang,C:\Users\tahak\ogproject\adaptiveface\data\rmfd\AFDB_face_dataset\jianailiang\1_0_jianailiang_0167.jpg,False,True,False,full,0.361655056476593,jianailiang
naive,zhangjingjing,C:\Users\tahak\ogproject\adaptiveface\data\rmfd\AFDB_masked_face_dataset\zhangjingjing\0_0_0.jpg,True,True,True,full,0.2997443974018097,liushishi
naive,wangqing,C:\Users\tahak\ogproject\adaptiveface\data\rmfd\AFDB_masked_face_dataset\wangqing\0_0_33.jpg,True,True,True,full,0.2929941713809967,wangqing
naive,Carlos_Moya,C:\Users\tahak\ogproject\adaptiveface\data\lfw\Carlos_Moya\Carlos_Moya_0010.jpg,False,False,False,full,0.13239312171936035,lianghanwen
naive,Charles_Richardson,C:\Users\tahak\ogproject\adaptiveface\data\lfw\Charles_Richardson\Charles_Richardson_0001.jpg,False,False,False,full,0.1358441263437271,zhaoyihuan
naive,yingcaier,C:\Users\tahak\ogproject\adaptiveface\data\rmfd\AFDB_face_dataset\yingcaier\1_0_yingcaier_0128.jpg,False,True,False,full,0.21731269359588623,daipeini
naive,shaofeng,C:\Users\tahak\ogproject\adaptiveface\data\rmfd\AFDB_face_dataset\shaofeng\1_0_shaofeng_0057.jpg,False,True,False,full,0.6024682521820068,shaofeng
naive,dazhangwei,C:\Users\tahak\ogproject\adaptiveface\data\rmfd\AFDB_face_dataset\dazhangwei\1_0_dazhangwei_0079.jpg,False,True,False,full,0.2706224322319031,zhengyecheng
naive,Ian_McKellen,C:\Users\tahak\ogproject\adaptiveface\data\lfw\Ian_McKellen\Ian_McKellen_0002.jpg,False,False,False,full,0.13125626742839813,lianghanwen
naive,liuyifei,C:\Users\tahak\ogproject\adaptiveface\data\rmfd\AFDB_face_dataset\liuyifei\1_0_liuyifei_0137.jpg,False,True,False,full,0.498832106590271,liuyifei
naive,linyichen,C:\Users\tahak\ogproject\adaptiveface\data\rmfd\AFDB_masked_face_dataset\linyichen\1_0_2.jpg,True,True,True,full,0.2914111018180847,lvyi
naive,zhouhuimin,C:\Users\tahak\ogproject\adaptiveface\data\rmfd\AFDB_face_dataset\zhouhuimin\1_0_zhouhuimin_0226.jpg,False,True,False,full,0.36987677216529846,zhouhuimin
naive,Bernard_Law,C:\Users\tahak\ogproject\adaptiveface\data\lfw\Bernard_Law\Bernard_Law_0003.jpg,False,False,False,full,0.11338841915130615,zhaoyihuan
naive,shuqi,C:\Users\tahak\ogproject\adaptiveface\data\rmfd\AFDB_masked_face_dataset\shuqi\1_0_1.jpg,True,True,False,full,0.3242163062095642,zhouxun
naive,Mark_Hurlbert,C:\Users\tahak\ogproject\adaptiveface\data\lfw\Mark_Hurlbert\Mark_Hurlbert_0002.jpg,False,False,False,full,0.10914934426546097,chenyi
naive,liudehua,C:\Users\tahak\ogproject\adaptiveface\data\rmfd\AFDB_masked_face_dataset\liudehua\0_0_8.jpg,True,True,True,full,0.3759298324584961,liudehua
naive,wangyu,C:\Users\tahak\ogproject\adaptiveface\data\rmfd\AFDB_face_dataset\wangyu\1_0_wangyu_0210.jpg,False,True,False,full,0.3928486108779907,wangyu
naive,zhanghanyun,C:\Users\tahak\ogproject\adaptiveface\data\rmfd\AFDB_masked_face_dataset\zhanghanyun\0_0_11.jpg,True,True,True,full,0.3017442226409912,zhanghanyun
naive,liudehua,C:\Users\tahak\ogproject\adaptiveface\data\rmfd\AFDB_masked_face_dataset\liudehua\0_1_1.jpg,True,True,True,full,0.33468687534332275,liudehua
naive,wuzhenyu,C:\Users\tahak\ogproject\adaptiveface\data\rmfd\AFDB_masked_face_dataset\wuzhenyu\0_1_5.jpg,True,True,True,full,0.469843327999115,wuzhenyu
naive,tanweiwei,C:\Users\tahak\ogproject\adaptiveface\data\rmfd\AFDB_face_dataset\tanweiwei\1_0_tanweiwei_0024.jpg,False,True,False,full,0.23752914369106293,tanweiwei
naive,yanyikuan,C:\Users\tahak\ogproject\adaptiveface\data\rmfd\AFDB_masked_face_dataset\yanyikuan\0_0_3.jpg,True,True,True,full,0.31668680906295776,yanyikuan
naive,zhangxueying,C:\Users\tahak\ogproject\adaptiveface\data\rmfd\AFDB_face_dataset\zhangxueying\1_0_zhangxueying_0181.jpg,False,True,False,full,0.45677798986434937,zhangxueying
naive,xuzheng,C:\Users\tahak\ogproject\adaptiveface\data\rmfd\AFDB_face_dataset\xuzheng\1_0_xuzheng_0147.jpg,False,True,False,full,0.49354028701782227,xuzheng
naive,Michael_Phelps,C:\Users\tahak\ogproject\adaptiveface\data\lfw\Michael_Phelps\Michael_Phelps_0003.jpg,False,False,False,full,0.12556733191013336,huangzhongkun
naive,zhangbinbin,C:\Users\tahak\ogproject\adaptiveface\data\rmfd\AFDB_face_dataset\zhangbinbin\1_0_zhangbinbin_0194.jpg,False,True,False,full,0.4999789893627167,zhangbinbin
naive,hanqingzi,C:\Users\tahak\ogproject\adaptiveface\data\rmfd\AFDB_masked_face_dataset\hanqingzi\0_0_1.jpg,True,True,True,full,0.20311033725738525,zhangxueying
naive,zhouxun,C:\Users\tahak\ogproject\adaptiveface\data\rmfd\AFDB_face_dataset\zhouxun\0_0_zhouxun_0089.jpg,False,True,False,full,0.44337400794029236,zhouxun
naive,yanni,C:\Users\tahak\ogproject\adaptiveface\data\rmfd\AFDB_masked_face_dataset\yanni\0_0_17.jpg,True,True,True,full,0.18847370147705078,songqian
naive,zhangxinyu,C:\Users\tahak\ogproject\adaptiveface\data\rmfd\AFDB_masked_face_dataset\zhangxinyu\1_0_21.jpg,True,True,False,full,0.20727787911891937,hujing
naive,masu,C:\Users\tahak\ogproject\adaptiveface\data\rmfd\AFDB_face_dataset\masu\1_0_masu_0145.jpg,False,True,False,full,0.5171847343444824,masu
naive,benxi,C:\Users\tahak\ogproject\adaptiveface\data\rmfd\AFDB_face_dataset\benxi\1_0_benxi_0100.jpg,False,True,False,full,0.1783616840839386,hejiong
naive,pengjing,C:\Users\tahak\ogproject\adaptiveface\data\rmfd\AFDB_masked_face_dataset\pengjing\0_0_20.jpg,True,True,True,full,0.12718626856803894,guojingjing
naive,zhanghanyun,C:\Users\tahak\ogproject\adaptiveface\data\rmfd\AFDB_face_dataset\zhanghanyun\0_0_zhanghanyun_0149.jpg,False,True,False,full,0.4852178692817688,zhanghanyun
naive,tangwei,C:\Users\tahak\ogproject\adaptiveface\data\rmfd\AFDB_face_dataset\tangwei\1_0_tangwei_0004.jpg,False,True,False,full,0.41656437516212463,tangwei
naive,Keith_Bogans,C:\Users\tahak\ogproject\adaptiveface\data\lfw\Keith_Bogans\Keith_Bogans_0001.jpg,False,False,False,full,0.1358642280101776,songqian
naive,maqiguang,C:\Users\tahak\ogproject\adaptiveface\data\rmfd\AFDB_face_dataset\maqiguang\1_0_maqiguang_0003.jpg,False,True,False,full,0.4380853772163391,maqiguang
naive,guanxiaotong,C:\Users\tahak\ogproject\adaptiveface\data\rmfd\AFDB_face_dataset\guanxiaotong\1_0_guanxiaotong_0080.jpg,False,True,False,full,0.5137527585029602,guanxiaotong
naive,hujing,C:\Users\tahak\ogproject\adaptiveface\data\rmfd\AFDB_face_dataset\hujing\1_0_hujing_0176.jpg,False,True,False,full,0.40235793590545654,hujing
naive,Diego_Colorado,C:\Users\tahak\ogproject\adaptiveface\data\lfw\Diego_Colorado\Diego_Colorado_0001.jpg,False,False,False,full,0.15082603693008423,chenxiang
naive,zhangbo,C:\Users\tahak\ogproject\adaptiveface\data\rmfd\AFDB_masked_face_dataset\zhangbo\0_0_0.jpg,True,True,True,full,0.3950354754924774,zhangbo
naive,linjing,C:\Users\tahak\ogproject\adaptiveface\data\rmfd\AFDB_face_dataset\linjing\1_0_linjing_0053.jpg,False,True,False,full,0.559014081954956,linjing
naive,Yoon_Young-kwan,C:\Users\tahak\ogproject\adaptiveface\data\lfw\Yoon_Young-kwan\Yoon_Young-kwan_0001.jpg,False,False,False,full,0.1383950263261795,xietingfeng
naive,huxia,C:\Users\tahak\ogproject\adaptiveface\data\rmfd\AFDB_face_dataset\huxia\1_0_huxia_0078.jpg,False,True,False,full,0.17787373065948486,matianyu
naive,luozhixiang,C:\Users\tahak\ogproject\adaptiveface\data\rmfd\AFDB_masked_face_dataset\luozhixiang\0_0_0.jpg,True,True,True,full,0.16179198026657104,linjing
naive,yangzi,C:\Users\tahak\ogproject\adaptiveface\data\rmfd\AFDB_face_dataset\yangzi\0_0_yangzi_0076.jpg,False,True,False,full,0.40101805329322815,yangzi
naive,liyapeng,C:\Users\tahak\ogproject\adaptiveface\data\rmfd\AFDB_face_dataset\liyapeng\1_0_liyapeng_0138.jpg,False,True,False,full,0.357166051864624,liyapeng
naive,yinengjing,C:\Users\tahak\ogproject\adaptiveface\data\rmfd\AFDB_face_dataset\yinengjing\1_0_yinengjing_0051.jpg,False,True,False,full,0.388377845287323,yinengjing
naive,Michael_Chiklis,C:\Users\tahak\ogproject\adaptiveface\data\lfw\Michael_Chiklis\Michael_Chiklis_0001.jpg,False,False,False,full,0.1509116291999817,yinzheng
naive,Omar_Vizquel,C:\Users\tahak\ogproject\adaptiveface\data\lfw\Omar_Vizquel\Omar_Vizquel_0001.jpg,False,False,False,full,0.1542271226644516,zhaoliying
naive,maoxiaotong,C:\Users\tahak\ogproject\adaptiveface\data\rmfd\AFDB_face_dataset\maoxiaotong\0_0_maoxiaotong_0122.jpg,False,True,False,full,0.36167722940444946,maoxiaotong
naive,huxia,C:\Users\tahak\ogproject\adaptiveface\data\rmfd\AFDB_masked_face_dataset\huxia\0_0_18.jpg,True,True,True,full,0.18175369501113892,pengjing
naive,zhanghuiwen,C:\Users\tahak\ogproject\adaptiveface\data\rmfd\AFDB_face_dataset\zhanghuiwen\1_0_zhanghuiwen_0035.jpg,False,True,False,full,0.5485953688621521,zhanghuiwen
naive,mowenwei,C:\Users\tahak\ogproject\adaptiveface\data\rmfd\AFDB_face_dataset\mowenwei\1_0_mowenwei_0016.jpg,False,True,False,full,0.3524840474128723,mowenwei
naive,jiangjinfu,C:\Users\tahak\ogproject\adaptiveface\data\rmfd\AFDB_masked_face_dataset\jiangjinfu\1_0_15.jpg,True,True,True,full,0.4146811068058014,jiangjinfu
naive,raowei,C:\Users\tahak\ogproject\adaptiveface\data\rmfd\AFDB_masked_face_dataset\raowei\0_0_3.jpg,True,True,False,full,0.3255000412464142,raowei
naive,jianghongbo,C:\Users\tahak\ogproject\adaptiveface\data\rmfd\AFDB_face_dataset\jianghongbo\1_0_jianghongbo_0127.jpg,False,True,False,full,0.46021872758865356,jianghongbo
naive,guojingjing,C:\Users\tahak\ogproject\adaptiveface\data\rmfd\AFDB_masked_face_dataset\guojingjing\0_0_4.jpg,True,True,True,full,0.27759841084480286,liuruilin
naive,huangzhongkun,C:\Users\tahak\ogproject\adaptiveface\data\rmfd\AFDB_face_dataset\huangzhongkun\1_0_huangzhongkun_0117.jpg,False,True,False,full,0.5310254096984863,huangzhongkun
naive,zhangxueyou,C:\Users\tahak\ogproject\adaptiveface\data\rmfd\AFDB_masked_face_dataset\zhangxueyou\0_0_1.jpg,True,True,True,full,0.2230471819639206,chenfarong
naive,huangxuan,C:\Users\tahak\ogproject\adaptiveface\data\rmfd\AFDB_face_dataset\huangxuan\1_0_huangxuan_0020.jpg,False,True,False,full,0.4895283877849579,huangxuan
naive,handongjun,C:\Users\tahak\ogproject\adaptiveface\data\rmfd\AFDB_face_dataset\handongjun\1_0_handongjun_0209.jpg,False,True,False,full,0.26148417592048645,zhangxueyou
naive,xiena,C:\Users\tahak\ogproject\adaptiveface\data\rmfd\AFDB_face_dataset\xiena\1_0_xiena_0233.jpg,False,True,False,full,0.2392403781414032,zhaoliying
naive,lvyi,C:\Users\tahak\ogproject\adaptiveface\data\rmfd\AFDB_masked_face_dataset\lvyi\0_0_0.png,True,True,True,full,0.2314549684524536,lvyi
naive,caizhuoyan,C:\Users\tahak\ogproject\adaptiveface\data\rmfd\AFDB_face_dataset\caizhuoyan\1_0_caizhuoyan_0053.jpg,False,True,False,full,0.40106531977653503,caizhuoyan
naive,Sean_Patrick_Thomas,C:\Users\tahak\ogproject\adaptiveface\data\lfw\Sean_Patrick_Thomas\Sean_Patrick_Thomas_0001.jpg,False,False,False,full,0.12478426098823547,liuqianhan
naive,raowei,C:\Users\tahak\ogproject\adaptiveface\data\rmfd\AFDB_face_dataset\raowei\1_0_raowei_0019.jpg,False,True,False,full,0.31014835834503174,wulei
naive,jiangjinfu,C:\Users\tahak\ogproject\adaptiveface\data\rmfd\AFDB_face_dataset\jiangjinfu\1_0_jiangjinfu_0233.jpg,False,True,False,full,0.44162243604660034,jiangjinfu
naive,Michael_Chiklis,C:\Users\tahak\ogproject\adaptiveface\data\lfw\Michael_Chiklis\Michael_Chiklis_0003.jpg,False,False,False,full,0.16628411412239075,wuzhenyu
naive,Carlos_Moya,C:\Users\tahak\ogproject\adaptiveface\data\lfw\Carlos_Moya\Carlos_Moya_0018.jpg,False,False,False,full,0.12956160306930542,linjing
naive,maqiguang,C:\Users\tahak\ogproject\adaptiveface\data\rmfd\AFDB_masked_face_dataset\maqiguang\0_0_0.jpg,True,True,True,full,0.27698513865470886,maqiguang
naive,zhanghuiwen,C:\Users\tahak\ogproject\adaptiveface\data\rmfd\AFDB_masked_face_dataset\zhanghuiwen\1_0_8.jpg,True,True,False,full,0.45390188694000244,zhanghuiwen
naive,gongbeibi,C:\Users\tahak\ogproject\adaptiveface\data\rmfd\AFDB_masked_face_dataset\gongbeibi\0_0_0.jpg,True,True,True,full,0.41960471868515015,gongbeibi
naive,Terry_Lynn_Barton,C:\Users\tahak\ogproject\adaptiveface\data\lfw\Terry_Lynn_Barton\Terry_Lynn_Barton_0001.jpg,False,False,False,full,0.16887211799621582,xudongdong
naive,huangzitao,C:\Users\tahak\ogproject\adaptiveface\data\rmfd\AFDB_face_dataset\huangzitao\1_0_huangzitao_0117.jpg,False,True,False,full,0.5113412737846375,huangzitao
naive,yuyi,C:\Users\tahak\ogproject\adaptiveface\data\rmfd\AFDB_face_dataset\yuyi\1_0_yuyi_0040.jpg,False,True,False,full,0.6655364036560059,yuyi
naive,huojianhua,C:\Users\tahak\ogproject\adaptiveface\data\rmfd\AFDB_masked_face_dataset\huojianhua\0_1_26.jpg,True,True,True,full,0.366630494594574,huojianhua
naive,xuhao,C:\Users\tahak\ogproject\adaptiveface\data\rmfd\AFDB_face_dataset\xuhao\1_0_xuhao_0135.jpg,False,True,False,full,0.4498159885406494,xuhao
naive,zhangbinbin,C:\Users\tahak\ogproject\adaptiveface\data\rmfd\AFDB_masked_face_dataset\zhangbinbin\0_0_0.jpg,True,True,True,full,0.3055335283279419,wulei
naive,huge,C:\Users\tahak\ogproject\adaptiveface\data\rmfd\AFDB_face_dataset\huge\1_0_huge_0004.jpg,False,True,False,full,0.5491290092468262,huge
naive,wangluodan,C:\Users\tahak\ogproject\adaptiveface\data\rmfd\AFDB_masked_face_dataset\wangluodan\0_0_14.jpg,True,True,True,full,0.13220296800136566,zhangxueyou
naive,mali,C:\Users\tahak\ogproject\adaptiveface\data\rmfd\AFDB_face_dataset\mali\1_0_mali_0011.jpg,False,True,False,full,0.4187116026878357,mali
naive,liudehua,C:\Users\tahak\ogproject\adaptiveface\data\rmfd\AFDB_face_dataset\liudehua\0_0_liudehua_0095.jpg,False,True,False,full,0.4863346815109253,liudehua
naive,duwenze,C:\Users\tahak\ogproject\adaptiveface\data\rmfd\AFDB_face_dataset\duwenze\1_0_duwenze_0004.jpg,False,True,False,full,0.5651319026947021,duwenze
naive,Kellie_Coffey,C:\Users\tahak\ogproject\adaptiveface\data\lfw\Kellie_Coffey\Kellie_Coffey_0001.jpg,False,False,False,full,0.13865385949611664,zhangjingjing
naive,xiongnaijin,C:\Users\tahak\ogproject\adaptiveface\data\rmfd\AFDB_masked_face_dataset\xiongnaijin\0_0_2.jpg,True,True,True,full,0.2290911227464676,zhaoliying
naive,fengjianyu,C:\Users\tahak\ogproject\adaptiveface\data\rmfd\AFDB_masked_face_dataset\fengjianyu\0_0_1.jpg,True,True,True,full,0.33808666467666626,fengjianyu
naive,zhangdanfeng,C:\Users\tahak\ogproject\adaptiveface\data\rmfd\AFDB_face_dataset\zhangdanfeng\1_0_zhangdanfeng_0104.jpg,False,True,False,full,0.5644360184669495,zhangdanfeng
naive,xuhaiqiao,C:\Users\tahak\ogproject\adaptiveface\data\rmfd\AFDB_masked_face_dataset\xuhaiqiao\0_0_11.jpg,True,True,True,full,0.2085660696029663,jianailiang
naive,fanwei,C:\Users\tahak\ogproject\adaptiveface\data\rmfd\AFDB_masked_face_dataset\fanwei\0_0_0.png,True,True,True,full,0.27665942907333374,fanwei
naive,wangluodan,C:\Users\tahak\ogproject\adaptiveface\data\rmfd\AFDB_face_dataset\wangluodan\1_0_wangluodan_0014.jpg,False,True,False,full,0.4463832974433899,wangluodan
naive,Nicanor_Duarte_Frutos,C:\Users\tahak\ogproject\adaptiveface\data\lfw\Nicanor_Duarte_Frutos\Nicanor_Duarte_Frutos_0003.jpg,False,False,False,full,0.1576332151889801,liudehua
naive,linjing,C:\Users\tahak\ogproject\adaptiveface\data\rmfd\AFDB_face_dataset\linjing\1_0_linjing_0106.jpg,False,True,False,full,0.3511609137058258,linjing
naive,duwenze,C:\Users\tahak\ogproject\adaptiveface\data\rmfd\AFDB_face_dataset\duwenze\1_0_duwenze_0071.jpg,False,True,False,full,0.4629119038581848,duwenze
naive,xietingfeng,C:\Users\tahak\ogproject\adaptiveface\data\rmfd\AFDB_face_dataset\xietingfeng\1_0_xietingfeng_0191.jpg,False,True,False,full,0.47315213084220886,xietingfeng
naive,Carlos_Lordkipanitse,C:\Users\tahak\ogproject\adaptiveface\data\lfw\Carlos_Lordkipanitse\Carlos_Lordkipanitse_0001.jpg,False,False,False,full,0.13344106078147888,gulinazha
naive,Duncan_Fletcher,C:\Users\tahak\ogproject\adaptiveface\data\lfw\Duncan_Fletcher\Duncan_Fletcher_0001.jpg,False,False,False,full,0.14291396737098694,lanyingying
naive,handongjun,C:\Users\tahak\ogproject\adaptiveface\data\rmfd\AFDB_masked_face_dataset\handongjun\0_0_1.png,True,True,True,full,0.17507609724998474,qiuze
naive,benxi,C:\Users\tahak\ogproject\adaptiveface\data\rmfd\AFDB_face_dataset\benxi\1_0_benxi_0042.jpg,False,True,False,full,0.20570069551467896,xieanqi
naive,qinjunjie,C:\Users\tahak\ogproject\adaptiveface\data\rmfd\AFDB_masked_face_dataset\qinjunjie\0_0_5.jpg,True,True,True,full,0.19827863574028015,hujing
naive,zhangjingjing,C:\Users\tahak\ogproject\adaptiveface\data\rmfd\AFDB_face_dataset\zhangjingjing\1_0_zhangjingjing_0006.jpg,False,True,False,full,0.24301713705062866,mowenwei
naive,xieanqi,C:\Users\tahak\ogproject\adaptiveface\data\rmfd\AFDB_face_dataset\xieanqi\1_0_xieanqi_0059.jpg,False,True,False,full,0.43353527784347534,xieanqi
naive,liuyifei,C:\Users\tahak\ogproject\adaptiveface\data\rmfd\AFDB_masked_face_dataset\liuyifei\1_0_1.jpg,True,True,True,full,0.26278752088546753,xuhao
naive,huangxuan,C:\Users\tahak\ogproject\adaptiveface\data\rmfd\AFDB_face_dataset\huangxuan\1_0_huangxuan_0013.jpg,False,True,False,full,0.4980965256690979,huangxuan
naive,yumenglong,C:\Users\tahak\ogproject\adaptiveface\data\rmfd\AFDB_masked_face_dataset\yumenglong\0_0_2.jpg,True,True,True,full,0.28213685750961304,yumenglong
naive,Mark_Broxmeyer,C:\Users\tahak\ogproject\adaptiveface\data\lfw\Mark_Broxmeyer\Mark_Broxmeyer_0001.jpg,False,False,False,full,0.1563982367515564,wuzhenyu
naive,ruanjingtian,C:\Users\tahak\ogproject\adaptiveface\data\rmfd\AFDB_face_dataset\ruanjingtian\1_0_ruanjingtian_0125.jpg,False,True,False,full,0.5374565124511719,ruanjingtian
naive,gutianle,C:\Users\tahak\ogproject\adaptiveface\data\rmfd\AFDB_face_dataset\gutianle\1_0_gutianle_0053.jpg,False,True,False,full,0.5873628854751587,gutianle
naive,Bernard_Landry,C:\Users\tahak\ogproject\adaptiveface\data\lfw\Bernard_Landry\Bernard_Landry_0001.jpg,False,False,False,full,0.12467670440673828,shaofeng
naive,chenyi,C:\Users\tahak\ogproject\adaptiveface\data\rmfd\AFDB_face_dataset\chenyi\1_0_chenyi_0050.jpg,False,True,False,full,0.4763376712799072,chenyi
naive,zhangzifeng,C:\Users\tahak\ogproject\adaptiveface\data\rmfd\AFDB_face_dataset\zhangzifeng\1_0_zhangzifeng_0074.jpg,False,True,False,full,0.22184720635414124,zhangxueying
naive,Carlos_Moya,C:\Users\tahak\ogproject\adaptiveface\data\lfw\Carlos_Moya\Carlos_Moya_0014.jpg,False,False,False,full,0.12056528776884079,lianghanwen
naive,xiena,C:\Users\tahak\ogproject\adaptiveface\data\rmfd\AFDB_masked_face_dataset\xiena\1_1_1.jpg,True,True,False,full,0.2024412751197815,yangqianhua
naive,xiaozhan,C:\Users\tahak\ogproject\adaptiveface\data\rmfd\AFDB_face_dataset\xiaozhan\1_0_xiaozhan_0156.jpg,False,True,False,full,0.5045424699783325,xiaozhan
naive,hejiong,C:\Users\tahak\ogproject\adaptiveface\data\rmfd\AFDB_masked_face_dataset\hejiong\0_0_1.jpg,True,True,False,full,0.1798364818096161,yinzheng
naive,matianyu,C:\Users\tahak\ogproject\adaptiveface\data\rmfd\AFDB_face_dataset\matianyu\1_0_matianyu_0153.jpg,False,True,False,full,0.4030877351760864,matianyu
naive,zhangbo,C:\Users\tahak\ogproject\adaptiveface\data\rmfd\AFDB_face_dataset\zhangbo\1_0_zhangbo_0195.jpg,False,True,False,full,0.3906756043434143,zhangbo
naive,Shania_Twain,C:\Users\tahak\ogproject\adaptiveface\data\lfw\Shania_Twain\Shania_Twain_0001.jpg,False,False,False,full,0.1693124920129776,chenkun
naive,xietingfeng,C:\Users\tahak\ogproject\adaptiveface\data\rmfd\AFDB_face_dataset\xietingfeng\1_0_xietingfeng_0155.jpg,False,True,False,full,0.6884477138519287,xietingfeng
naive,songqian,C:\Users\tahak\ogproject\adaptiveface\data\rmfd\AFDB_face_dataset\songqian\1_0_songqian_0200.jpg,False,True,False,full,0.22068531811237335,caiyilin
naive,jiangkaitong,C:\Users\tahak\ogproject\adaptiveface\data\rmfd\AFDB_face_dataset\jiangkaitong\1_0_jiangkaitong_0082.jpg,False,True,False,full,0.3486769199371338,jiangkaitong
naive,Nicanor_Duarte_Frutos,C:\Users\tahak\ogproject\adaptiveface\data\lfw\Nicanor_Duarte_Frutos\Nicanor_Duarte_Frutos_0006.jpg,False,False,False,full,0.17735958099365234,liuruilin
naive,huangbo,C:\Users\tahak\ogproject\adaptiveface\data\rmfd\AFDB_face_dataset\huangbo\1_0_huangbo_0110.jpg,False,True,False,full,0.5209176540374756,huangbo
naive,huangrihua,C:\Users\tahak\ogproject\adaptiveface\data\rmfd\AFDB_masked_face_dataset\huangrihua\0_0_5.jpg,True,True,True,full,0.18872325122356415,yanyikuan
naive,shenmengchen,C:\Users\tahak\ogproject\adaptiveface\data\rmfd\AFDB_face_dataset\shenmengchen\1_0_shenmengchen_0108.jpg,False,True,False,full,0.5617316961288452,shenmengchen
naive,songxiaobo,C:\Users\tahak\ogproject\adaptiveface\data\rmfd\AFDB_face_dataset\songxiaobo\1_0_songxiaobo_0198.jpg,False,True,False,full,0.2089955359697342,gongbeibi
naive,xiena,C:\Users\tahak\ogproject\adaptiveface\data\rmfd\AFDB_face_dataset\xiena\1_0_xiena_0017.jpg,False,True,False,full,0.27642250061035156,zhanghanyun
naive,tongkeke,C:\Users\tahak\ogproject\adaptiveface\data\rmfd\AFDB_face_dataset\tongkeke\0_0_tongkeke_0188.jpg,False,True,False,full,0.21395941078662872,tongkeke
naive,Nicanor_Duarte_Frutos,C:\Users\tahak\ogproject\adaptiveface\data\lfw\Nicanor_Duarte_Frutos\Nicanor_Duarte_Frutos_0005.jpg,False,False,False,full,0.15322938561439514,liudehua
naive,Mark_Hurlbert,C:\Users\tahak\ogproject\adaptiveface\data\lfw\Mark_Hurlbert\Mark_Hurlbert_0004.jpg,False,False,False,full,0.11198493093252182,liyifeng
naive,Virgina_Ruano_Pascal,C:\Users\tahak\ogproject\adaptiveface\data\lfw\Virgina_Ruano_Pascal\Virgina_Ruano_Pascal_0001.jpg,False,False,False,full,0.17315170168876648,caizhuoyan
naive,gulinazha,C:\Users\tahak\ogproject\adaptiveface\data\rmfd\AFDB_masked_face_dataset\gulinazha\0_0_1.jpg,True,True,True,full,0.26018744707107544,gulinazha
naive,xuhaiqiao,C:\Users\tahak\ogproject\adaptiveface\data\rmfd\AFDB_face_dataset\xuhaiqiao\1_0_xuhaiqiao_0103.jpg,False,True,False,full,0.277693510055542,raowei
naive,Michael_Phelps,C:\Users\tahak\ogproject\adaptiveface\data\lfw\Michael_Phelps\Michael_Phelps_0005.jpg,False,False,False,full,0.12040617316961288,zhourunfa
naive,licaihua,C:\Users\tahak\ogproject\adaptiveface\data\rmfd\AFDB_face_dataset\licaihua\1_0_licaihua_0188.jpg,False,True,False,full,0.44992348551750183,licaihua
naive,masichun,C:\Users\tahak\ogproject\adaptiveface\data\rmfd\AFDB_face_dataset\masichun\1_0_masichun_0135.jpg,False,True,False,full,0.2840648591518402,huojianhua
naive,xieanqi,C:\Users\tahak\ogproject\adaptiveface\data\rmfd\AFDB_masked_face_dataset\xieanqi\0_0_2.jpg,True,True,True,full,0.17377451062202454,chenjiaqi
naive,Pete_Rose,C:\Users\tahak\ogproject\adaptiveface\data\lfw\Pete_Rose\Pete_Rose_0001.jpg,False,False,False,full,0.11208261549472809,wulei
naive,gutianle,C:\Users\tahak\ogproject\adaptiveface\data\rmfd\AFDB_masked_face_dataset\gutianle\0_0_17.jpg,True,True,False,full,0.3299703598022461,gutianle
naive,zhangliangying,C:\Users\tahak\ogproject\adaptiveface\data\rmfd\AFDB_face_dataset\zhangliangying\1_0_zhangliangying_0140.jpg,False,True,False,full,0.3196062445640564,zhangliangying
naive,yinengjing,C:\Users\tahak\ogproject\adaptiveface\data\rmfd\AFDB_face_dataset\yinengjing\1_0_yinengjing_0099.jpg,False,True,False,full,0.3352855443954468,yinengjing
naive,lanyingying,C:\Users\tahak\ogproject\adaptiveface\data\rmfd\AFDB_face_dataset\lanyingying\0_0_lanyingying_0156.jpg,False,True,False,full,0.3662307560443878,lanyingying
naive,liuruilin,C:\Users\tahak\ogproject\adaptiveface\data\rmfd\AFDB_masked_face_dataset\liuruilin\0_0_4.jpg,True,True,True,full,0.2565287947654724,liuruilin
naive,zhangbo,C:\Users\tahak\ogproject\adaptiveface\data\rmfd\AFDB_masked_face_dataset\zhangbo\0_0_1.jpg,True,True,True,full,0.24133941531181335,zhangbo
naive,zhangluyi,C:\Users\tahak\ogproject\adaptiveface\data\rmfd\AFDB_masked_face_dataset\zhangluyi\0_0_3.png,True,True,True,full,0.44541752338409424,zhangluyi
naive,mali,C:\Users\tahak\ogproject\adaptiveface\data\rmfd\AFDB_face_dataset\mali\1_0_mali_0040.jpg,False,True,False,full,0.48796847462654114,mali
naive,panyueming,C:\Users\tahak\ogproject\adaptiveface\data\rmfd\AFDB_masked_face_dataset\panyueming\0_0_25.jpg,True,True,False,full,0.2109713852405548,xuzheng
naive,Eliane_Karp,C:\Users\tahak\ogproject\adaptiveface\data\lfw\Eliane_Karp\Eliane_Karp_0003.jpg,False,False,False,full,0.13163940608501434,yangzi
naive,liuxiang,C:\Users\tahak\ogproject\adaptiveface\data\rmfd\AFDB_masked_face_dataset\liuxiang\0_0_3.jpg,True,True,False,full,0.3272807002067566,liuxiang
naive,Stephen_Glassroth,C:\Users\tahak\ogproject\adaptiveface\data\lfw\Stephen_Glassroth\Stephen_Glassroth_0001.jpg,False,False,False,full,0.12560632824897766,huangzhongkun
naive,xuxidi,C:\Users\tahak\ogproject\adaptiveface\data\rmfd\AFDB_masked_face_dataset\xuxidi\1_0_19.jpg,True,True,True,full,0.20416681468486786,weidaxun
naive,benxi,C:\Users\tahak\ogproject\adaptiveface\data\rmfd\AFDB_masked_face_dataset\benxi\0_0_27.jpg,True,True,True,full,0.2134970724582672,xieanqi
naive,zhourunfa,C:\Users\tahak\ogproject\adaptiveface\data\rmfd\AFDB_face_dataset\zhourunfa\1_0_zhourunfa_0098.jpg,False,True,False,full,0.45579975843429565,zhourunfa
naive,tangwei,C:\Users\tahak\ogproject\adaptiveface\data\rmfd\AFDB_masked_face_dataset\tangwei\0_0_11.jpg,True,True,True,full,0.23133622109889984,tangwei
naive,ruanjingtian,C:\Users\tahak\ogproject\adaptiveface\data\rmfd\AFDB_masked_face_dataset\ruanjingtian\0_0_0.jpg,True,True,True,full,0.38620758056640625,ruanjingtian
naive,huangxiaoming,C:\Users\tahak\ogproject\adaptiveface\data\rmfd\AFDB_masked_face_dataset\huangxiaoming\0_0_1.jpg,True,True,True,full,0.23481705784797668,huangxiaoming
naive,yangzi,C:\Users\tahak\ogproject\adaptiveface\data\rmfd\AFDB_masked_face_dataset\yangzi\0_0_23.jpg,True,True,True,full,0.2881902754306793,liushishi
naive,Sanjay_Chawla,C:\Users\tahak\ogproject\adaptiveface\data\lfw\Sanjay_Chawla\Sanjay_Chawla_0001.jpg,False,False,False,full,0.14494511485099792,zhangjingjing
naive,Intisar_Ajouri,C:\Users\tahak\ogproject\adaptiveface\data\lfw\Intisar_Ajouri\Intisar_Ajouri_0001.jpg,False,False,False,full,0.17547035217285156,hejiong
naive,chenjiaqi,C:\Users\tahak\ogproject\adaptiveface\data\rmfd\AFDB_face_dataset\chenjiaqi\0_0_chenjiaqi_0004.jpg,False,True,False,full,0.34654295444488525,chenjiaqi
naive,lufangsheng,C:\Users\tahak\ogproject\adaptiveface\data\rmfd\AFDB_face_dataset\lufangsheng\1_0_lufangsheng_0161.jpg,False,True,False,full,0.5323702096939087,lufangsheng
naive,Clint_Howard,C:\Users\tahak\ogproject\adaptiveface\data\lfw\Clint_Howard\Clint_Howard_0001.jpg,False,False,False,full,0.14181968569755554,zhaoliying
naive,shenmengchen,C:\Users\tahak\ogproject\adaptiveface\data\rmfd\AFDB_face_dataset\shenmengchen\1_0_shenmengchen_0082.jpg,False,True,False,full,0.3103978931903839,shenmengchen
naive,Michael_Chiklis,C:\Users\tahak\ogproject\adaptiveface\data\lfw\Michael_Chiklis\Michael_Chiklis_0002.jpg,False,False,False,full,0.16503965854644775,maqiguang
naive,daipeini,C:\Users\tahak\ogproject\adaptiveface\data\rmfd\AFDB_face_dataset\daipeini\1_0_daipeini_0065.jpg,False,True,False,full,0.4824058413505554,daipeini
naive,caobingkun,C:\Users\tahak\ogproject\adaptiveface\data\rmfd\AFDB_masked_face_dataset\caobingkun\0_0_15.jpg,True,True,True,full,0.2837814688682556,caobingkun
naive,guojingfei,C:\Users\tahak\ogproject\adaptiveface\data\rmfd\AFDB_face_dataset\guojingfei\1_0_guojingfei_0087.jpg,False,True,False,full,0.42916756868362427,guojingfei
naive,wangkai,C:\Users\tahak\ogproject\adaptiveface\data\rmfd\AFDB_masked_face_dataset\wangkai\0_0_1.jpg,True,True,True,full,0.3888155221939087,wangkai
naive,yuyi,C:\Users\tahak\ogproject\adaptiveface\data\rmfd\AFDB_masked_face_dataset\yuyi\0_0_2.png,True,True,True,full,0.37004777789115906,yuyi
naive,zhangguoli,C:\Users\tahak\ogproject\adaptiveface\data\rmfd\AFDB_masked_face_dataset\zhangguoli\0_0_1.jpg,True,True,False,full,0.2218267321586609,liyapeng
naive,zhangyi,C:\Users\tahak\ogproject\adaptiveface\data\rmfd\AFDB_face_dataset\zhangyi\1_0_zhangyi_0008.jpg,False,True,False,full,0.43582165241241455,zhangyi
naive,masichun,C:\Users\tahak\ogproject\adaptiveface\data\rmfd\AFDB_masked_face_dataset\masichun\0_0_2.png,True,True,True,full,0.3717343807220459,masichun
naive,James_Phelps,C:\Users\tahak\ogproject\adaptiveface\data\lfw\James_Phelps\James_Phelps_0001.jpg,False,False,False,full,0.1388305425643921,chenxiang
naive,xudongdong,C:\Users\tahak\ogproject\adaptiveface\data\rmfd\AFDB_masked_face_dataset\xudongdong\0_0_1.jpg,True,True,False,full,0.28328877687454224,xudongdong
naive,liyifeng,C:\Users\tahak\ogproject\adaptiveface\data\rmfd\AFDB_face_dataset\liyifeng\1_0_liyifeng_0006.jpg,False,True,False,full,0.49404603242874146,liyifeng
naive,wangluodan,C:\Users\tahak\ogproject\adaptiveface\data\rmfd\AFDB_masked_face_dataset\wangluodan\0_0_2.jpg,True,True,True,full,0.1471448540687561,zhangxueyou
naive,Lane_Odom,C:\Users\tahak\ogproject\adaptiveface\data\lfw\Lane_Odom\Lane_Odom_0001.jpg,False,False,False,full,0.13464659452438354,maoxiaotong
naive,dazhangwei,C:\Users\tahak\ogproject\adaptiveface\data\rmfd\AFDB_masked_face_dataset\dazhangwei\1_0_21.jpg,True,True,True,full,0.1480991542339325,zhangxueyou
naive,songqian,C:\Users\tahak\ogproject\adaptiveface\data\rmfd\AFDB_face_dataset\songqian\1_0_songqian_0240.jpg,False,True,False,full,0.23982658982276917,songqian
naive,Tyra_Banks,C:\Users\tahak\ogproject\adaptiveface\data\lfw\Tyra_Banks\Tyra_Banks_0001.jpg,False,False,False,full,0.18639197945594788,yeyiqian
naive,huozun,C:\Users\tahak\ogproject\adaptiveface\data\rmfd\AFDB_face_dataset\huozun\1_0_huozun_0205.jpg,False,True,False,full,0.5055413842201233,huozun
naive,masu,C:\Users\tahak\ogproject\adaptiveface\data\rmfd\AFDB_face_dataset\masu\1_0_masu_0152.jpg,False,True,False,full,0.3462200164794922,masu
naive,zhangxinyu,C:\Users\tahak\ogproject\adaptiveface\data\rmfd\AFDB_face_dataset\zhangxinyu\1_0_zhangxinyu_0102.jpg,False,True,False,full,0.26162010431289673,lanyingying
naive,Collis_Temple_III,C:\Users\tahak\ogproject\adaptiveface\data\lfw\Collis_Temple_III\Collis_Temple_III_0001.jpg,False,False,False,full,0.09280144423246384,wangyuan
naive,yangqianhua,C:\Users\tahak\ogproject\adaptiveface\data\rmfd\AFDB_face_dataset\yangqianhua\1_0_yangqianhua_0046.jpg,False,True,False,full,0.5121970176696777,yangqianhua
naive,liuye,C:\Users\tahak\ogproject\adaptiveface\data\rmfd\AFDB_face_dataset\liuye\1_0_liuye_0039.jpg,False,True,False,full,0.569449782371521,liuye
naive,David_Rivkin_Jr,C:\Users\tahak\ogproject\adaptiveface\data\lfw\David_Rivkin_Jr\David_Rivkin_Jr_0001.jpg,False,False,False,full,0.14799070358276367,tangwei
naive,wuzhenyu,C:\Users\tahak\ogproject\adaptiveface\data\rmfd\AFDB_face_dataset\wuzhenyu\0_0_wuzhenyu_0138.jpg,False,True,False,full,0.7055999040603638,wuzhenyu
naive,Mark_Hurlbert,C:\Users\tahak\ogproject\adaptiveface\data\lfw\Mark_Hurlbert\Mark_Hurlbert_0001.jpg,False,False,False,full,0.12141865491867065,chenyi
naive,yeyiqian,C:\Users\tahak\ogproject\adaptiveface\data\rmfd\AFDB_face_dataset\yeyiqian\0_0_yeyiqian_0155.jpg,False,True,False,full,0.39791691303253174,yeyiqian
naive,huozun,C:\Users\tahak\ogproject\adaptiveface\data\rmfd\AFDB_face_dataset\huozun\1_0_huozun_0172.jpg,False,True,False,full,0.41543155908584595,huozun
naive,Bernard_Law,C:\Users\tahak\ogproject\adaptiveface\data\lfw\Bernard_Law\Bernard_Law_0002.jpg,False,False,False,full,0.12316510081291199,raowei
naive,Martha_Lucia_Ramirez,C:\Users\tahak\ogproject\adaptiveface\data\lfw\Martha_Lucia_Ramirez\Martha_Lucia_Ramirez_0004.jpg,False,False,False,full,0.12160826474428177,lixiang
naive,zhourunfa,C:\Users\tahak\ogproject\adaptiveface\data\rmfd\AFDB_face_dataset\zhourunfa\0_0_zhourunfa_0148.jpg,False,True,False,full,0.5321828126907349,zhourunfa
naive,yanyikuan,C:\Users\tahak\ogproject\adaptiveface\data\rmfd\AFDB_face_dataset\yanyikuan\1_0_yanyikuan_0142.jpg,False,True,False,full,0.4179530143737793,yanyikuan
naive,gongbeibi,C:\Users\tahak\ogproject\adaptiveface\data\rmfd\AFDB_face_dataset\gongbeibi\1_0_gongbeibi_0179.jpg,False,True,False,full,0.4774118661880493,gongbeibi
naive,zhuowenxuan,C:\Users\tahak\ogproject\adaptiveface\data\rmfd\AFDB_face_dataset\zhuowenxuan\1_0_zhuowenxuan_0053.jpg,False,True,False,full,0.5717974901199341,zhuowenxuan
naive,xuezhiqian,C:\Users\tahak\ogproject\adaptiveface\data\rmfd\AFDB_masked_face_dataset\xuezhiqian\0_0_2.jpg,True,True,True,full,0.21332281827926636,fengjianyu
naive,Eliane_Karp,C:\Users\tahak\ogproject\adaptiveface\data\lfw\Eliane_Karp\Eliane_Karp_0002.jpg,False,False,False,full,0.13688822090625763,jiangjinfu
naive,mowenwei,C:\Users\tahak\ogproject\adaptiveface\data\rmfd\AFDB_masked_face_dataset\mowenwei\0_0_7.jpg,True,True,True,full,0.24502745270729065,mowenwei
naive,caiguoqing,C:\Users\tahak\ogproject\adaptiveface\data\rmfd\AFDB_face_dataset\caiguoqing\1_0_caiguoqing_0039.jpg,False,True,False,full,0.5752897262573242,caiguoqing
naive,zhuowenxuan,C:\Users\tahak\ogproject\adaptiveface\data\rmfd\AFDB_masked_face_dataset\zhuowenxuan\0_0_0.jpg,True,True,True,full,0.20691515505313873,masichun
naive,jianailiang,C:\Users\tahak\ogproject\adaptiveface\data\rmfd\AFDB_face_dataset\jianailiang\1_0_jianailiang_0043.jpg,False,True,False,full,0.26329705119132996,chenkun
naive,tanweiwei,C:\Users\tahak\ogproject\adaptiveface\data\rmfd\AFDB_face_dataset\tanweiwei\1_0_tanweiwei_0020.jpg,False,True,False,full,0.2743765413761139,tanweiwei
naive,yinzheng,C:\Users\tahak\ogproject\adaptiveface\data\rmfd\AFDB_face_dataset\yinzheng\1_0_yinzheng_0046.jpg,False,True,False,full,0.508796215057373,yinzheng
naive,ruanjingtian,C:\Users\tahak\ogproject\adaptiveface\data\rmfd\AFDB_face_dataset\ruanjingtian\0_0_ruanjingtian_0052.jpg,False,True,False,full,0.517296314239502,ruanjingtian
naive,jiangkaitong,C:\Users\tahak\ogproject\adaptiveface\data\rmfd\AFDB_face_dataset\jiangkaitong\1_0_jiangkaitong_0206.jpg,False,True,False,full,0.29523831605911255,jiangkaitong
naive,zhangtianai,C:\Users\tahak\ogproject\adaptiveface\data\rmfd\AFDB_face_dataset\zhangtianai\1_0_zhangtianai_0168.jpg,False,True,False,full,0.40002256631851196,zhangtianai
naive,xiongnaijin,C:\Users\tahak\ogproject\adaptiveface\data\rmfd\AFDB_face_dataset\xiongnaijin\1_0_xiongnaijin_0201.jpg,False,True,False,full,0.37855401635169983,shenmengchen
naive,xinzhilei,C:\Users\tahak\ogproject\adaptiveface\data\rmfd\AFDB_face_dataset\xinzhilei\0_0_xinzhilei_0064.jpg,False,True,False,full,0.48127424716949463,xinzhilei
naive,linyichen,C:\Users\tahak\ogproject\adaptiveface\data\rmfd\AFDB_face_dataset\linyichen\1_0_linyichen_0222.jpg,False,True,False,full,0.22277048230171204,zhaoliying
naive,huangzhongkun,C:\Users\tahak\ogproject\adaptiveface\data\rmfd\AFDB_face_dataset\huangzhongkun\1_0_huangzhongkun_0046.jpg,False,True,False,full,0.5966377258300781,huangzhongkun
naive,chenyi,C:\Users\tahak\ogproject\adaptiveface\data\rmfd\AFDB_masked_face_dataset\chenyi\0_0_0.jpg,True,True,True,full,0.3646315932273865,chenyi
naive,sunyizhou,C:\Users\tahak\ogproject\adaptiveface\data\rmfd\AFDB_masked_face_dataset\sunyizhou\1_0_0.jpg,True,True,False,full,0.23739677667617798,sunyizhou
naive,caizhuoyan,C:\Users\tahak\ogproject\adaptiveface\data\rmfd\AFDB_masked_face_dataset\caizhuoyan\1_0_14.jpg,True,True,True,full,0.22176387906074524,liuyifei
naive,wangqing,C:\Users\tahak\ogproject\adaptiveface\data\rmfd\AFDB_masked_face_dataset\wangqing\0_0_8.jpg,True,True,True,full,0.2778368592262268,wangqing
naive,Carlos_Moya,C:\Users\tahak\ogproject\adaptiveface\data\lfw\Carlos_Moya\Carlos_Moya_0004.jpg,False,False,False,full,0.14978334307670593,lianghanwen
naive,liushishi,C:\Users\tahak\ogproject\adaptiveface\data\rmfd\AFDB_masked_face_dataset\liushishi\0_0_3.jpg,True,True,True,full,0.2070208340883255,liuyifei
naive,zhaoliying,C:\Users\tahak\ogproject\adaptiveface\data\rmfd\AFDB_masked_face_dataset\zhaoliying\0_0_12.jpg,True,True,True,full,0.3192899823188782,masichun
naive,yangqianhua,C:\Users\tahak\ogproject\adaptiveface\data\rmfd\AFDB_face_dataset\yangqianhua\1_0_yangqianhua_0047.jpg,False,True,False,full,0.43399232625961304,yangqianhua
naive,raowei,C:\Users\tahak\ogproject\adaptiveface\data\rmfd\AFDB_masked_face_dataset\raowei\0_0_1.jpg,True,True,True,full,0.24846765398979187,wulei
naive,lixiang,C:\Users\tahak\ogproject\adaptiveface\data\rmfd\AFDB_face_dataset\lixiang\1_0_lixiang_0157.jpg,False,True,False,full,0.24028626084327698,lixiang
naive,zhangdanfeng,C:\Users\tahak\ogproject\adaptiveface\data\rmfd\AFDB_face_dataset\zhangdanfeng\1_0_zhangdanfeng_0074.jpg,False,True,False,full,0.4440981447696686,zhangdanfeng
naive,Rod_Thorn,C:\Users\tahak\ogproject\adaptiveface\data\lfw\Rod_Thorn\Rod_Thorn_0001.jpg,False,False,False,full,0.10008226335048676,caizhuoyan
naive,chenxiang,C:\Users\tahak\ogproject\adaptiveface\data\rmfd\AFDB_masked_face_dataset\chenxiang\0_0_4.jpg,True,True,True,full,0.1548539698123932,chenxiang
naive,pengjing,C:\Users\tahak\ogproject\adaptiveface\data\rmfd\AFDB_face_dataset\pengjing\1_0_pengjing_0013.jpg,False,True,False,full,0.2804647386074066,xiongnaijin
naive,qinjunjie,C:\Users\tahak\ogproject\adaptiveface\data\rmfd\AFDB_face_dataset\qinjunjie\0_0_qinjunjie_0130.jpg,False,True,False,full,0.39396101236343384,qinjunjie
naive,huangrihua,C:\Users\tahak\ogproject\adaptiveface\data\rmfd\AFDB_face_dataset\huangrihua\1_0_huangrihua_0073.jpg,False,True,False,full,0.5532026290893555,huangrihua
naive,yumenglong,C:\Users\tahak\ogproject\adaptiveface\data\rmfd\AFDB_masked_face_dataset\yumenglong\0_0_0.jpg,True,True,True,full,0.3651009798049927,yumenglong
naive,maqiguang,C:\Users\tahak\ogproject\adaptiveface\data\rmfd\AFDB_masked_face_dataset\maqiguang\0_0_1.jpg,True,True,True,full,0.39077216386795044,maqiguang
naive,huge,C:\Users\tahak\ogproject\adaptiveface\data\rmfd\AFDB_face_dataset\huge\1_0_huge_0082.jpg,False,True,False,full,0.5163528919219971,huge
naive,liuye,C:\Users\tahak\ogproject\adaptiveface\data\rmfd\AFDB_face_dataset\liuye\1_0_liuye_0103.jpg,False,True,False,full,0.6312289237976074,liuye
naive,yangqianhua,C:\Users\tahak\ogproject\adaptiveface\data\rmfd\AFDB_masked_face_dataset\yangqianhua\1_0_0.jpg,True,True,True,full,0.3480191230773926,yangqianhua
naive,zhanghanyun,C:\Users\tahak\ogproject\adaptiveface\data\rmfd\AFDB_face_dataset\zhanghanyun\1_0_zhanghanyun_0260.jpg,False,True,False,full,0.37761712074279785,zhanghanyun
naive,wangqing,C:\Users\tahak\ogproject\adaptiveface\data\rmfd\AFDB_face_dataset\wangqing\1_0_wangqing_0067.jpg,False,True,False,full,0.17032331228256226,xuxidi
naive,Mark_Hurlbert,C:\Users\tahak\ogproject\adaptiveface\data\lfw\Mark_Hurlbert\Mark_Hurlbert_0005.jpg,False,False,False,full,0.08059798926115036,zhangzifeng
naive,wangou,C:\Users\tahak\ogproject\adaptiveface\data\rmfd\AFDB_masked_face_dataset\wangou\0_0_16.jpg,True,True,True,full,0.26672154664993286,lixirui
naive,yangqianhua,C:\Users\tahak\ogproject\adaptiveface\data\rmfd\AFDB_masked_face_dataset\yangqianhua\0_0_2.jpg,True,True,True,full,0.2231997549533844,xieanqi
naive,xudongdong,C:\Users\tahak\ogproject\adaptiveface\data\rmfd\AFDB_masked_face_dataset\xudongdong\0_0_0.jpg,True,True,True,full,0.2630198001861572,xudongdong
naive,zhengyecheng,C:\Users\tahak\ogproject\adaptiveface\data\rmfd\AFDB_face_dataset\zhengyecheng\1_0_zhengyecheng_0129.jpg,False,True,False,full,0.61100172996521,zhengyecheng
naive,Carlos_Moya,C:\Users\tahak\ogproject\adaptiveface\data\lfw\Carlos_Moya\Carlos_Moya_0017.jpg,False,False,False,full,0.1129864901304245,gongbeibi
naive,liudehua,C:\Users\tahak\ogproject\adaptiveface\data\rmfd\AFDB_face_dataset\liudehua\1_0_liudehua_0238.jpg,False,True,False,full,0.3992358446121216,liudehua
naive,Carlos_Moya,C:\Users\tahak\ogproject\adaptiveface\data\lfw\Carlos_Moya\Carlos_Moya_0005.jpg,False,False,False,full,0.1606096476316452,wangqing
naive,Dereck_Whittenburg,C:\Users\tahak\ogproject\adaptiveface\data\lfw\Dereck_Whittenburg\Dereck_Whittenburg_0001.jpg,False,False,False,full,0.2169945240020752,yuyi
naive,zhuowenxuan,C:\Users\tahak\ogproject\adaptiveface\data\rmfd\AFDB_face_dataset\zhuowenxuan\0_0_zhuowenxuan_0046.jpg,False,True,False,full,0.3138153553009033,zhuowenxuan
naive,Billy_Sollie,C:\Users\tahak\ogproject\adaptiveface\data\lfw\Billy_Sollie\Billy_Sollie_0001.jpg,False,False,False,full,0.15744943916797638,hanqingzi
naive,huangrihua,C:\Users\tahak\ogproject\adaptiveface\data\rmfd\AFDB_face_dataset\huangrihua\1_0_huangrihua_0019.jpg,False,True,False,full,0.6806657314300537,huangrihua
naive,handongjun,C:\Users\tahak\ogproject\adaptiveface\data\rmfd\AFDB_face_dataset\handongjun\1_0_handongjun_0032.jpg,False,True,False,full,0.267425537109375,maqiguang
naive,zhangzifeng,C:\Users\tahak\ogproject\adaptiveface\data\rmfd\AFDB_face_dataset\zhangzifeng\1_0_zhangzifeng_0126.jpg,False,True,False,full,0.519951581954956,zhangzifeng
naive,lufangsheng,C:\Users\tahak\ogproject\adaptiveface\data\rmfd\AFDB_face_dataset\lufangsheng\1_0_lufangsheng_0194.jpg,False,True,False,full,0.5386401414871216,lufangsheng
naive,zhourunfa,C:\Users\tahak\ogproject\adaptiveface\data\rmfd\AFDB_masked_face_dataset\zhourunfa\0_0_3.jpg,True,True,True,full,0.21043246984481812,weidaxun
naive,chenkun,C:\Users\tahak\ogproject\adaptiveface\data\rmfd\AFDB_face_dataset\chenkun\1_0_chenkun_0056.jpg,False,True,False,full,0.3908148407936096,chenkun
naive,chenkun,C:\Users\tahak\ogproject\adaptiveface\data\rmfd\AFDB_masked_face_dataset\chenkun\0_0_10.jpg,True,True,True,full,0.17283082008361816,chenkun
naive,wangkai,C:\Users\tahak\ogproject\adaptiveface\data\rmfd\AFDB_face_dataset\wangkai\1_0_wangkai_0109.jpg,False,True,False,full,0.45528703927993774,wangkai
naive,jiangyiyi,C:\Users\tahak\ogproject\adaptiveface\data\rmfd\AFDB_masked_face_dataset\jiangyiyi\0_0_0.jpg,True,True,True,full,0.3767000436782837,zhangxueying
naive,yangzi,C:\Users\tahak\ogproject\adaptiveface\data\rmfd\AFDB_face_dataset\yangzi\1_0_yangzi_0181.jpg,False,True,False,full,0.5050724744796753,yangzi
naive,caizhuoyan,C:\Users\tahak\ogproject\adaptiveface\data\rmfd\AFDB_masked_face_dataset\caizhuoyan\0_0_1.jpg,True,True,True,full,0.2844811677932739,caizhuoyan
naive,weidaxun,C:\Users\tahak\ogproject\adaptiveface\data\rmfd\AFDB_face_dataset\weidaxun\0_0_weidaxun_0154.jpg,False,True,False,full,0.2879401445388794,weidaxun
naive,linyuan,C:\Users\tahak\ogproject\adaptiveface\data\rmfd\AFDB_face_dataset\linyuan\1_0_linyuan_0085.jpg,False,True,False,full,0.3335411846637726,linyuan
naive,zhengkai,C:\Users\tahak\ogproject\adaptiveface\data\rmfd\AFDB_face_dataset\zhengkai\1_0_zhengkai_0174.jpg,False,True,False,full,0.2068430483341217,liuruilin
naive,zhaoyazhi,C:\Users\tahak\ogproject\adaptiveface\data\rmfd\AFDB_masked_face_dataset\zhaoyazhi\0_0_0.jpg,True,True,True,full,0.30179286003112793,yeyiqian
naive,Stephane_Rousseau,C:\Users\tahak\ogproject\adaptiveface\data\lfw\Stephane_Rousseau\Stephane_Rousseau_0001.jpg,False,False,False,full,0.12354396283626556,zhangtianai
naive,zhaoliying,C:\Users\tahak\ogproject\adaptiveface\data\rmfd\AFDB_face_dataset\zhaoliying\1_0_zhaoliying_0057.jpg,False,True,False,full,0.44209936261177063,zhaoliying
naive,Zoran_Djindjic,C:\Users\tahak\ogproject\adaptiveface\data\lfw\Zoran_Djindjic\Zoran_Djindjic_0002.jpg,False,False,False,full,0.10249555110931396,yinzheng
naive,xuezhiqian,C:\Users\tahak\ogproject\adaptiveface\data\rmfd\AFDB_face_dataset\xuezhiqian\1_0_xuezhiqian_0030.jpg,False,True,False,full,0.27670595049858093,wulei
naive,wangzuxian,C:\Users\tahak\ogproject\adaptiveface\data\rmfd\AFDB_face_dataset\wangzuxian\1_0_wangzuxian_0224.jpg,False,True,False,full,0.5480756163597107,wangzuxian
naive,wangqing,C:\Users\tahak\ogproject\adaptiveface\data\rmfd\AFDB_face_dataset\wangqing\1_0_wangqing_0077.jpg,False,True,False,full,0.4406415522098541,wangqing
naive,zhouxun,C:\Users\tahak\ogproject\adaptiveface\data\rmfd\AFDB_masked_face_dataset\zhouxun\0_0_10.jpg,True,True,True,full,0.21449056267738342,zhouxun
naive,lixirui,C:\Users\tahak\ogproject\adaptiveface\data\rmfd\AFDB_face_dataset\lixirui\1_0_lixirui_0058.jpg,False,True,False,full,0.367212176322937,lixirui
naive,guanxiaotong,C:\Users\tahak\ogproject\adaptiveface\data\rmfd\AFDB_masked_face_dataset\guanxiaotong\1_0_2.jpg,True,True,True,full,0.2842339873313904,zhangxueying
naive,wangzuxian,C:\Users\tahak\ogproject\adaptiveface\data\rmfd\AFDB_face_dataset\wangzuxian\1_0_wangzuxian_0068.jpg,False,True,False,full,0.45238131284713745,wangzuxian
naive,lixirui,C:\Users\tahak\ogproject\adaptiveface\data\rmfd\AFDB_face_dataset\lixirui\1_0_lixirui_0189.jpg,False,True,False,full,0.26267772912979126,lixirui
naive,yanyikuan,C:\Users\tahak\ogproject\adaptiveface\data\rmfd\AFDB_face_dataset\yanyikuan\1_0_yanyikuan_0057.jpg,False,True,False,full,0.42785775661468506,yanyikuan
naive,zhangguoli,C:\Users\tahak\ogproject\adaptiveface\data\rmfd\AFDB_face_dataset\zhangguoli\1_0_zhangguoli_0034.jpg,False,True,False,full,0.5560118556022644,zhangguoli
naive,Celso_Amorim,C:\Users\tahak\ogproject\adaptiveface\data\lfw\Celso_Amorim\Celso_Amorim_0001.jpg,False,False,False,full,0.11913155764341354,wangyuan
naive,zhangxueyou,C:\Users\tahak\ogproject\adaptiveface\data\rmfd\AFDB_face_dataset\zhangxueyou\1_0_zhangxueyou_0020.jpg,False,True,False,full,0.5892666578292847,zhangxueyou
naive,huozun,C:\Users\tahak\ogproject\adaptiveface\data\rmfd\AFDB_masked_face_dataset\huozun\0_0_7.jpg,True,True,True,full,0.41352760791778564,huozun
naive,hanqingzi,C:\Users\tahak\ogproject\adaptiveface\data\rmfd\AFDB_masked_face_dataset\hanqingzi\0_0_0.jpg,True,True,True,full,0.20185545086860657,zhangxueying
naive,Nicanor_Duarte_Frutos,C:\Users\tahak\ogproject\adaptiveface\data\lfw\Nicanor_Duarte_Frutos\Nicanor_Duarte_Frutos_0002.jpg,False,False,False,full,0.12013012170791626,fanwei
naive,songqian,C:\Users\tahak\ogproject\adaptiveface\data\rmfd\AFDB_masked_face_dataset\songqian\0_0_0.jpg,True,True,True,full,0.24379479885101318,songqian
naive,huashao,C:\Users\tahak\ogproject\adaptiveface\data\rmfd\AFDB_masked_face_dataset\huashao\0_0_3.jpg,True,True,True,full,0.16301658749580383,fengjianyu
naive,zhengyecheng,C:\Users\tahak\ogproject\adaptiveface\data\rmfd\AFDB_masked_face_dataset\zhengyecheng\0_0_2.jpg,True,True,True,full,0.2703568935394287,fengjianyu
naive,Michael_Chiklis,C:\Users\tahak\ogproject\adaptiveface\data\lfw\Michael_Chiklis\Michael_Chiklis_0005.jpg,False,False,False,full,0.13417823612689972,yinzheng
naive,xuhaiqiao,C:\Users\tahak\ogproject\adaptiveface\data\rmfd\AFDB_masked_face_dataset\xuhaiqiao\0_0_17.jpg,True,True,True,full,0.18889309465885162,jianailiang
naive,lidaimo,C:\Users\tahak\ogproject\adaptiveface\data\rmfd\AFDB_masked_face_dataset\lidaimo\0_0_3.jpg,True,True,True,full,0.2702217698097229,lidaimo
naive,Carlo_Ancelotti,C:\Users\tahak\ogproject\adaptiveface\data\lfw\Carlo_Ancelotti\Carlo_Ancelotti_0003.jpg,False,False,False,full,0.13766932487487793,mali
naive,daipeini,C:\Users\tahak\ogproject\adaptiveface\data\rmfd\AFDB_masked_face_dataset\daipeini\0_0_5.jpg,True,True,True,full,0.23609381914138794,daipeini
naive,Bernard_Landry,C:\Users\tahak\ogproject\adaptiveface\data\lfw\Bernard_Landry\Bernard_Landry_0004.jpg,False,False,False,full,0.13886898756027222,licaihua
naive,masu,C:\Users\tahak\ogproject\adaptiveface\data\rmfd\AFDB_masked_face_dataset\masu\0_0_23.jpg,True,True,True,full,0.2429724931716919,zhangtianai
naive,xuxidi,C:\Users\tahak\ogproject\adaptiveface\data\rmfd\AFDB_face_dataset\xuxidi\1_0_xuxidi_0034.jpg,False,True,False,full,0.3844623565673828,xuxidi
naive,lidaimo,C:\Users\tahak\ogproject\adaptiveface\data\rmfd\AFDB_face_dataset\lidaimo\1_0_lidaimo_0094.jpg,False,True,False,full,0.5765314102172852,lidaimo
naive,chenxiang,C:\Users\tahak\ogproject\adaptiveface\data\rmfd\AFDB_face_dataset\chenxiang\0_0_chenxiang_0006.jpg,False,True,False,full,0.4460340738296509,chenxiang
naive,wangyuan,C:\Users\tahak\ogproject\adaptiveface\data\rmfd\AFDB_masked_face_dataset\wangyuan\0_0_24.jpg,True,True,True,full,0.2007565200328827,xuhao
naive,yinzheng,C:\Users\tahak\ogproject\adaptiveface\data\rmfd\AFDB_masked_face_dataset\yinzheng\0_0_1.png,True,True,True,full,0.39112383127212524,yinzheng
naive,xuxidi,C:\Users\tahak\ogproject\adaptiveface\data\rmfd\AFDB_masked_face_dataset\xuxidi\1_0_1.jpg,True,True,True,full,0.20035149157047272,tanweiwei
naive,yumenglong,C:\Users\tahak\ogproject\adaptiveface\data\rmfd\AFDB_face_dataset\yumenglong\1_0_yumenglong_0058.jpg,False,True,False,full,0.3112342357635498,yumenglong
naive,Romario_Farias,C:\Users\tahak\ogproject\adaptiveface\data\lfw\Romario_Farias\Romario_Farias_0001.jpg,False,False,False,full,0.12878762185573578,yumenglong
naive,yingcaier,C:\Users\tahak\ogproject\adaptiveface\data\rmfd\AFDB_masked_face_dataset\yingcaier\0_0_0.jpg,True,True,True,full,0.2039840817451477,caobingkun
naive,matianyu,C:\Users\tahak\ogproject\adaptiveface\data\rmfd\AFDB_masked_face_dataset\matianyu\0_0_20.jpg,True,True,True,full,0.37562376260757446,matianyu
naive,yumenglong,C:\Users\tahak\ogproject\adaptiveface\data\rmfd\AFDB_face_dataset\yumenglong\1_0_yumenglong_0063.jpg,False,True,False,full,0.5656452775001526,yumenglong
naive,jingbairan,C:\Users\tahak\ogproject\adaptiveface\data\rmfd\AFDB_face_dataset\jingbairan\1_0_jingbairan_0193.jpg,False,True,False,full,0.425351619720459,jingbairan
naive,wangyuan,C:\Users\tahak\ogproject\adaptiveface\data\rmfd\AFDB_face_dataset\wangyuan\1_0_wangyuan_0152.jpg,False,True,False,full,0.4258018732070923,wangyuan
naive,zhangxueying,C:\Users\tahak\ogproject\adaptiveface\data\rmfd\AFDB_masked_face_dataset\zhangxueying\0_0_4.jpg,True,True,True,full,0.22371812164783478,jingbairan
naive,chenfarong,C:\Users\tahak\ogproject\adaptiveface\data\rmfd\AFDB_face_dataset\chenfarong\1_0_chenfarong_0137.jpg,False,True,False,full,0.3714245557785034,chenfarong
naive,Khaled_Sawalhi,C:\Users\tahak\ogproject\adaptiveface\data\lfw\Khaled_Sawalhi\Khaled_Sawalhi_0001.jpg,False,False,False,full,0.1610446274280548,wangluodan
naive,zhaoliying,C:\Users\tahak\ogproject\adaptiveface\data\rmfd\AFDB_face_dataset\zhaoliying\1_0_zhaoliying_0172.jpg,False,True,False,full,0.589627206325531,zhaoliying
naive,Russell_Crowe,C:\Users\tahak\ogproject\adaptiveface\data\lfw\Russell_Crowe\Russell_Crowe_0002.jpg,False,False,False,full,0.13856324553489685,chenxiang
naive,zhaoyihuan,C:\Users\tahak\ogproject\adaptiveface\data\rmfd\AFDB_face_dataset\zhaoyihuan\1_0_zhaoyihuan_0195.jpg,False,True,False,full,0.5442334413528442,zhaoyihuan
naive,huangxuan,C:\Users\tahak\ogproject\adaptiveface\data\rmfd\AFDB_masked_face_dataset\huangxuan\0_0_22.jpg,True,True,True,full,0.2365180253982544,huangxuan
naive,zhangliangying,C:\Users\tahak\ogproject\adaptiveface\data\rmfd\AFDB_face_dataset\zhangliangying\1_0_zhangliangying_0021.jpg,False,True,False,full,0.5969184637069702,zhangliangying
naive,jianailiang,C:\Users\tahak\ogproject\adaptiveface\data\rmfd\AFDB_masked_face_dataset\jianailiang\0_0_5.jpg,True,True,True,full,0.24019458889961243,caiguoqing
naive,xiongnaijin,C:\Users\tahak\ogproject\adaptiveface\data\rmfd\AFDB_face_dataset\xiongnaijin\1_0_xiongnaijin_0219.jpg,False,True,False,full,0.31772685050964355,zhangjingjing
naive,yinengjing,C:\Users\tahak\ogproject\adaptiveface\data\rmfd\AFDB_masked_face_dataset\yinengjing\0_0_1.jpg,True,True,True,full,0.27392351627349854,gongbeibi
naive,wangou,C:\Users\tahak\ogproject\adaptiveface\data\rmfd\AFDB_face_dataset\wangou\1_0_wangou_0285.jpg,False,True,False,full,0.3206883668899536,wangou
naive,guojingjing,C:\Users\tahak\ogproject\adaptiveface\data\rmfd\AFDB_masked_face_dataset\guojingjing\1_0_3.jpg,True,True,True,full,0.287479043006897,liuxiang
naive,yuyi,C:\Users\tahak\ogproject\adaptiveface\data\rmfd\AFDB_masked_face_dataset\yuyi\0_0_1.jpg,True,True,True,full,0.3936563730239868,yuyi
naive,fanwei,C:\Users\tahak\ogproject\adaptiveface\data\rmfd\AFDB_face_dataset\fanwei\1_0_fanwei_0016.jpg,False,True,False,full,0.5139646530151367,fanwei
naive,huangrihua,C:\Users\tahak\ogproject\adaptiveface\data\rmfd\AFDB_masked_face_dataset\huangrihua\0_0_2.jpg,True,True,True,full,0.30159997940063477,huangrihua
naive,liushishi,C:\Users\tahak\ogproject\adaptiveface\data\rmfd\AFDB_masked_face_dataset\liushishi\0_0_5.jpg,True,True,True,full,0.33262577652931213,liushishi
naive,John_Goold,C:\Users\tahak\ogproject\adaptiveface\data\lfw\John_Goold\John_Goold_0001.jpg,False,False,False,full,0.12618054449558258,yangqianhua
naive,Patricia_Johnson,C:\Users\tahak\ogproject\adaptiveface\data\lfw\Patricia_Johnson\Patricia_Johnson_0001.jpg,False,False,False,full,0.18712443113327026,yangzi
naive,xiongdailin,C:\Users\tahak\ogproject\adaptiveface\data\rmfd\AFDB_masked_face_dataset\xiongdailin\0_0_1.jpeg,True,True,True,full,0.40370526909828186,xiongdailin
naive,yuyi,C:\Users\tahak\ogproject\adaptiveface\data\rmfd\AFDB_face_dataset\yuyi\1_0_yuyi_0098.jpg,False,True,False,full,0.5156644582748413,yuyi
naive,weidaxun,C:\Users\tahak\ogproject\adaptiveface\data\rmfd\AFDB_masked_face_dataset\weidaxun\0_0_6.jpg,True,True,True,full,0.2799692749977112,weidaxun
naive,zhaoyazhi,C:\Users\tahak\ogproject\adaptiveface\data\rmfd\AFDB_face_dataset\zhaoyazhi\1_0_zhaoyazhi_0175.jpg,False,True,False,full,0.5484371781349182,zhaoyazhi
naive,lanyingying,C:\Users\tahak\ogproject\adaptiveface\data\rmfd\AFDB_face_dataset\lanyingying\1_0_lanyingying_0040.jpg,False,True,False,full,0.5265089273452759,lanyingying
naive,zhangbinbin,C:\Users\tahak\ogproject\adaptiveface\data\rmfd\AFDB_face_dataset\zhangbinbin\1_0_zhangbinbin_0170.jpg,False,True,False,full,0.5686715841293335,zhangbinbin
naive,guojingfei,C:\Users\tahak\ogproject\adaptiveface\data\rmfd\AFDB_masked_face_dataset\guojingfei\0_1_6.jpg,True,True,True,full,0.18017593026161194,yanni
naive,zhangxueying,C:\Users\tahak\ogproject\adaptiveface\data\rmfd\AFDB_face_dataset\zhangxueying\1_0_zhangxueying_0065.jpg,False,True,False,full,0.252187579870224,zhangxueying
naive,Stephen_Cooper,C:\Users\tahak\ogproject\adaptiveface\data\lfw\Stephen_Cooper\Stephen_Cooper_0001.jpg,False,False,False,full,0.13495437800884247,jiangjinfu
naive,tongliya,C:\Users\tahak\ogproject\adaptiveface\data\rmfd\AFDB_masked_face_dataset\tongliya\0_0_2.jpg,True,True,True,full,0.2524232566356659,tongliya
naive,xiongdailin,C:\Users\tahak\ogproject\adaptiveface\data\rmfd\AFDB_masked_face_dataset\xiongdailin\0_0_0.jpg,True,True,True,full,0.31517302989959717,xiongdailin
naive,yanyikuan,C:\Users\tahak\ogproject\adaptiveface\data\rmfd\AFDB_masked_face_dataset\yanyikuan\0_0_2.jpg,True,True,True,full,0.3406440317630768,fengjianyu
naive,John_Elway,C:\Users\tahak\ogproject\adaptiveface\data\lfw\John_Elway\John_Elway_0001.jpg,False,False,False,full,0.1602454036474228,zhangshaohan
naive,Tim_Conway,C:\Users\tahak\ogproject\adaptiveface\data\lfw\Tim_Conway\Tim_Conway_0003.jpg,False,False,False,full,0.15564341843128204,liyifeng
naive,zhangxueyou,C:\Users\tahak\ogproject\adaptiveface\data\rmfd\AFDB_face_dataset\zhangxueyou\1_0_zhangxueyou_0200.jpg,False,True,False,full,0.4135945737361908,zhangxueyou
naive,Sammy_Sosa,C:\Users\tahak\ogproject\adaptiveface\data\lfw\Sammy_Sosa\Sammy_Sosa_0002.jpg,False,False,False,full,0.18131843209266663,zhangguoli
naive,zhangzifeng,C:\Users\tahak\ogproject\adaptiveface\data\rmfd\AFDB_masked_face_dataset\zhangzifeng\0_1_53.jpg,True,True,False,full,0.2966685891151428,yangqianhua
naive,tongliya,C:\Users\tahak\ogproject\adaptiveface\data\rmfd\AFDB_face_dataset\tongliya\1_0_tongliya_0148.jpg,False,True,False,full,0.4582575559616089,tongliya
naive,tongliya,C:\Users\tahak\ogproject\adaptiveface\data\rmfd\AFDB_masked_face_dataset\tongliya\0_0_0.jpg,True,True,True,full,0.25044289231300354,xuhao
naive,qiuze,C:\Users\tahak\ogproject\adaptiveface\data\rmfd\AFDB_face_dataset\qiuze\1_0_qiuze_0097.jpg,False,True,False,full,0.5568944215774536,qiuze
naive,xieanqi,C:\Users\tahak\ogproject\adaptiveface\data\rmfd\AFDB_masked_face_dataset\xieanqi\0_1_10.jpg,True,True,True,full,0.2213597148656845,xieanqi
naive,Alexandra_Spann,C:\Users\tahak\ogproject\adaptiveface\data\lfw\Alexandra_Spann\Alexandra_Spann_0001.jpg,False,False,False,full,0.1323372721672058,tangwei
naive,jingbairan,C:\Users\tahak\ogproject\adaptiveface\data\rmfd\AFDB_masked_face_dataset\jingbairan\0_0_0.jpg,True,True,True,full,0.21630917489528656,jingbairan
naive,tanweiwei,C:\Users\tahak\ogproject\adaptiveface\data\rmfd\AFDB_masked_face_dataset\tanweiwei\0_0_3.jpg,True,True,False,full,0.20779505372047424,mowenwei
naive,liuruilin,C:\Users\tahak\ogproject\adaptiveface\data\rmfd\AFDB_face_dataset\liuruilin\1_0_liuruilin_0241.jpg,False,True,False,full,0.45184391736984253,liuruilin
naive,yingcaier,C:\Users\tahak\ogproject\adaptiveface\data\rmfd\AFDB_masked_face_dataset\yingcaier\0_0_4.jpg,True,True,True,full,0.18748386204242706,guanxiaotong
naive,shaofeng,C:\Users\tahak\ogproject\adaptiveface\data\rmfd\AFDB_masked_face_dataset\shaofeng\0_0_0.png,True,True,True,full,0.2930222451686859,shaofeng
naive,chenjiaqi,C:\Users\tahak\ogproject\adaptiveface\data\rmfd\AFDB_face_dataset\chenjiaqi\1_0_chenjiaqi_0007.jpg,False,True,False,full,0.47453755140304565,chenjiaqi
naive,huangzhongkun,C:\Users\tahak\ogproject\adaptiveface\data\rmfd\AFDB_masked_face_dataset\huangzhongkun\0_0_0.png,True,True,True,full,0.3476001024246216,huangzhongkun
naive,Bernard_Landry,C:\Users\tahak\ogproject\adaptiveface\data\lfw\Bernard_Landry\Bernard_Landry_0003.jpg,False,False,False,full,0.18146967887878418,licaihua
naive,zhangliangying,C:\Users\tahak\ogproject\adaptiveface\data\rmfd\AFDB_masked_face_dataset\zhangliangying\0_0_1.jpg,True,True,True,full,0.25853854417800903,zhangliangying
naive,huojianhua,C:\Users\tahak\ogproject\adaptiveface\data\rmfd\AFDB_face_dataset\huojianhua\1_0_huojianhua_0129.jpg,False,True,False,full,0.4859229326248169,huojianhua
naive,linxinru,C:\Users\tahak\ogproject\adaptiveface\data\rmfd\AFDB_masked_face_dataset\linxinru\0_0_16.jpg,True,True,True,full,0.49950242042541504,linxinru
naive,Carlos_Moya,C:\Users\tahak\ogproject\adaptiveface\data\lfw\Carlos_Moya\Carlos_Moya_0015.jpg,False,False,False,full,0.1494094878435135,lianghanwen
naive,sunyizhou,C:\Users\tahak\ogproject\adaptiveface\data\rmfd\AFDB_masked_face_dataset\sunyizhou\0_0_1.jpg,True,True,True,full,0.40223509073257446,sunyizhou
naive,zhourunfa,C:\Users\tahak\ogproject\adaptiveface\data\rmfd\AFDB_masked_face_dataset\zhourunfa\0_0_2.jpg,True,True,True,full,0.19950106739997864,liyifeng
naive,huge,C:\Users\tahak\ogproject\adaptiveface\data\rmfd\AFDB_masked_face_dataset\huge\0_0_3.jpg,True,True,False,full,0.1692916303873062,liuxiang
oracle,huojianhua,C:\Users\tahak\ogproject\adaptiveface\data\rmfd\AFDB_masked_face_dataset\huojianhua\0_0_21.jpg,True,True,True,upper,0.30408990383148193,liushishi
oracle,zhaoyazhi,C:\Users\tahak\ogproject\adaptiveface\data\rmfd\AFDB_face_dataset\zhaoyazhi\1_0_zhaoyazhi_0198.jpg,False,True,False,full,0.46311020851135254,zhaoyazhi
oracle,Carlos_Moya,C:\Users\tahak\ogproject\adaptiveface\data\lfw\Carlos_Moya\Carlos_Moya_0002.jpg,False,False,False,full,0.11475461721420288,wangzuxian
oracle,xiaozhan,C:\Users\tahak\ogproject\adaptiveface\data\rmfd\AFDB_masked_face_dataset\xiaozhan\0_0_28.jpg,True,True,True,upper,0.36305665969848633,xiaozhan
oracle,zhangshaohan,C:\Users\tahak\ogproject\adaptiveface\data\rmfd\AFDB_masked_face_dataset\zhangshaohan\0_0_3.jpg,True,True,True,upper,0.20758754014968872,zhuowenxuan
oracle,lvyi,C:\Users\tahak\ogproject\adaptiveface\data\rmfd\AFDB_face_dataset\lvyi\1_0_lvyi_0136.jpg,False,True,False,full,0.2720138430595398,wangou
oracle,daipeini,C:\Users\tahak\ogproject\adaptiveface\data\rmfd\AFDB_face_dataset\daipeini\1_0_daipeini_0001.jpg,False,True,False,full,0.4853149652481079,daipeini
oracle,linyichen,C:\Users\tahak\ogproject\adaptiveface\data\rmfd\AFDB_face_dataset\linyichen\1_0_linyichen_0328.jpg,False,True,False,full,0.1961430311203003,zhaoliying
oracle,Bernard_Law,C:\Users\tahak\ogproject\adaptiveface\data\lfw\Bernard_Law\Bernard_Law_0005.jpg,False,False,False,full,0.13346102833747864,zhangshaohan
oracle,huangzitao,C:\Users\tahak\ogproject\adaptiveface\data\rmfd\AFDB_face_dataset\huangzitao\1_0_huangzitao_0108.jpg,False,True,False,full,0.6773836016654968,huangzitao
oracle,Ben_Betts,C:\Users\tahak\ogproject\adaptiveface\data\lfw\Ben_Betts\Ben_Betts_0001.jpg,False,False,False,full,0.1360606700181961,wulei
oracle,shaofeng,C:\Users\tahak\ogproject\adaptiveface\data\rmfd\AFDB_face_dataset\shaofeng\1_0_shaofeng_0001.jpg,False,True,False,full,0.530182957649231,shaofeng
oracle,Thomas_Bjorn,C:\Users\tahak\ogproject\adaptiveface\data\lfw\Thomas_Bjorn\Thomas_Bjorn_0002.jpg,False,False,False,full,0.13941580057144165,maoxiaotong
oracle,Intisar_Ajouri,C:\Users\tahak\ogproject\adaptiveface\data\lfw\Intisar_Ajouri\Intisar_Ajouri_0003.jpg,False,False,False,full,0.14091767370700836,hejiong
oracle,Elena_Tihomirova,C:\Users\tahak\ogproject\adaptiveface\data\lfw\Elena_Tihomirova\Elena_Tihomirova_0001.jpg,False,False,False,full,0.12616512179374695,zhangxueying
oracle,Nicanor_Duarte_Frutos,C:\Users\tahak\ogproject\adaptiveface\data\lfw\Nicanor_Duarte_Frutos\Nicanor_Duarte_Frutos_0010.jpg,False,False,False,full,0.130339577794075,xiaozhan
oracle,huangzitao,C:\Users\tahak\ogproject\adaptiveface\data\rmfd\AFDB_masked_face_dataset\huangzitao\0_0_2.jpg,True,True,False,upper,0.295946329832077,yangqianhua
oracle,zhangtianai,C:\Users\tahak\ogproject\adaptiveface\data\rmfd\AFDB_masked_face_dataset\zhangtianai\0_0_8.jpg,True,True,True,upper,0.2426854372024536,zhangshaohan
oracle,Bernard_Law,C:\Users\tahak\ogproject\adaptiveface\data\lfw\Bernard_Law\Bernard_Law_0001.jpg,False,False,False,full,0.11968498677015305,zhangbinbin
oracle,Tyra_Banks,C:\Users\tahak\ogproject\adaptiveface\data\lfw\Tyra_Banks\Tyra_Banks_0002.jpg,False,False,False,full,0.1532139778137207,zhouxun
oracle,Michael_Phelps,C:\Users\tahak\ogproject\adaptiveface\data\lfw\Michael_Phelps\Michael_Phelps_0002.jpg,False,False,False,full,0.15635542571544647,huangrihua
oracle,Martha_Lucia_Ramirez,C:\Users\tahak\ogproject\adaptiveface\data\lfw\Martha_Lucia_Ramirez\Martha_Lucia_Ramirez_0002.jpg,False,False,False,full,0.14236071705818176,xiongdailin
oracle,zhangyi,C:\Users\tahak\ogproject\adaptiveface\data\rmfd\AFDB_masked_face_dataset\zhangyi\0_0_0.jpg,True,True,True,upper,0.22267374396324158,zhangyi
oracle,xuhao,C:\Users\tahak\ogproject\adaptiveface\data\rmfd\AFDB_masked_face_dataset\xuhao\0_0_0.jpg,True,True,False,upper,0.6444494724273682,xuhao
oracle,Boris_Henry,C:\Users\tahak\ogproject\adaptiveface\data\lfw\Boris_Henry\Boris_Henry_0001.jpg,False,False,False,full,0.14367857575416565,jianailiang
oracle,lianghanwen,C:\Users\tahak\ogproject\adaptiveface\data\rmfd\AFDB_face_dataset\lianghanwen\1_0_lianghanwen_0181.jpg,False,True,False,full,0.22912082076072693,yumenglong
oracle,zhangluyi,C:\Users\tahak\ogproject\adaptiveface\data\rmfd\AFDB_masked_face_dataset\zhangluyi\0_0_0.png,True,True,True,upper,0.4391372799873352,zhangluyi
oracle,maqiguang,C:\Users\tahak\ogproject\adaptiveface\data\rmfd\AFDB_face_dataset\maqiguang\1_0_maqiguang_0041.jpg,False,True,False,full,0.3400622606277466,maqiguang
oracle,liushishi,C:\Users\tahak\ogproject\adaptiveface\data\rmfd\AFDB_face_dataset\liushishi\1_0_liushishi_0149.jpg,False,True,False,full,0.26332083344459534,jiangkaitong
oracle,guojingjing,C:\Users\tahak\ogproject\adaptiveface\data\rmfd\AFDB_face_dataset\guojingjing\0_0_guojingjing_0211.jpg,False,True,False,full,0.4261454939842224,guojingjing
oracle,luozhixiang,C:\Users\tahak\ogproject\adaptiveface\data\rmfd\AFDB_masked_face_dataset\luozhixiang\0_0_4.jpg,True,True,True,upper,0.33687132596969604,yangqianhua
oracle,jianghongbo,C:\Users\tahak\ogproject\adaptiveface\data\rmfd\AFDB_masked_face_dataset\jianghongbo\0_0_0.jpg,True,True,True,upper,0.35820382833480835,jianghongbo
oracle,yingcaier,C:\Users\tahak\ogproject\adaptiveface\data\rmfd\AFDB_face_dataset\yingcaier\1_0_yingcaier_0018.jpg,False,True,False,full,0.2800155282020569,zhangliangying
oracle,xudongdong,C:\Users\tahak\ogproject\adaptiveface\data\rmfd\AFDB_face_dataset\xudongdong\1_0_xudongdong_0234.jpg,False,True,False,full,0.3578386902809143,xudongdong
oracle,zhaoyihuan,C:\Users\tahak\ogproject\adaptiveface\data\rmfd\AFDB_face_dataset\zhaoyihuan\1_0_zhaoyihuan_0177.jpg,False,True,False,full,0.23325487971305847,zhuowenxuan
oracle,Ivan_Helguera,C:\Users\tahak\ogproject\adaptiveface\data\lfw\Ivan_Helguera\Ivan_Helguera_0001.jpg,False,False,False,full,0.15079480409622192,gutianle
oracle,jingbairan,C:\Users\tahak\ogproject\adaptiveface\data\rmfd\AFDB_masked_face_dataset\jingbairan\0_0_3.jpg,True,True,True,upper,0.33702951669692993,wangluodan
oracle,luozhixiang,C:\Users\tahak\ogproject\adaptiveface\data\rmfd\AFDB_face_dataset\luozhixiang\0_0_luozhixiang_0011.jpg,False,True,False,full,0.20505470037460327,fengjianyu
oracle,lvjiarong,C:\Users\tahak\ogproject\adaptiveface\data\rmfd\AFDB_face_dataset\lvjiarong\0_0_lvjiarong_0130.jpg,False,True,False,full,0.25198137760162354,tanweiwei
oracle,zhengyecheng,C:\Users\tahak\ogproject\adaptiveface\data\rmfd\AFDB_face_dataset\zhengyecheng\1_0_zhengyecheng_0174.jpg,False,True,False,full,0.5356742143630981,zhengyecheng
oracle,Michael_Chiklis,C:\Users\tahak\ogproject\adaptiveface\data\lfw\Michael_Chiklis\Michael_Chiklis_0004.jpg,False,False,False,full,0.1932564675807953,ruanjingtian
oracle,tanweiwei,C:\Users\tahak\ogproject\adaptiveface\data\rmfd\AFDB_masked_face_dataset\tanweiwei\1_0_2.jpg,True,True,True,upper,0.3612765073776245,lianghanwen
oracle,wangkai,C:\Users\tahak\ogproject\adaptiveface\data\rmfd\AFDB_face_dataset\wangkai\1_0_wangkai_0090.jpg,False,True,False,full,0.4946138262748718,wangkai
oracle,zhangbo,C:\Users\tahak\ogproject\adaptiveface\data\rmfd\AFDB_face_dataset\zhangbo\1_0_zhangbo_0212.jpg,False,True,False,full,0.4273696839809418,zhangbo
oracle,Asif_Hanif,C:\Users\tahak\ogproject\adaptiveface\data\lfw\Asif_Hanif\Asif_Hanif_0001.jpg,False,False,False,full,0.17639237642288208,liushishi
oracle,jiangkaitong,C:\Users\tahak\ogproject\adaptiveface\data\rmfd\AFDB_masked_face_dataset\jiangkaitong\0_0_10.jpg,True,True,False,upper,0.4195401072502136,zhaoliying
oracle,panyueming,C:\Users\tahak\ogproject\adaptiveface\data\rmfd\AFDB_face_dataset\panyueming\1_0_panyueming_0150.jpg,False,True,False,full,0.4930955171585083,panyueming
oracle,hujing,C:\Users\tahak\ogproject\adaptiveface\data\rmfd\AFDB_face_dataset\hujing\1_0_hujing_0236.jpg,False,True,False,full,0.39641475677490234,hujing
oracle,lvjiarong,C:\Users\tahak\ogproject\adaptiveface\data\rmfd\AFDB_face_dataset\lvjiarong\0_0_lvjiarong_0002.jpg,False,True,False,full,0.3183014392852783,tanweiwei
oracle,Eduardo_Romero,C:\Users\tahak\ogproject\adaptiveface\data\lfw\Eduardo_Romero\Eduardo_Romero_0001.jpg,False,False,False,full,0.1270337998867035,zhourunfa
oracle,Celso_Amorim,C:\Users\tahak\ogproject\adaptiveface\data\lfw\Celso_Amorim\Celso_Amorim_0002.jpg,False,False,False,full,0.1267705261707306,xieanqi
oracle,zhouxun,C:\Users\tahak\ogproject\adaptiveface\data\rmfd\AFDB_masked_face_dataset\zhouxun\0_0_7.jpg,True,True,True,upper,0.22591331601142883,zhouxun
oracle,Paul_Reiser,C:\Users\tahak\ogproject\adaptiveface\data\lfw\Paul_Reiser\Paul_Reiser_0001.jpg,False,False,False,full,0.13154864311218262,zhangshaohan
oracle,guojingfei,C:\Users\tahak\ogproject\adaptiveface\data\rmfd\AFDB_masked_face_dataset\guojingfei\0_0_0.jpg,True,True,True,upper,0.29012781381607056,liuqianhan
oracle,yinzheng,C:\Users\tahak\ogproject\adaptiveface\data\rmfd\AFDB_face_dataset\yinzheng\1_0_yinzheng_0093.jpg,False,True,False,full,0.4444524049758911,yinzheng
oracle,songxiaobo,C:\Users\tahak\ogproject\adaptiveface\data\rmfd\AFDB_face_dataset\songxiaobo\0_0_songxiaobo_0175.jpg,False,True,False,full,0.19974608719348907,chenkun
oracle,hanqingzi,C:\Users\tahak\ogproject\adaptiveface\data\rmfd\AFDB_face_dataset\hanqingzi\1_0_hanqingzi_0029.jpg,False,True,False,full,0.27590295672416687,hanqingzi
oracle,yinengjing,C:\Users\tahak\ogproject\adaptiveface\data\rmfd\AFDB_masked_face_dataset\yinengjing\0_0_30.jpg,True,True,True,upper,0.3214702010154724,yinengjing
oracle,lixiang,C:\Users\tahak\ogproject\adaptiveface\data\rmfd\AFDB_masked_face_dataset\lixiang\1_0_19.jpg,True,True,True,upper,0.23137259483337402,zhangjingjing
oracle,dazhangwei,C:\Users\tahak\ogproject\adaptiveface\data\rmfd\AFDB_masked_face_dataset\dazhangwei\1_1_16.jpg,True,True,True,upper,0.2938230037689209,jiangkaitong
oracle,liyifeng,C:\Users\tahak\ogproject\adaptiveface\data\rmfd\AFDB_masked_face_dataset\liyifeng\0_0_3.jpg,True,True,True,upper,0.3281501531600952,xiaozhan
oracle,liushishi,C:\Users\tahak\ogproject\adaptiveface\data\rmfd\AFDB_face_dataset\liushishi\0_0_liushishi_0037.jpg,False,True,False,full,0.2741306722164154,linyuan
oracle,Eliane_Karp,C:\Users\tahak\ogproject\adaptiveface\data\lfw\Eliane_Karp\Eliane_Karp_0001.jpg,False,False,False,full,0.14171519875526428,zhouxun
oracle,weidaxun,C:\Users\tahak\ogproject\adaptiveface\data\rmfd\AFDB_masked_face_dataset\weidaxun\0_0_16.jpg,True,True,True,upper,0.3420078158378601,liuxiang
oracle,zhangguoli,C:\Users\tahak\ogproject\adaptiveface\data\rmfd\AFDB_masked_face_dataset\zhangguoli\1_1_1.jpg,True,True,False,upper,0.3297852873802185,chenkun
oracle,Carlos_Moya,C:\Users\tahak\ogproject\adaptiveface\data\lfw\Carlos_Moya\Carlos_Moya_0012.jpg,False,False,False,full,0.11267179250717163,wangqing
oracle,wangyu,C:\Users\tahak\ogproject\adaptiveface\data\rmfd\AFDB_face_dataset\wangyu\0_0_wangyu_0164.jpg,False,True,False,full,0.36094143986701965,wangyu
oracle,zhangjingjing,C:\Users\tahak\ogproject\adaptiveface\data\rmfd\AFDB_face_dataset\zhangjingjing\1_0_zhangjingjing_0014.jpg,False,True,False,full,0.1381767988204956,mali
oracle,linxinru,C:\Users\tahak\ogproject\adaptiveface\data\rmfd\AFDB_face_dataset\linxinru\0_0_linxinru_0135.jpg,False,True,False,full,0.5016037821769714,linxinru
oracle,qiuze,C:\Users\tahak\ogproject\adaptiveface\data\rmfd\AFDB_face_dataset\qiuze\1_0_qiuze_0011.jpg,False,True,False,full,0.5633423328399658,qiuze
oracle,zhangshaohan,C:\Users\tahak\ogproject\adaptiveface\data\rmfd\AFDB_face_dataset\zhangshaohan\1_0_zhangshaohan_0144.jpg,False,True,False,full,0.44382795691490173,zhangshaohan
oracle,Jimmy_Smits,C:\Users\tahak\ogproject\adaptiveface\data\lfw\Jimmy_Smits\Jimmy_Smits_0001.jpg,False,False,False,full,0.17488563060760498,zhaoyazhi
oracle,xieanqi,C:\Users\tahak\ogproject\adaptiveface\data\rmfd\AFDB_face_dataset\xieanqi\1_0_xieanqi_0048.jpg,False,True,False,full,0.293030709028244,xieanqi
oracle,hejiong,C:\Users\tahak\ogproject\adaptiveface\data\rmfd\AFDB_masked_face_dataset\hejiong\0_0_3.jpg,True,True,True,upper,0.3421775698661804,lixirui
oracle,zhaoyihuan,C:\Users\tahak\ogproject\adaptiveface\data\rmfd\AFDB_masked_face_dataset\zhaoyihuan\0_0_1.jpg,True,True,True,upper,0.4676550626754761,liuyifei
oracle,huangxiaoming,C:\Users\tahak\ogproject\adaptiveface\data\rmfd\AFDB_masked_face_dataset\huangxiaoming\0_0_5.jpg,True,True,True,upper,0.3211515247821808,lixiang
oracle,gongbeibi,C:\Users\tahak\ogproject\adaptiveface\data\rmfd\AFDB_face_dataset\gongbeibi\0_0_gongbeibi_0071.jpg,False,True,False,full,0.48260122537612915,gongbeibi
oracle,liuxiang,C:\Users\tahak\ogproject\adaptiveface\data\rmfd\AFDB_face_dataset\liuxiang\1_0_liuxiang_0156.jpg,False,True,False,full,0.471358060836792,liuxiang
oracle,Roberto_Cercelletta,C:\Users\tahak\ogproject\adaptiveface\data\lfw\Roberto_Cercelletta\Roberto_Cercelletta_0001.jpg,False,False,False,full,0.13509488105773926,daipeini
oracle,linyuan,C:\Users\tahak\ogproject\adaptiveface\data\rmfd\AFDB_face_dataset\linyuan\1_0_linyuan_0170.jpg,False,True,False,full,0.2971353232860565,linyuan
oracle,Nicanor_Duarte_Frutos,C:\Users\tahak\ogproject\adaptiveface\data\lfw\Nicanor_Duarte_Frutos\Nicanor_Duarte_Frutos_0007.jpg,False,False,False,full,0.16453874111175537,liudehua
oracle,Zoran_Djindjic,C:\Users\tahak\ogproject\adaptiveface\data\lfw\Zoran_Djindjic\Zoran_Djindjic_0001.jpg,False,False,False,full,0.12076099216938019,yinzheng
oracle,qiuze,C:\Users\tahak\ogproject\adaptiveface\data\rmfd\AFDB_masked_face_dataset\qiuze\0_0_0.jpg,True,True,True,upper,0.561363697052002,qiuze
oracle,chenxiang,C:\Users\tahak\ogproject\adaptiveface\data\rmfd\AFDB_masked_face_dataset\chenxiang\0_0_1.jpg,True,True,True,upper,0.35777807235717773,chenxiang
oracle,Sammy_Sosa,C:\Users\tahak\ogproject\adaptiveface\data\lfw\Sammy_Sosa\Sammy_Sosa_0001.jpg,False,False,False,full,0.1454468071460724,mali
oracle,zhangluyi,C:\Users\tahak\ogproject\adaptiveface\data\rmfd\AFDB_face_dataset\zhangluyi\1_0_zhangluyi_0047.jpg,False,True,False,full,0.6534512639045715,zhangluyi
oracle,Mel_Gibson,C:\Users\tahak\ogproject\adaptiveface\data\lfw\Mel_Gibson\Mel_Gibson_0002.jpg,False,False,False,full,0.1425018310546875,yangqianhua
oracle,liuyifei,C:\Users\tahak\ogproject\adaptiveface\data\rmfd\AFDB_masked_face_dataset\liuyifei\0_0_0.jpg,True,True,True,upper,0.35101476311683655,liuyifei
oracle,Ascencion_Barajas,C:\Users\tahak\ogproject\adaptiveface\data\lfw\Ascencion_Barajas\Ascencion_Barajas_0001.jpg,False,False,False,full,0.11463558673858643,jianailiang
oracle,Nicanor_Duarte_Frutos,C:\Users\tahak\ogproject\adaptiveface\data\lfw\Nicanor_Duarte_Frutos\Nicanor_Duarte_Frutos_0011.jpg,False,False,False,full,0.1605607271194458,zhengyecheng
oracle,Jason_Statham,C:\Users\tahak\ogproject\adaptiveface\data\lfw\Jason_Statham\Jason_Statham_0001.jpg,False,False,False,full,0.1302040070295334,zhangtianai
oracle,Brandon_Lloyd,C:\Users\tahak\ogproject\adaptiveface\data\lfw\Brandon_Lloyd\Brandon_Lloyd_0001.jpg,False,False,False,full,0.14296334981918335,liyifeng
oracle,jiangkaitong,C:\Users\tahak\ogproject\adaptiveface\data\rmfd\AFDB_masked_face_dataset\jiangkaitong\0_0_4.jpg,True,True,False,upper,0.3091120719909668,masichun
oracle,liuye,C:\Users\tahak\ogproject\adaptiveface\data\rmfd\AFDB_masked_face_dataset\liuye\0_0_0.jpg,True,True,True,upper,0.4931369423866272,liuye
oracle,Nicanor_Duarte_Frutos,C:\Users\tahak\ogproject\adaptiveface\data\lfw\Nicanor_Duarte_Frutos\Nicanor_Duarte_Frutos_0001.jpg,False,False,False,full,0.1500251293182373,zhengyecheng
oracle,Ian_McKellen,C:\Users\tahak\ogproject\adaptiveface\data\lfw\Ian_McKellen\Ian_McKellen_0001.jpg,False,False,False,full,0.12299782037734985,raowei
oracle,Tommy_Amaker,C:\Users\tahak\ogproject\adaptiveface\data\lfw\Tommy_Amaker\Tommy_Amaker_0001.jpg,False,False,False,full,0.12455443292856216,jianghongbo
oracle,maoxiaotong,C:\Users\tahak\ogproject\adaptiveface\data\rmfd\AFDB_masked_face_dataset\maoxiaotong\0_0_19.jpg,True,True,True,upper,0.35580962896347046,wangyuan
oracle,mali,C:\Users\tahak\ogproject\adaptiveface\data\rmfd\AFDB_masked_face_dataset\mali\0_0_2.jpg,True,True,True,upper,0.4882674217224121,mali
oracle,liusongren,C:\Users\tahak\ogproject\adaptiveface\data\rmfd\AFDB_face_dataset\liusongren\1_0_liusongren_0104.jpg,False,True,False,full,0.6008325815200806,liusongren
oracle,liuqianhan,C:\Users\tahak\ogproject\adaptiveface\data\rmfd\AFDB_masked_face_dataset\liuqianhan\1_0_0.jpg,True,True,True,upper,0.389115571975708,liuqianhan
oracle,jiangyiyi,C:\Users\tahak\ogproject\adaptiveface\data\rmfd\AFDB_face_dataset\jiangyiyi\1_0_jiangyiyi_0067.jpg,False,True,False,full,0.35978204011917114,jiangyiyi
oracle,matianyu,C:\Users\tahak\ogproject\adaptiveface\data\rmfd\AFDB_face_dataset\matianyu\1_0_matianyu_0069.jpg,False,True,False,full,0.6051818132400513,matianyu
oracle,jianailiang,C:\Users\tahak\ogproject\adaptiveface\data\rmfd\AFDB_masked_face_dataset\jianailiang\1_0_1.jpg,True,True,True,upper,0.24323123693466187,jiangkaitong
oracle,Bernard_Law,C:\Users\tahak\ogproject\adaptiveface\data\lfw\Bernard_Law\Bernard_Law_0004.jpg,False,False,False,full,0.1309232860803604,mali
oracle,chenkun,C:\Users\tahak\ogproject\adaptiveface\data\rmfd\AFDB_face_dataset\chenkun\1_0_chenkun_0050.jpg,False,True,False,full,0.4848344922065735,chenkun
oracle,licaihua,C:\Users\tahak\ogproject\adaptiveface\data\rmfd\AFDB_masked_face_dataset\licaihua\0_0_0.jpg,True,True,True,upper,0.27455389499664307,licaihua
oracle,Bernard_Siegel,C:\Users\tahak\ogproject\adaptiveface\data\lfw\Bernard_Siegel\Bernard_Siegel_0001.jpg,False,False,False,full,0.11986618489027023,wangou
oracle,Kifah_Ajouri,C:\Users\tahak\ogproject\adaptiveface\data\lfw\Kifah_Ajouri\Kifah_Ajouri_0001.jpg,False,False,False,full,0.11943261325359344,zhaoliying
oracle,guofucheng,C:\Users\tahak\ogproject\adaptiveface\data\rmfd\AFDB_masked_face_dataset\guofucheng\1_0_6.jpg,True,True,True,upper,0.3463589549064636,wangkai
oracle,wangkai,C:\Users\tahak\ogproject\adaptiveface\data\rmfd\AFDB_masked_face_dataset\wangkai\0_0_0.jpg,True,True,True,upper,0.3930422067642212,wangkai
oracle,wangzuxian,C:\Users\tahak\ogproject\adaptiveface\data\rmfd\AFDB_masked_face_dataset\wangzuxian\0_0_16.jpg,True,True,True,upper,0.3867385983467102,zhangtianai
oracle,tangwei,C:\Users\tahak\ogproject\adaptiveface\data\rmfd\AFDB_masked_face_dataset\tangwei\0_0_0.jpg,True,True,True,upper,0.3131057322025299,tangwei
oracle,Carlos_Moya,C:\Users\tahak\ogproject\adaptiveface\data\lfw\Carlos_Moya\Carlos_Moya_0006.jpg,False,False,False,full,0.15163341164588928,mali
oracle,Martha_Lucia_Ramirez,C:\Users\tahak\ogproject\adaptiveface\data\lfw\Martha_Lucia_Ramirez\Martha_Lucia_Ramirez_0001.jpg,False,False,False,full,0.16472776234149933,zhaoyazhi
oracle,zhangzifeng,C:\Users\tahak\ogproject\adaptiveface\data\rmfd\AFDB_masked_face_dataset\zhangzifeng\1_0_19.jpg,True,True,False,upper,0.3325176239013672,jiangkaitong
oracle,caobingkun,C:\Users\tahak\ogproject\adaptiveface\data\rmfd\AFDB_masked_face_dataset\caobingkun\0_0_11.jpg,True,True,True,upper,0.4055090546607971,caobingkun
oracle,liuruilin,C:\Users\tahak\ogproject\adaptiveface\data\rmfd\AFDB_face_dataset\liuruilin\1_0_liuruilin_0293.jpg,False,True,False,full,0.3553377389907837,liuruilin
oracle,fengjianyu,C:\Users\tahak\ogproject\adaptiveface\data\rmfd\AFDB_face_dataset\fengjianyu\1_0_fengjianyu_0103.jpg,False,True,False,full,0.2725682854652405,fengjianyu
oracle,handongjun,C:\Users\tahak\ogproject\adaptiveface\data\rmfd\AFDB_masked_face_dataset\handongjun\0_0_3.jpg,True,True,True,upper,0.3894553780555725,zhengkai
oracle,shenmengchen,C:\Users\tahak\ogproject\adaptiveface\data\rmfd\AFDB_masked_face_dataset\shenmengchen\0_0_13.jpg,True,True,True,upper,0.2525829076766968,lixirui
oracle,zhangluyi,C:\Users\tahak\ogproject\adaptiveface\data\rmfd\AFDB_face_dataset\zhangluyi\1_0_zhangluyi_0103.jpg,False,True,False,full,0.6163477897644043,zhangluyi
oracle,mali,C:\Users\tahak\ogproject\adaptiveface\data\rmfd\AFDB_masked_face_dataset\mali\0_0_0.jpg,True,True,True,upper,0.5451459884643555,mali
oracle,lufangsheng,C:\Users\tahak\ogproject\adaptiveface\data\rmfd\AFDB_masked_face_dataset\lufangsheng\0_0_0.jpg,True,True,True,upper,0.4313480257987976,lufangsheng
oracle,Zoran_Djindjic,C:\Users\tahak\ogproject\adaptiveface\data\lfw\Zoran_Djindjic\Zoran_Djindjic_0004.jpg,False,False,False,full,0.12470181286334991,yinzheng
oracle,xuzheng,C:\Users\tahak\ogproject\adaptiveface\data\rmfd\AFDB_face_dataset\xuzheng\1_0_xuzheng_0059.jpg,False,True,False,full,0.43713855743408203,xuzheng
oracle,huojianhua,C:\Users\tahak\ogproject\adaptiveface\data\rmfd\AFDB_face_dataset\huojianhua\1_0_huojianhua_0128.jpg,False,True,False,full,0.4012517035007477,huojianhua
oracle,xietingfeng,C:\Users\tahak\ogproject\adaptiveface\data\rmfd\AFDB_masked_face_dataset\xietingfeng\0_0_2.jpg,True,True,True,upper,0.2854377329349518,xuhao
oracle,zhaoliying,C:\Users\tahak\ogproject\adaptiveface\data\rmfd\AFDB_masked_face_dataset\zhaoliying\1_1_23.jpg,True,True,True,upper,0.38272184133529663,xiongnaijin
oracle,zhangguoli,C:\Users\tahak\ogproject\adaptiveface\data\rmfd\AFDB_face_dataset\zhangguoli\1_0_zhangguoli_0139.jpg,False,True,False,full,0.5156324505805969,zhangguoli
oracle,guofucheng,C:\Users\tahak\ogproject\adaptiveface\data\rmfd\AFDB_face_dataset\guofucheng\1_0_guofucheng_0024.jpg,False,True,False,full,0.4781399965286255,guofucheng
oracle,liuqianhan,C:\Users\tahak\ogproject\adaptiveface\data\rmfd\AFDB_face_dataset\liuqianhan\1_0_liuqianhan_0032.jpg,False,True,False,full,0.18276861310005188,zhouxun
oracle,huashao,C:\Users\tahak\ogproject\adaptiveface\data\rmfd\AFDB_masked_face_dataset\huashao\0_0_0.jpg,True,True,True,upper,0.22446778416633606,caiguoqing
oracle,xiena,C:\Users\tahak\ogproject\adaptiveface\data\rmfd\AFDB_masked_face_dataset\xiena\0_0_8.jpg,True,True,True,upper,0.2525032162666321,xuhao
oracle,linxinru,C:\Users\tahak\ogproject\adaptiveface\data\rmfd\AFDB_face_dataset\linxinru\1_0_linxinru_0242.jpg,False,True,False,full,0.49112027883529663,linxinru
oracle,guanxiaotong,C:\Users\tahak\ogproject\adaptiveface\data\rmfd\AFDB_face_dataset\guanxiaotong\1_0_guanxiaotong_0016.jpg,False,True,False,full,0.41212576627731323,guanxiaotong
oracle,shuqi,C:\Users\tahak\ogproject\adaptiveface\data\rmfd\AFDB_face_dataset\shuqi\1_0_shuqi_0023.jpg,False,True,False,full,0.32952171564102173,zhouxun
oracle,lixirui,C:\Users\tahak\ogproject\adaptiveface\data\rmfd\AFDB_masked_face_dataset\lixirui\1_0_0.jpg,True,True,True,upper,0.30144232511520386,lvyi
oracle,songqian,C:\Users\tahak\ogproject\adaptiveface\data\rmfd\AFDB_masked_face_dataset\songqian\1_0_17.jpg,True,True,True,upper,0.36011841893196106,tongkeke
oracle,ruanjingtian,C:\Users\tahak\ogproject\adaptiveface\data\rmfd\AFDB_masked_face_dataset\ruanjingtian\0_0_1.jpg,True,True,True,upper,0.3658687472343445,jiangjinfu
oracle,liyifeng,C:\Users\tahak\ogproject\adaptiveface\data\rmfd\AFDB_face_dataset\liyifeng\1_0_liyifeng_0142.jpg,False,True,False,full,0.3785381317138672,liyifeng
oracle,yanni,C:\Users\tahak\ogproject\adaptiveface\data\rmfd\AFDB_masked_face_dataset\yanni\0_0_13.jpg,True,True,True,upper,0.23566395044326782,liusongren
oracle,caobingkun,C:\Users\tahak\ogproject\adaptiveface\data\rmfd\AFDB_face_dataset\caobingkun\1_0_caobingkun_0234.jpg,False,True,False,full,0.44730284810066223,caobingkun
oracle,chenfarong,C:\Users\tahak\ogproject\adaptiveface\data\rmfd\AFDB_face_dataset\chenfarong\1_0_chenfarong_0152.jpg,False,True,False,full,0.5322214365005493,chenfarong
oracle,yanni,C:\Users\tahak\ogproject\adaptiveface\data\rmfd\AFDB_face_dataset\yanni\1_0_yanni_0039.jpg,False,True,False,full,0.42126017808914185,yanni
oracle,tongliya,C:\Users\tahak\ogproject\adaptiveface\data\rmfd\AFDB_face_dataset\tongliya\0_0_tongliya_0169.jpg,False,True,False,full,0.6388838291168213,tongliya
oracle,zhengkai,C:\Users\tahak\ogproject\adaptiveface\data\rmfd\AFDB_masked_face_dataset\zhengkai\0_1_10.jpg,True,True,True,upper,0.37002652883529663,huangxuan
oracle,huangbo,C:\Users\tahak\ogproject\adaptiveface\data\rmfd\AFDB_masked_face_dataset\huangbo\0_0_0.jpg,True,True,True,upper,0.30106547474861145,huangbo
oracle,hujing,C:\Users\tahak\ogproject\adaptiveface\data\rmfd\AFDB_masked_face_dataset\hujing\0_0_33.jpg,True,True,True,upper,0.4143829345703125,hujing
oracle,chenxiang,C:\Users\tahak\ogproject\adaptiveface\data\rmfd\AFDB_face_dataset\chenxiang\1_0_chenxiang_0002.jpg,False,True,False,full,0.2737451493740082,chenxiang
oracle,mowenwei,C:\Users\tahak\ogproject\adaptiveface\data\rmfd\AFDB_masked_face_dataset\mowenwei\0_0_1.jpg,True,True,True,upper,0.24266336858272552,liusongren
oracle,huangbo,C:\Users\tahak\ogproject\adaptiveface\data\rmfd\AFDB_masked_face_dataset\huangbo\0_0_1.jpg,True,True,True,upper,0.32303643226623535,huangbo
oracle,masichun,C:\Users\tahak\ogproject\adaptiveface\data\rmfd\AFDB_face_dataset\masichun\1_0_masichun_0171.jpg,False,True,False,full,0.44564616680145264,masichun
oracle,caizhuoyan,C:\Users\tahak\ogproject\adaptiveface\data\rmfd\AFDB_face_dataset\caizhuoyan\1_0_caizhuoyan_0077.jpg,False,True,False,full,0.35948026180267334,caizhuoyan
oracle,chenjiaqi,C:\Users\tahak\ogproject\adaptiveface\data\rmfd\AFDB_masked_face_dataset\chenjiaqi\0_0_0.jpg,True,True,True,upper,0.29664215445518494,wangxiaomin
oracle,Ian_McKellen,C:\Users\tahak\ogproject\adaptiveface\data\lfw\Ian_McKellen\Ian_McKellen_0003.jpg,False,False,False,full,0.16027405858039856,lianghanwen
oracle,shuqi,C:\Users\tahak\ogproject\adaptiveface\data\rmfd\AFDB_masked_face_dataset\shuqi\0_0_3.jpg,True,True,True,upper,0.31987452507019043,zhouxun
oracle,Carlos_Moya,C:\Users\tahak\ogproject\adaptiveface\data\lfw\Carlos_Moya\Carlos_Moya_0011.jpg,False,False,False,full,0.15327243506908417,huojianhua
oracle,linxinru,C:\Users\tahak\ogproject\adaptiveface\data\rmfd\AFDB_masked_face_dataset\linxinru\0_0_9.jpg,True,True,True,upper,0.314416766166687,linxinru
oracle,liuxiang,C:\Users\tahak\ogproject\adaptiveface\data\rmfd\AFDB_masked_face_dataset\liuxiang\1_0_11.jpg,True,True,True,upper,0.2888438105583191,liuxiang
oracle,xiongdailin,C:\Users\tahak\ogproject\adaptiveface\data\rmfd\AFDB_face_dataset\xiongdailin\1_0_xiongdailin_0027.jpg,False,True,False,full,0.5883896946907043,xiongdailin
oracle,lidaimo,C:\Users\tahak\ogproject\adaptiveface\data\rmfd\AFDB_face_dataset\lidaimo\1_0_lidaimo_0207.jpg,False,True,False,full,0.38674935698509216,lidaimo
oracle,Nicanor_Duarte_Frutos,C:\Users\tahak\ogproject\adaptiveface\data\lfw\Nicanor_Duarte_Frutos\Nicanor_Duarte_Frutos_0008.jpg,False,False,False,full,0.16346688568592072,wuzhenyu
oracle,fengjianyu,C:\Users\tahak\ogproject\adaptiveface\data\rmfd\AFDB_face_dataset\fengjianyu\0_0_fengjianyu_0016.jpg,False,True,False,full,0.3050524592399597,fengjianyu
oracle,Kenneth_Brill,C:\Users\tahak\ogproject\adaptiveface\data\lfw\Kenneth_Brill\Kenneth_Brill_0001.jpg,False,False,False,full,0.14964008331298828,wangyu
oracle,panyueming,C:\Users\tahak\ogproject\adaptiveface\data\rmfd\AFDB_masked_face_dataset\panyueming\0_0_0.jpg,True,True,True,upper,0.2600700557231903,huangzhongkun
oracle,caiguoqing,C:\Users\tahak\ogproject\adaptiveface\data\rmfd\AFDB_face_dataset\caiguoqing\1_0_caiguoqing_0126.jpg,False,True,False,full,0.5705762505531311,caiguoqing
oracle,xiongdailin,C:\Users\tahak\ogproject\adaptiveface\data\rmfd\AFDB_face_dataset\xiongdailin\1_0_xiongdailin_0083.jpg,False,True,False,full,0.6826940178871155,xiongdailin
oracle,liuruilin,C:\Users\tahak\ogproject\adaptiveface\data\rmfd\AFDB_masked_face_dataset\liuruilin\0_0_0.jpg,True,True,True,upper,0.33230942487716675,liuxiang
oracle,masichun,C:\Users\tahak\ogproject\adaptiveface\data\rmfd\AFDB_masked_face_dataset\masichun\0_0_4.png,True,True,True,upper,0.4310860335826874,xuhao
oracle,Carlo_Ancelotti,C:\Users\tahak\ogproject\adaptiveface\data\lfw\Carlo_Ancelotti\Carlo_Ancelotti_0001.jpg,False,False,False,full,0.12815552949905396,mali
oracle,lanyingying,C:\Users\tahak\ogproject\adaptiveface\data\rmfd\AFDB_masked_face_dataset\lanyingying\1_1_2.jpg,True,True,True,upper,0.3749047517776489,lanyingying
oracle,sunyizhou,C:\Users\tahak\ogproject\adaptiveface\data\rmfd\AFDB_face_dataset\sunyizhou\0_0_sunyizhou_0046.jpg,False,True,False,full,0.4534006118774414,sunyizhou
oracle,xudongdong,C:\Users\tahak\ogproject\adaptiveface\data\rmfd\AFDB_face_dataset\xudongdong\1_0_xudongdong_0188.jpg,False,True,False,full,0.3019918203353882,xudongdong
oracle,huangxiaoming,C:\Users\tahak\ogproject\adaptiveface\data\rmfd\AFDB_face_dataset\huangxiaoming\1_0_huangxiaoming_0199.jpg,False,True,False,full,0.37160393595695496,huangxiaoming
oracle,gulinazha,C:\Users\tahak\ogproject\adaptiveface\data\rmfd\AFDB_face_dataset\gulinazha\0_0_gulinazha_0104.jpg,False,True,False,full,0.4136897325515747,gulinazha
oracle,chenyi,C:\Users\tahak\ogproject\adaptiveface\data\rmfd\AFDB_face_dataset\chenyi\1_0_chenyi_0076.jpg,False,True,False,full,0.5605204105377197,chenyi
oracle,Zach_Safrin,C:\Users\tahak\ogproject\adaptiveface\data\lfw\Zach_Safrin\Zach_Safrin_0001.jpg,False,False,False,full,0.14149533212184906,lvjiarong
oracle,Pascal_Rheaume,C:\Users\tahak\ogproject\adaptiveface\data\lfw\Pascal_Rheaume\Pascal_Rheaume_0001.jpg,False,False,False,full,0.12724897265434265,liyifeng
oracle,jingbairan,C:\Users\tahak\ogproject\adaptiveface\data\rmfd\AFDB_face_dataset\jingbairan\1_0_jingbairan_0103.jpg,False,True,False,full,0.4863569736480713,jingbairan
oracle,zhangxueying,C:\Users\tahak\ogproject\adaptiveface\data\rmfd\AFDB_masked_face_dataset\zhangxueying\0_0_1.jpg,True,True,True,upper,0.3842821717262268,zhangxueying
oracle,xuzheng,C:\Users\tahak\ogproject\adaptiveface\data\rmfd\AFDB_masked_face_dataset\xuzheng\0_0_11.jpg,True,True,False,upper,0.2525537610054016,zhangguoli
oracle,huashao,C:\Users\tahak\ogproject\adaptiveface\data\rmfd\AFDB_face_dataset\huashao\0_0_huashao_0109.jpg,False,True,False,full,0.1743294596672058,fengjianyu
oracle,guojingjing,C:\Users\tahak\ogproject\adaptiveface\data\rmfd\AFDB_face_dataset\guojingjing\0_0_guojingjing_0005.jpg,False,True,False,full,0.4686123728752136,guojingjing
oracle,Carlo_Ancelotti,C:\Users\tahak\ogproject\adaptiveface\data\lfw\Carlo_Ancelotti\Carlo_Ancelotti_0002.jpg,False,False,False,full,0.14564839005470276,mali
oracle,Keith_Bogans,C:\Users\tahak\ogproject\adaptiveface\data\lfw\Keith_Bogans\Keith_Bogans_0002.jpg,False,False,False,full,0.14862966537475586,zhangbinbin
oracle,fengjianyu,C:\Users\tahak\ogproject\adaptiveface\data\rmfd\AFDB_masked_face_dataset\fengjianyu\0_0_0.jpg,True,True,True,upper,0.24876540899276733,caiyilin
oracle,zhangxueyou,C:\Users\tahak\ogproject\adaptiveface\data\rmfd\AFDB_masked_face_dataset\zhangxueyou\0_0_0.jpg,True,True,True,upper,0.4154609441757202,zhangxueyou
oracle,maoxiaotong,C:\Users\tahak\ogproject\adaptiveface\data\rmfd\AFDB_face_dataset\maoxiaotong\1_0_maoxiaotong_0037.jpg,False,True,False,full,0.25726500153541565,maoxiaotong
oracle,wulei,C:\Users\tahak\ogproject\adaptiveface\data\rmfd\AFDB_face_dataset\wulei\1_0_wulei_0131.jpg,False,True,False,full,0.29956334829330444,wulei
oracle,gutianle,C:\Users\tahak\ogproject\adaptiveface\data\rmfd\AFDB_masked_face_dataset\gutianle\0_1_6.jpg,True,True,True,upper,0.3905550241470337,gutianle
oracle,gutianle,C:\Users\tahak\ogproject\adaptiveface\data\rmfd\AFDB_face_dataset\gutianle\1_0_gutianle_0124.jpg,False,True,False,full,0.5728063583374023,gutianle
oracle,liuqianhan,C:\Users\tahak\ogproject\adaptiveface\data\rmfd\AFDB_face_dataset\liuqianhan\1_0_liuqianhan_0255.jpg,False,True,False,full,0.5032573938369751,liuqianhan
oracle,huangzitao,C:\Users\tahak\ogproject\adaptiveface\data\rmfd\AFDB_masked_face_dataset\huangzitao\0_0_11.jpg,True,True,False,upper,0.38867294788360596,xuhao
oracle,Carlos_Moya,C:\Users\tahak\ogproject\adaptiveface\data\lfw\Carlos_Moya\Carlos_Moya_0008.jpg,False,False,False,full,0.12327441573143005,zhaoliying
oracle,Rafeeuddin_Ahmed,C:\Users\tahak\ogproject\adaptiveface\data\lfw\Rafeeuddin_Ahmed\Rafeeuddin_Ahmed_0001.jpg,False,False,False,full,0.11379379034042358,yangzi
oracle,zhouxun,C:\Users\tahak\ogproject\adaptiveface\data\rmfd\AFDB_face_dataset\zhouxun\0_0_zhouxun_0157.jpg,False,True,False,full,0.3576437532901764,zhouxun
oracle,zhaoyihuan,C:\Users\tahak\ogproject\adaptiveface\data\rmfd\AFDB_masked_face_dataset\zhaoyihuan\0_0_0.jpg,True,True,True,upper,0.4013291895389557,zhaoyihuan
oracle,wangou,C:\Users\tahak\ogproject\adaptiveface\data\rmfd\AFDB_face_dataset\wangou\1_0_wangou_0203.jpg,False,True,False,full,0.4097403287887573,wangou
oracle,licaihua,C:\Users\tahak\ogproject\adaptiveface\data\rmfd\AFDB_face_dataset\licaihua\0_0_licaihua_0197.jpg,False,True,False,full,0.49243417382240295,licaihua
oracle,mowenwei,C:\Users\tahak\ogproject\adaptiveface\data\rmfd\AFDB_face_dataset\mowenwei\1_0_mowenwei_0050.jpg,False,True,False,full,0.4391159415245056,mowenwei
oracle,caobingkun,C:\Users\tahak\ogproject\adaptiveface\data\rmfd\AFDB_face_dataset\caobingkun\0_0_caobingkun_0198.jpg,False,True,False,full,0.5550582408905029,caobingkun
oracle,liusongren,C:\Users\tahak\ogproject\adaptiveface\data\rmfd\AFDB_face_dataset\liusongren\1_0_liusongren_0081.jpg,False,True,False,full,0.6217477917671204,liusongren
oracle,wulei,C:\Users\tahak\ogproject\adaptiveface\data\rmfd\AFDB_face_dataset\wulei\1_0_wulei_0069.jpg,False,True,False,full,0.3562873601913452,wulei
oracle,guanxiaotong,C:\Users\tahak\ogproject\adaptiveface\data\rmfd\AFDB_masked_face_dataset\guanxiaotong\0_0_29.jpg,True,True,True,upper,0.27874961495399475,huangbo
oracle,yangzi,C:\Users\tahak\ogproject\adaptiveface\data\rmfd\AFDB_masked_face_dataset\yangzi\0_0_25.jpg,True,True,True,upper,0.2790905833244324,zhengkai
oracle,tongkeke,C:\Users\tahak\ogproject\adaptiveface\data\rmfd\AFDB_masked_face_dataset\tongkeke\0_0_3.jpg,True,True,True,upper,0.7315682172775269,tongkeke
oracle,Tyrone_Medley,C:\Users\tahak\ogproject\adaptiveface\data\lfw\Tyrone_Medley\Tyrone_Medley_0001.jpg,False,False,False,full,0.12605825066566467,zhouxun
oracle,dingding,C:\Users\tahak\ogproject\adaptiveface\data\rmfd\AFDB_face_dataset\dingding\1_0_dingding_0011.jpg,False,True,False,full,0.23250547051429749,liuyifei
oracle,Tim_Conway,C:\Users\tahak\ogproject\adaptiveface\data\lfw\Tim_Conway\Tim_Conway_0002.jpg,False,False,False,full,0.12041600048542023,chenkun
oracle,Lawrence_MacAulay,C:\Users\tahak\ogproject\adaptiveface\data\lfw\Lawrence_MacAulay\Lawrence_MacAulay_0001.jpg,False,False,False,full,0.15773726999759674,xuhao
oracle,lanyingying,C:\Users\tahak\ogproject\adaptiveface\data\rmfd\AFDB_masked_face_dataset\lanyingying\1_0_2.jpg,True,True,True,upper,0.2532058358192444,wangqing
oracle,matianyu,C:\Users\tahak\ogproject\adaptiveface\data\rmfd\AFDB_masked_face_dataset\matianyu\0_0_0.jpg,True,True,True,upper,0.3098311722278595,yangqianhua
oracle,linjing,C:\Users\tahak\ogproject\adaptiveface\data\rmfd\AFDB_masked_face_dataset\linjing\0_0_0.jpeg,True,True,False,upper,0.3481430411338806,gulinazha
oracle,wangluodan,C:\Users\tahak\ogproject\adaptiveface\data\rmfd\AFDB_face_dataset\wangluodan\1_0_wangluodan_0010.jpg,False,True,False,full,0.459405779838562,wangluodan
oracle,Mark_Hurlbert,C:\Users\tahak\ogproject\adaptiveface\data\lfw\Mark_Hurlbert\Mark_Hurlbert_0003.jpg,False,False,False,full,0.11167463660240173,jianailiang
oracle,songxiaobo,C:\Users\tahak\ogproject\adaptiveface\data\rmfd\AFDB_masked_face_dataset\songxiaobo\0_0_1.jpg,True,True,True,upper,0.3588392436504364,liuxiang
oracle,raowei,C:\Users\tahak\ogproject\adaptiveface\data\rmfd\AFDB_face_dataset\raowei\1_0_raowei_0010.jpg,False,True,False,full,0.40351468324661255,raowei
oracle,hanqingzi,C:\Users\tahak\ogproject\adaptiveface\data\rmfd\AFDB_face_dataset\hanqingzi\1_0_hanqingzi_0133.jpg,False,True,False,full,0.2675390839576721,hanqingzi
oracle,Billy_Sollie,C:\Users\tahak\ogproject\adaptiveface\data\lfw\Billy_Sollie\Billy_Sollie_0002.jpg,False,False,False,full,0.1612013578414917,hanqingzi
oracle,huangxiaoming,C:\Users\tahak\ogproject\adaptiveface\data\rmfd\AFDB_face_dataset\huangxiaoming\1_0_huangxiaoming_0088.jpg,False,True,False,full,0.4679238796234131,huangxiaoming
oracle,lianghanwen,C:\Users\tahak\ogproject\adaptiveface\data\rmfd\AFDB_face_dataset\lianghanwen\1_0_lianghanwen_0210.jpg,False,True,False,full,0.4692614674568176,lianghanwen
oracle,Carlos_Moya,C:\Users\tahak\ogproject\adaptiveface\data\lfw\Carlos_Moya\Carlos_Moya_0013.jpg,False,False,False,full,0.12049776315689087,maoxiaotong
oracle,zhaoyazhi,C:\Users\tahak\ogproject\adaptiveface\data\rmfd\AFDB_masked_face_dataset\zhaoyazhi\1_1_6.jpg,True,True,True,upper,0.2798030376434326,mali
oracle,liyifeng,C:\Users\tahak\ogproject\adaptiveface\data\rmfd\AFDB_masked_face_dataset\liyifeng\0_0_13.jpg,True,True,True,upper,0.34368032217025757,xiaozhan
oracle,xiaozhan,C:\Users\tahak\ogproject\adaptiveface\data\rmfd\AFDB_face_dataset\xiaozhan\0_0_xiaozhan_0191.jpg,False,True,False,full,0.48061683773994446,xiaozhan
oracle,Carlos_Moya,C:\Users\tahak\ogproject\adaptiveface\data\lfw\Carlos_Moya\Carlos_Moya_0001.jpg,False,False,False,full,0.14044414460659027,wangqing
oracle,zhangyi,C:\Users\tahak\ogproject\adaptiveface\data\rmfd\AFDB_face_dataset\zhangyi\1_0_zhangyi_0256.jpg,False,True,False,full,0.42916521430015564,zhangyi
oracle,zhangxinyu,C:\Users\tahak\ogproject\adaptiveface\data\rmfd\AFDB_masked_face_dataset\zhangxinyu\1_0_0.jpg,True,True,False,upper,0.384692519903183,lanyingying
oracle,Keith_Bogans,C:\Users\tahak\ogproject\adaptiveface\data\lfw\Keith_Bogans\Keith_Bogans_0003.jpg,False,False,False,full,0.14402146637439728,yangzi
oracle,xinzhilei,C:\Users\tahak\ogproject\adaptiveface\data\rmfd\AFDB_face_dataset\xinzhilei\1_0_xinzhilei_0068.jpg,False,True,False,full,0.39936402440071106,xinzhilei
oracle,Nicanor_Duarte_Frutos,C:\Users\tahak\ogproject\adaptiveface\data\lfw\Nicanor_Duarte_Frutos\Nicanor_Duarte_Frutos_0004.jpg,False,False,False,full,0.15074574947357178,liudehua
oracle,zhanghuiwen,C:\Users\tahak\ogproject\adaptiveface\data\rmfd\AFDB_masked_face_dataset\zhanghuiwen\0_0_2.jpg,True,True,True,upper,0.333091139793396,zhanghuiwen
oracle,Claudia_Coslovich,C:\Users\tahak\ogproject\adaptiveface\data\lfw\Claudia_Coslovich\Claudia_Coslovich_0001.jpg,False,False,False,full,0.1373940110206604,caiguoqing
oracle,Intisar_Ajouri,C:\Users\tahak\ogproject\adaptiveface\data\lfw\Intisar_Ajouri\Intisar_Ajouri_0002.jpg,False,False,False,full,0.1404857039451599,guofucheng
oracle,Carlos_Moya,C:\Users\tahak\ogproject\adaptiveface\data\lfw\Carlos_Moya\Carlos_Moya_0016.jpg,False,False,False,full,0.11972913146018982,zhanghuiwen
oracle,wangxiaomin,C:\Users\tahak\ogproject\adaptiveface\data\rmfd\AFDB_face_dataset\wangxiaomin\0_0_wangxiaomin_0179.jpg,False,True,False,full,0.3865475058555603,wangxiaomin
oracle,weidaxun,C:\Users\tahak\ogproject\adaptiveface\data\rmfd\AFDB_face_dataset\weidaxun\1_0_weidaxun_0097.jpg,False,True,False,full,0.3586801290512085,weidaxun
oracle,tangwei,C:\Users\tahak\ogproject\adaptiveface\data\rmfd\AFDB_face_dataset\tangwei\1_0_tangwei_0239.jpg,False,True,False,full,0.5763522386550903,tangwei
oracle,Thomas_Bjorn,C:\Users\tahak\ogproject\adaptiveface\data\lfw\Thomas_Bjorn\Thomas_Bjorn_0001.jpg,False,False,False,full,0.12459919601678848,xiongnaijin
oracle,Carlos_Moya,C:\Users\tahak\ogproject\adaptiveface\data\lfw\Carlos_Moya\Carlos_Moya_0007.jpg,False,False,False,full,0.10798060894012451,huangzitao
oracle,zhouhuimin,C:\Users\tahak\ogproject\adaptiveface\data\rmfd\AFDB_masked_face_dataset\zhouhuimin\0_0_0.jpg,True,True,True,upper,0.43689966201782227,lvjiarong
oracle,Russell_Crowe,C:\Users\tahak\ogproject\adaptiveface\data\lfw\Russell_Crowe\Russell_Crowe_0001.jpg,False,False,False,full,0.15962442755699158,chenxiang
oracle,zhanghuiwen,C:\Users\tahak\ogproject\adaptiveface\data\rmfd\AFDB_face_dataset\zhanghuiwen\1_0_zhanghuiwen_0016.jpg,False,True,False,full,0.3514809012413025,zhanghuiwen
oracle,dingding,C:\Users\tahak\ogproject\adaptiveface\data\rmfd\AFDB_masked_face_dataset\dingding\0_0_5.jpg,True,True,False,upper,0.3654633164405823,liudehua
oracle,lianghanwen,C:\Users\tahak\ogproject\adaptiveface\data\rmfd\AFDB_masked_face_dataset\lianghanwen\0_0_0.jpg,True,True,True,upper,0.29662638902664185,zhangxueyou
oracle,caiyilin,C:\Users\tahak\ogproject\adaptiveface\data\rmfd\AFDB_face_dataset\caiyilin\1_0_caiyilin_0132.jpg,False,True,False,full,0.3313446044921875,caiyilin
oracle,Carlos_Moya,C:\Users\tahak\ogproject\adaptiveface\data\lfw\Carlos_Moya\Carlos_Moya_0019.jpg,False,False,False,full,0.14993301033973694,lianghanwen
oracle,tongkeke,C:\Users\tahak\ogproject\adaptiveface\data\rmfd\AFDB_face_dataset\tongkeke\1_0_tongkeke_0067.jpg,False,True,False,full,0.3983761966228485,tongkeke
oracle,Pete_Rose,C:\Users\tahak\ogproject\adaptiveface\data\lfw\Pete_Rose\Pete_Rose_0002.jpg,False,False,False,full,0.14200690388679504,yinengjing
oracle,zhouhuimin,C:\Users\tahak\ogproject\adaptiveface\data\rmfd\AFDB_face_dataset\zhouhuimin\1_0_zhouhuimin_0212.jpg,False,True,False,full,0.5421979427337646,zhouhuimin
oracle,wangou,C:\Users\tahak\ogproject\adaptiveface\data\rmfd\AFDB_masked_face_dataset\wangou\0_0_0.jpg,True,True,True,upper,0.30376753211021423,lanyingying
oracle,Carlos_Moya,C:\Users\tahak\ogproject\adaptiveface\data\lfw\Carlos_Moya\Carlos_Moya_0009.jpg,False,False,False,full,0.15646106004714966,lianghanwen
oracle,Tim_Conway,C:\Users\tahak\ogproject\adaptiveface\data\lfw\Tim_Conway\Tim_Conway_0001.jpg,False,False,False,full,0.09664155542850494,chenkun
oracle,Martha_Lucia_Ramirez,C:\Users\tahak\ogproject\adaptiveface\data\lfw\Martha_Lucia_Ramirez\Martha_Lucia_Ramirez_0003.jpg,False,False,False,full,0.14091503620147705,yuyi
oracle,Nicanor_Duarte_Frutos,C:\Users\tahak\ogproject\adaptiveface\data\lfw\Nicanor_Duarte_Frutos\Nicanor_Duarte_Frutos_0009.jpg,False,False,False,full,0.1198061853647232,xiaozhan
oracle,Nicolas_Kiefer,C:\Users\tahak\ogproject\adaptiveface\data\lfw\Nicolas_Kiefer\Nicolas_Kiefer_0001.jpg,False,False,False,full,0.13675501942634583,caiyilin
oracle,qinjunjie,C:\Users\tahak\ogproject\adaptiveface\data\rmfd\AFDB_face_dataset\qinjunjie\1_0_qinjunjie_0079.jpg,False,True,False,full,0.3146510124206543,qinjunjie
oracle,guofucheng,C:\Users\tahak\ogproject\adaptiveface\data\rmfd\AFDB_masked_face_dataset\guofucheng\0_0_7.jpg,True,True,True,upper,0.42673730850219727,wangluodan
oracle,Bilal_Erdogan,C:\Users\tahak\ogproject\adaptiveface\data\lfw\Bilal_Erdogan\Bilal_Erdogan_0001.jpg,False,False,False,full,0.1402275562286377,xiongdailin
oracle,Robert_Wagner,C:\Users\tahak\ogproject\adaptiveface\data\lfw\Robert_Wagner\Robert_Wagner_0001.jpg,False,False,False,full,0.15752586722373962,huojianhua
oracle,xinzhilei,C:\Users\tahak\ogproject\adaptiveface\data\rmfd\AFDB_masked_face_dataset\xinzhilei\0_0_0.jpg,True,True,True,upper,0.23280727863311768,wangxiaomin
oracle,huozun,C:\Users\tahak\ogproject\adaptiveface\data\rmfd\AFDB_masked_face_dataset\huozun\0_0_4.jpg,True,True,True,upper,0.34757524728775024,huozun
oracle,qiuze,C:\Users\tahak\ogproject\adaptiveface\data\rmfd\AFDB_masked_face_dataset\qiuze\0_0_2.jpg,True,True,True,upper,0.48223358392715454,qiuze
oracle,gulinazha,C:\Users\tahak\ogproject\adaptiveface\data\rmfd\AFDB_face_dataset\gulinazha\1_0_gulinazha_0027.jpg,False,True,False,full,0.42476534843444824,gulinazha
oracle,jiangjinfu,C:\Users\tahak\ogproject\adaptiveface\data\rmfd\AFDB_face_dataset\jiangjinfu\1_0_jiangjinfu_0043.jpg,False,True,False,full,0.5212669968605042,jiangjinfu
oracle,chenfarong,C:\Users\tahak\ogproject\adaptiveface\data\rmfd\AFDB_masked_face_dataset\chenfarong\0_0_0.jpg,True,True,True,upper,0.403983473777771,yangzi
oracle,yeyiqian,C:\Users\tahak\ogproject\adaptiveface\data\rmfd\AFDB_face_dataset\yeyiqian\1_0_yeyiqian_0040.jpg,False,True,False,full,0.3036355674266815,yeyiqian
oracle,caiyilin,C:\Users\tahak\ogproject\adaptiveface\data\rmfd\AFDB_face_dataset\caiyilin\1_0_caiyilin_0047.jpg,False,True,False,full,0.5920162200927734,caiyilin
oracle,Eliane_Karp,C:\Users\tahak\ogproject\adaptiveface\data\lfw\Eliane_Karp\Eliane_Karp_0004.jpg,False,False,False,full,0.11181110143661499,wangqing
oracle,yanni,C:\Users\tahak\ogproject\adaptiveface\data\rmfd\AFDB_face_dataset\yanni\1_0_yanni_0106.jpg,False,True,False,full,0.5516252517700195,yanni
oracle,luozhixiang,C:\Users\tahak\ogproject\adaptiveface\data\rmfd\AFDB_face_dataset\luozhixiang\1_0_luozhixiang_0057.jpg,False,True,False,full,0.2718319892883301,yinengjing
oracle,liyapeng,C:\Users\tahak\ogproject\adaptiveface\data\rmfd\AFDB_masked_face_dataset\liyapeng\0_0_0.jpg,True,True,True,upper,0.3106815218925476,liyapeng
oracle,liuyifei,C:\Users\tahak\ogproject\adaptiveface\data\rmfd\AFDB_face_dataset\liuyifei\1_0_liuyifei_0098.jpg,False,True,False,full,0.26121050119400024,liuyifei
oracle,gulinazha,C:\Users\tahak\ogproject\adaptiveface\data\rmfd\AFDB_masked_face_dataset\gulinazha\0_0_18.jpg,True,True,True,upper,0.4521721303462982,gulinazha
oracle,Lawrence_MacAulay,C:\Users\tahak\ogproject\adaptiveface\data\lfw\Lawrence_MacAulay\Lawrence_MacAulay_0002.jpg,False,False,False,full,0.13589619100093842,liyifeng
oracle,Bernard_Landry,C:\Users\tahak\ogproject\adaptiveface\data\lfw\Bernard_Landry\Bernard_Landry_0002.jpg,False,False,False,full,0.12890499830245972,lixirui
oracle,wulei,C:\Users\tahak\ogproject\adaptiveface\data\rmfd\AFDB_masked_face_dataset\wulei\0_0_1.jpg,True,True,True,upper,0.22985154390335083,xuhao
oracle,guojingfei,C:\Users\tahak\ogproject\adaptiveface\data\rmfd\AFDB_face_dataset\guojingfei\1_0_guojingfei_0126.jpg,False,True,False,full,0.3768436312675476,guojingfei
oracle,xuezhiqian,C:\Users\tahak\ogproject\adaptiveface\data\rmfd\AFDB_masked_face_dataset\xuezhiqian\1_0_14.jpg,True,True,True,upper,0.23144368827342987,guojingfei
oracle,Michael_Phelps,C:\Users\tahak\ogproject\adaptiveface\data\lfw\Michael_Phelps\Michael_Phelps_0001.jpg,False,False,False,full,0.17847928404808044,mali
oracle,Dino_Risi,C:\Users\tahak\ogproject\adaptiveface\data\lfw\Dino_Risi\Dino_Risi_0001.jpg,False,False,False,full,0.14671467244625092,chenxiang
oracle,huangxuan,C:\Users\tahak\ogproject\adaptiveface\data\rmfd\AFDB_masked_face_dataset\huangxuan\0_0_11.jpg,True,True,True,upper,0.2223227620124817,huangbo
oracle,zhangtianai,C:\Users\tahak\ogproject\adaptiveface\data\rmfd\AFDB_face_dataset\zhangtianai\1_0_zhangtianai_0017.jpg,False,True,False,full,0.40916675329208374,zhangtianai
oracle,liyapeng,C:\Users\tahak\ogproject\adaptiveface\data\rmfd\AFDB_face_dataset\liyapeng\1_0_liyapeng_0074.jpg,False,True,False,full,0.4978052079677582,liyapeng
oracle,linyuan,C:\Users\tahak\ogproject\adaptiveface\data\rmfd\AFDB_masked_face_dataset\linyuan\0_0_0.jpg,True,True,True,upper,0.29326099157333374,linyuan
oracle,xuezhiqian,C:\Users\tahak\ogproject\adaptiveface\data\rmfd\AFDB_face_dataset\xuezhiqian\0_0_xuezhiqian_0039.jpg,False,True,False,full,0.22182905673980713,wuzhenyu
oracle,wangxiaomin,C:\Users\tahak\ogproject\adaptiveface\data\rmfd\AFDB_face_dataset\wangxiaomin\1_0_wangxiaomin_0135.jpg,False,True,False,full,0.32612287998199463,wangxiaomin
oracle,Ann_Landers,C:\Users\tahak\ogproject\adaptiveface\data\lfw\Ann_Landers\Ann_Landers_0001.jpg,False,False,False,full,0.12674617767333984,gutianle
oracle,panyueming,C:\Users\tahak\ogproject\adaptiveface\data\rmfd\AFDB_face_dataset\panyueming\1_0_panyueming_0051.jpg,False,True,False,full,0.5432426929473877,panyueming
oracle,fanwei,C:\Users\tahak\ogproject\adaptiveface\data\rmfd\AFDB_face_dataset\fanwei\1_0_fanwei_0036.jpg,False,True,False,full,0.4976835250854492,fanwei
oracle,shuqi,C:\Users\tahak\ogproject\adaptiveface\data\rmfd\AFDB_face_dataset\shuqi\1_0_shuqi_0004.jpg,False,True,False,full,0.28829216957092285,zhangjingjing
oracle,dazhangwei,C:\Users\tahak\ogproject\adaptiveface\data\rmfd\AFDB_face_dataset\dazhangwei\1_0_dazhangwei_0019.jpg,False,True,False,full,0.23258405923843384,zhangxueyou
oracle,masu,C:\Users\tahak\ogproject\adaptiveface\data\rmfd\AFDB_masked_face_dataset\masu\0_0_19.jpg,True,True,True,upper,0.2558390498161316,lanyingying
oracle,pengjing,C:\Users\tahak\ogproject\adaptiveface\data\rmfd\AFDB_face_dataset\pengjing\1_0_pengjing_0017.jpg,False,True,False,full,0.22786074876785278,zhangjingjing
oracle,jiangyiyi,C:\Users\tahak\ogproject\adaptiveface\data\rmfd\AFDB_face_dataset\jiangyiyi\1_0_jiangyiyi_0202.jpg,False,True,False,full,0.41312307119369507,jiangyiyi
oracle,xuxidi,C:\Users\tahak\ogproject\adaptiveface\data\rmfd\AFDB_face_dataset\xuxidi\1_0_xuxidi_0002.jpg,False,True,False,full,0.5180283784866333,xuxidi
oracle,Darryl_McDaniels,C:\Users\tahak\ogproject\adaptiveface\data\lfw\Darryl_McDaniels\Darryl_McDaniels_0001.jpg,False,False,False,full,0.12408550083637238,qiuze
oracle,hejiong,C:\Users\tahak\ogproject\adaptiveface\data\rmfd\AFDB_face_dataset\hejiong\0_0_hejiong_0165.jpg,False,True,False,full,0.4399884045124054,hejiong
oracle,xuhaiqiao,C:\Users\tahak\ogproject\adaptiveface\data\rmfd\AFDB_face_dataset\xuhaiqiao\1_0_xuhaiqiao_0058.jpg,False,True,False,full,0.22094592452049255,huojianhua
oracle,xiongnaijin,C:\Users\tahak\ogproject\adaptiveface\data\rmfd\AFDB_masked_face_dataset\xiongnaijin\1_1_2.jpg,True,True,True,upper,0.42251497507095337,lanyingying
oracle,Zoran_Djindjic,C:\Users\tahak\ogproject\adaptiveface\data\lfw\Zoran_Djindjic\Zoran_Djindjic_0003.jpg,False,False,False,full,0.1139812096953392,yinzheng
oracle,Mel_Gibson,C:\Users\tahak\ogproject\adaptiveface\data\lfw\Mel_Gibson\Mel_Gibson_0001.jpg,False,False,False,full,0.12605267763137817,linjing
oracle,lixiang,C:\Users\tahak\ogproject\adaptiveface\data\rmfd\AFDB_face_dataset\lixiang\1_0_lixiang_0118.jpg,False,True,False,full,0.614072322845459,lixiang
oracle,zhanghanyun,C:\Users\tahak\ogproject\adaptiveface\data\rmfd\AFDB_masked_face_dataset\zhanghanyun\0_0_6.jpg,True,True,True,upper,0.3275689482688904,zhanghanyun
oracle,jianghongbo,C:\Users\tahak\ogproject\adaptiveface\data\rmfd\AFDB_masked_face_dataset\jianghongbo\0_0_1.jpg,True,True,True,upper,0.43839216232299805,jianghongbo
oracle,songxiaobo,C:\Users\tahak\ogproject\adaptiveface\data\rmfd\AFDB_masked_face_dataset\songxiaobo\0_0_0.jpg,True,True,True,upper,0.41040104627609253,liyifeng
oracle,Michael_Phelps,C:\Users\tahak\ogproject\adaptiveface\data\lfw\Michael_Phelps\Michael_Phelps_0004.jpg,False,False,False,full,0.13111990690231323,huangzhongkun
oracle,yeyiqian,C:\Users\tahak\ogproject\adaptiveface\data\rmfd\AFDB_masked_face_dataset\yeyiqian\0_0_20.jpg,True,True,True,upper,0.4430459141731262,mali
oracle,wangyuan,C:\Users\tahak\ogproject\adaptiveface\data\rmfd\AFDB_face_dataset\wangyuan\1_0_wangyuan_0057.jpg,False,True,False,full,0.5992546081542969,wangyuan
oracle,zhangxinyu,C:\Users\tahak\ogproject\adaptiveface\data\rmfd\AFDB_face_dataset\zhangxinyu\1_0_zhangxinyu_0002.jpg,False,True,False,full,0.3260495066642761,zhanghanyun
oracle,wangzuxian,C:\Users\tahak\ogproject\adaptiveface\data\rmfd\AFDB_masked_face_dataset\wangzuxian\0_0_18.jpg,True,True,True,upper,0.42609357833862305,zhangtianai
oracle,zhangdanfeng,C:\Users\tahak\ogproject\adaptiveface\data\rmfd\AFDB_masked_face_dataset\zhangdanfeng\0_0_0.png,True,True,True,upper,0.3619192838668823,huge
oracle,wuzhenyu,C:\Users\tahak\ogproject\adaptiveface\data\rmfd\AFDB_face_dataset\wuzhenyu\1_0_wuzhenyu_0010.jpg,False,True,False,full,0.5522273182868958,wuzhenyu
oracle,fanwei,C:\Users\tahak\ogproject\adaptiveface\data\rmfd\AFDB_masked_face_dataset\fanwei\0_0_1.png,True,True,True,upper,0.3353096842765808,fanwei
oracle,sunyizhou,C:\Users\tahak\ogproject\adaptiveface\data\rmfd\AFDB_face_dataset\sunyizhou\0_0_sunyizhou_0152.jpg,False,True,False,full,0.5111813545227051,sunyizhou
oracle,lvyi,C:\Users\tahak\ogproject\adaptiveface\data\rmfd\AFDB_face_dataset\lvyi\1_0_lvyi_0012.jpg,False,True,False,full,0.2037789672613144,zhangzifeng
oracle,xiaozhan,C:\Users\tahak\ogproject\adaptiveface\data\rmfd\AFDB_masked_face_dataset\xiaozhan\0_0_5.jpg,True,True,True,upper,0.3787193298339844,zhangbinbin
oracle,guofucheng,C:\Users\tahak\ogproject\adaptiveface\data\rmfd\AFDB_face_dataset\guofucheng\0_0_guofucheng_0128.jpg,False,True,False,full,0.43637868762016296,guofucheng
oracle,jianghongbo,C:\Users\tahak\ogproject\adaptiveface\data\rmfd\AFDB_face_dataset\jianghongbo\1_0_jianghongbo_0235.jpg,False,True,False,full,0.4198434352874756,jianghongbo
oracle,wuzhenyu,C:\Users\tahak\ogproject\adaptiveface\data\rmfd\AFDB_masked_face_dataset\wuzhenyu\0_0_6.jpg,True,True,True,upper,0.3725889027118683,wuzhenyu
oracle,zhangtianai,C:\Users\tahak\ogproject\adaptiveface\data\rmfd\AFDB_masked_face_dataset\zhangtianai\0_0_1.jpg,True,True,True,upper,0.2446361482143402,caiyilin
oracle,lvjiarong,C:\Users\tahak\ogproject\adaptiveface\data\rmfd\AFDB_masked_face_dataset\lvjiarong\0_0_0.jpg,True,True,True,upper,0.3635423183441162,hujing
oracle,huge,C:\Users\tahak\ogproject\adaptiveface\data\rmfd\AFDB_masked_face_dataset\huge\1_0_10.jpg,True,True,True,upper,0.2945409119129181,lvyi
oracle,zhangshaohan,C:\Users\tahak\ogproject\adaptiveface\data\rmfd\AFDB_face_dataset\zhangshaohan\1_0_zhangshaohan_0146.jpg,False,True,False,full,0.42273250222206116,zhangshaohan
oracle,Carlos_Moya,C:\Users\tahak\ogproject\adaptiveface\data\lfw\Carlos_Moya\Carlos_Moya_0003.jpg,False,False,False,full,0.15815246105194092,zhanghuiwen
oracle,xuhao,C:\Users\tahak\ogproject\adaptiveface\data\rmfd\AFDB_face_dataset\xuhao\1_0_xuhao_0191.jpg,False,True,False,full,0.5999839305877686,xuhao
oracle,hejiong,C:\Users\tahak\ogproject\adaptiveface\data\rmfd\AFDB_face_dataset\hejiong\1_0_hejiong_0101.jpg,False,True,False,full,0.3558286428451538,hejiong
oracle,zhangshaohan,C:\Users\tahak\ogproject\adaptiveface\data\rmfd\AFDB_masked_face_dataset\zhangshaohan\0_0_0.jpg,True,True,True,upper,0.22804862260818481,fanwei
oracle,caiyilin,C:\Users\tahak\ogproject\adaptiveface\data\rmfd\AFDB_masked_face_dataset\caiyilin\0_0_5.jpg,True,True,True,upper,0.17213277518749237,lixirui
oracle,Kifah_Ajouri,C:\Users\tahak\ogproject\adaptiveface\data\lfw\Kifah_Ajouri\Kifah_Ajouri_0002.jpg,False,False,False,full,0.1627894937992096,xuzheng
oracle,huashao,C:\Users\tahak\ogproject\adaptiveface\data\rmfd\AFDB_face_dataset\huashao\0_0_huashao_0073.jpg,False,True,False,full,0.1713731586933136,qinjunjie
oracle,zhangliangying,C:\Users\tahak\ogproject\adaptiveface\data\rmfd\AFDB_masked_face_dataset\zhangliangying\0_0_2.jpg,True,True,True,upper,0.2914341688156128,zhangliangying
oracle,wangyu,C:\Users\tahak\ogproject\adaptiveface\data\rmfd\AFDB_masked_face_dataset\wangyu\0_1_0.jpg,True,True,True,upper,0.3048253357410431,zhangbinbin
oracle,jianailiang,C:\Users\tahak\ogproject\adaptiveface\data\rmfd\AFDB_face_dataset\jianailiang\1_0_jianailiang_0167.jpg,False,True,False,full,0.361655056476593,jianailiang
oracle,zhangjingjing,C:\Users\tahak\ogproject\adaptiveface\data\rmfd\AFDB_masked_face_dataset\zhangjingjing\0_0_0.jpg,True,True,True,upper,0.40786266326904297,liushishi
oracle,wangqing,C:\Users\tahak\ogproject\adaptiveface\data\rmfd\AFDB_masked_face_dataset\wangqing\0_0_33.jpg,True,True,True,upper,0.4231124818325043,xuhao
oracle,Carlos_Moya,C:\Users\tahak\ogproject\adaptiveface\data\lfw\Carlos_Moya\Carlos_Moya_0010.jpg,False,False,False,full,0.13239312171936035,lianghanwen
oracle,Charles_Richardson,C:\Users\tahak\ogproject\adaptiveface\data\lfw\Charles_Richardson\Charles_Richardson_0001.jpg,False,False,False,full,0.1358441263437271,zhaoyihuan
oracle,yingcaier,C:\Users\tahak\ogproject\adaptiveface\data\rmfd\AFDB_face_dataset\yingcaier\1_0_yingcaier_0128.jpg,False,True,False,full,0.21731269359588623,daipeini
oracle,shaofeng,C:\Users\tahak\ogproject\adaptiveface\data\rmfd\AFDB_face_dataset\shaofeng\1_0_shaofeng_0057.jpg,False,True,False,full,0.6024682521820068,shaofeng
oracle,dazhangwei,C:\Users\tahak\ogproject\adaptiveface\data\rmfd\AFDB_face_dataset\dazhangwei\1_0_dazhangwei_0079.jpg,False,True,False,full,0.2706224322319031,zhengyecheng
oracle,Ian_McKellen,C:\Users\tahak\ogproject\adaptiveface\data\lfw\Ian_McKellen\Ian_McKellen_0002.jpg,False,False,False,full,0.13125626742839813,lianghanwen
oracle,liuyifei,C:\Users\tahak\ogproject\adaptiveface\data\rmfd\AFDB_face_dataset\liuyifei\1_0_liuyifei_0137.jpg,False,True,False,full,0.498832106590271,liuyifei
oracle,linyichen,C:\Users\tahak\ogproject\adaptiveface\data\rmfd\AFDB_masked_face_dataset\linyichen\1_0_2.jpg,True,True,True,upper,0.3596210479736328,jianghongbo
oracle,zhouhuimin,C:\Users\tahak\ogproject\adaptiveface\data\rmfd\AFDB_face_dataset\zhouhuimin\1_0_zhouhuimin_0226.jpg,False,True,False,full,0.36987677216529846,zhouhuimin
oracle,Bernard_Law,C:\Users\tahak\ogproject\adaptiveface\data\lfw\Bernard_Law\Bernard_Law_0003.jpg,False,False,False,full,0.11338841915130615,zhaoyihuan
oracle,shuqi,C:\Users\tahak\ogproject\adaptiveface\data\rmfd\AFDB_masked_face_dataset\shuqi\1_0_1.jpg,True,True,False,upper,0.2778089642524719,zhouhuimin
oracle,Mark_Hurlbert,C:\Users\tahak\ogproject\adaptiveface\data\lfw\Mark_Hurlbert\Mark_Hurlbert_0002.jpg,False,False,False,full,0.10914934426546097,chenyi
oracle,liudehua,C:\Users\tahak\ogproject\adaptiveface\data\rmfd\AFDB_masked_face_dataset\liudehua\0_0_8.jpg,True,True,True,upper,0.4055549204349518,liudehua
oracle,wangyu,C:\Users\tahak\ogproject\adaptiveface\data\rmfd\AFDB_face_dataset\wangyu\1_0_wangyu_0210.jpg,False,True,False,full,0.3928486108779907,wangyu
oracle,zhanghanyun,C:\Users\tahak\ogproject\adaptiveface\data\rmfd\AFDB_masked_face_dataset\zhanghanyun\0_0_11.jpg,True,True,True,upper,0.33831900358200073,zhanghanyun
oracle,liudehua,C:\Users\tahak\ogproject\adaptiveface\data\rmfd\AFDB_masked_face_dataset\liudehua\0_1_1.jpg,True,True,True,upper,0.38151898980140686,liudehua
oracle,wuzhenyu,C:\Users\tahak\ogproject\adaptiveface\data\rmfd\AFDB_masked_face_dataset\wuzhenyu\0_1_5.jpg,True,True,True,upper,0.6211044788360596,wuzhenyu
oracle,tanweiwei,C:\Users\tahak\ogproject\adaptiveface\data\rmfd\AFDB_face_dataset\tanweiwei\1_0_tanweiwei_0024.jpg,False,True,False,full,0.23752914369106293,tanweiwei
oracle,yanyikuan,C:\Users\tahak\ogproject\adaptiveface\data\rmfd\AFDB_masked_face_dataset\yanyikuan\0_0_3.jpg,True,True,True,upper,0.2831701338291168,yanyikuan
oracle,zhangxueying,C:\Users\tahak\ogproject\adaptiveface\data\rmfd\AFDB_face_dataset\zhangxueying\1_0_zhangxueying_0181.jpg,False,True,False,full,0.45677798986434937,zhangxueying
oracle,xuzheng,C:\Users\tahak\ogproject\adaptiveface\data\rmfd\AFDB_face_dataset\xuzheng\1_0_xuzheng_0147.jpg,False,True,False,full,0.49354028701782227,xuzheng
oracle,Michael_Phelps,C:\Users\tahak\ogproject\adaptiveface\data\lfw\Michael_Phelps\Michael_Phelps_0003.jpg,False,False,False,full,0.12556733191013336,huangzhongkun
oracle,zhangbinbin,C:\Users\tahak\ogproject\adaptiveface\data\rmfd\AFDB_face_dataset\zhangbinbin\1_0_zhangbinbin_0194.jpg,False,True,False,full,0.4999789893627167,zhangbinbin
oracle,hanqingzi,C:\Users\tahak\ogproject\adaptiveface\data\rmfd\AFDB_masked_face_dataset\hanqingzi\0_0_1.jpg,True,True,True,upper,0.3013996183872223,zhaoliying
oracle,zhouxun,C:\Users\tahak\ogproject\adaptiveface\data\rmfd\AFDB_face_dataset\zhouxun\0_0_zhouxun_0089.jpg,False,True,False,full,0.44337400794029236,zhouxun
oracle,yanni,C:\Users\tahak\ogproject\adaptiveface\data\rmfd\AFDB_masked_face_dataset\yanni\0_0_17.jpg,True,True,True,upper,0.19138582050800323,hejiong
oracle,zhangxinyu,C:\Users\tahak\ogproject\adaptiveface\data\rmfd\AFDB_masked_face_dataset\zhangxinyu\1_0_21.jpg,True,True,False,upper,0.4076578617095947,lanyingying
oracle,masu,C:\Users\tahak\ogproject\adaptiveface\data\rmfd\AFDB_face_dataset\masu\1_0_masu_0145.jpg,False,True,False,full,0.5171847343444824,masu
oracle,benxi,C:\Users\tahak\ogproject\adaptiveface\data\rmfd\AFDB_face_dataset\benxi\1_0_benxi_0100.jpg,False,True,False,full,0.1783616840839386,hejiong
oracle,pengjing,C:\Users\tahak\ogproject\adaptiveface\data\rmfd\AFDB_masked_face_dataset\pengjing\0_0_20.jpg,True,True,True,upper,0.19903022050857544,gulinazha
oracle,zhanghanyun,C:\Users\tahak\ogproject\adaptiveface\data\rmfd\AFDB_face_dataset\zhanghanyun\0_0_zhanghanyun_0149.jpg,False,True,False,full,0.4852178692817688,zhanghanyun
oracle,tangwei,C:\Users\tahak\ogproject\adaptiveface\data\rmfd\AFDB_face_dataset\tangwei\1_0_tangwei_0004.jpg,False,True,False,full,0.41656437516212463,tangwei
oracle,Keith_Bogans,C:\Users\tahak\ogproject\adaptiveface\data\lfw\Keith_Bogans\Keith_Bogans_0001.jpg,False,False,False,full,0.1358642280101776,songqian
oracle,maqiguang,C:\Users\tahak\ogproject\adaptiveface\data\rmfd\AFDB_face_dataset\maqiguang\1_0_maqiguang_0003.jpg,False,True,False,full,0.4380853772163391,maqiguang
oracle,guanxiaotong,C:\Users\tahak\ogproject\adaptiveface\data\rmfd\AFDB_face_dataset\guanxiaotong\1_0_guanxiaotong_0080.jpg,False,True,False,full,0.5137527585029602,guanxiaotong
oracle,hujing,C:\Users\tahak\ogproject\adaptiveface\data\rmfd\AFDB_face_dataset\hujing\1_0_hujing_0176.jpg,False,True,False,full,0.40235793590545654,hujing
oracle,Diego_Colorado,C:\Users\tahak\ogproject\adaptiveface\data\lfw\Diego_Colorado\Diego_Colorado_0001.jpg,False,False,False,full,0.15082603693008423,chenxiang
oracle,zhangbo,C:\Users\tahak\ogproject\adaptiveface\data\rmfd\AFDB_masked_face_dataset\zhangbo\0_0_0.jpg,True,True,True,upper,0.3369903564453125,zhangbo
oracle,linjing,C:\Users\tahak\ogproject\adaptiveface\data\rmfd\AFDB_face_dataset\linjing\1_0_linjing_0053.jpg,False,True,False,full,0.559014081954956,linjing
oracle,Yoon_Young-kwan,C:\Users\tahak\ogproject\adaptiveface\data\lfw\Yoon_Young-kwan\Yoon_Young-kwan_0001.jpg,False,False,False,full,0.1383950263261795,xietingfeng
oracle,huxia,C:\Users\tahak\ogproject\adaptiveface\data\rmfd\AFDB_face_dataset\huxia\1_0_huxia_0078.jpg,False,True,False,full,0.17787373065948486,matianyu
oracle,luozhixiang,C:\Users\tahak\ogproject\adaptiveface\data\rmfd\AFDB_masked_face_dataset\luozhixiang\0_0_0.jpg,True,True,True,upper,0.23860307037830353,matianyu
oracle,yangzi,C:\Users\tahak\ogproject\adaptiveface\data\rmfd\AFDB_face_dataset\yangzi\0_0_yangzi_0076.jpg,False,True,False,full,0.40101805329322815,yangzi
oracle,liyapeng,C:\Users\tahak\ogproject\adaptiveface\data\rmfd\AFDB_face_dataset\liyapeng\1_0_liyapeng_0138.jpg,False,True,False,full,0.357166051864624,liyapeng
oracle,yinengjing,C:\Users\tahak\ogproject\adaptiveface\data\rmfd\AFDB_face_dataset\yinengjing\1_0_yinengjing_0051.jpg,False,True,False,full,0.388377845287323,yinengjing
oracle,Michael_Chiklis,C:\Users\tahak\ogproject\adaptiveface\data\lfw\Michael_Chiklis\Michael_Chiklis_0001.jpg,False,False,False,full,0.1509116291999817,yinzheng
oracle,Omar_Vizquel,C:\Users\tahak\ogproject\adaptiveface\data\lfw\Omar_Vizquel\Omar_Vizquel_0001.jpg,False,False,False,full,0.1542271226644516,zhaoliying
oracle,maoxiaotong,C:\Users\tahak\ogproject\adaptiveface\data\rmfd\AFDB_face_dataset\maoxiaotong\0_0_maoxiaotong_0122.jpg,False,True,False,full,0.36167722940444946,maoxiaotong
oracle,huxia,C:\Users\tahak\ogproject\adaptiveface\data\rmfd\AFDB_masked_face_dataset\huxia\0_0_18.jpg,True,True,True,upper,0.32654738426208496,chenfarong
oracle,zhanghuiwen,C:\Users\tahak\ogproject\adaptiveface\data\rmfd\AFDB_face_dataset\zhanghuiwen\1_0_zhanghuiwen_0035.jpg,False,True,False,full,0.5485953688621521,zhanghuiwen
oracle,mowenwei,C:\Users\tahak\ogproject\adaptiveface\data\rmfd\AFDB_face_dataset\mowenwei\1_0_mowenwei_0016.jpg,False,True,False,full,0.3524840474128723,mowenwei
oracle,jiangjinfu,C:\Users\tahak\ogproject\adaptiveface\data\rmfd\AFDB_masked_face_dataset\jiangjinfu\1_0_15.jpg,True,True,True,upper,0.4514670968055725,jiangjinfu
oracle,raowei,C:\Users\tahak\ogproject\adaptiveface\data\rmfd\AFDB_masked_face_dataset\raowei\0_0_3.jpg,True,True,False,upper,0.3451758027076721,linyuan
oracle,jianghongbo,C:\Users\tahak\ogproject\adaptiveface\data\rmfd\AFDB_face_dataset\jianghongbo\1_0_jianghongbo_0127.jpg,False,True,False,full,0.46021872758865356,jianghongbo
oracle,guojingjing,C:\Users\tahak\ogproject\adaptiveface\data\rmfd\AFDB_masked_face_dataset\guojingjing\0_0_4.jpg,True,True,True,upper,0.3996020555496216,huangxuan
oracle,huangzhongkun,C:\Users\tahak\ogproject\adaptiveface\data\rmfd\AFDB_face_dataset\huangzhongkun\1_0_huangzhongkun_0117.jpg,False,True,False,full,0.5310254096984863,huangzhongkun
oracle,zhangxueyou,C:\Users\tahak\ogproject\adaptiveface\data\rmfd\AFDB_masked_face_dataset\zhangxueyou\0_0_1.jpg,True,True,True,upper,0.3586169481277466,chenxiang
oracle,huangxuan,C:\Users\tahak\ogproject\adaptiveface\data\rmfd\AFDB_face_dataset\huangxuan\1_0_huangxuan_0020.jpg,False,True,False,full,0.4895283877849579,huangxuan
oracle,handongjun,C:\Users\tahak\ogproject\adaptiveface\data\rmfd\AFDB_face_dataset\handongjun\1_0_handongjun_0209.jpg,False,True,False,full,0.26148417592048645,zhangxueyou
oracle,xiena,C:\Users\tahak\ogproject\adaptiveface\data\rmfd\AFDB_face_dataset\xiena\1_0_xiena_0233.jpg,False,True,False,full,0.2392403781414032,zhaoliying
oracle,lvyi,C:\Users\tahak\ogproject\adaptiveface\data\rmfd\AFDB_masked_face_dataset\lvyi\0_0_0.png,True,True,True,upper,0.27402976155281067,jianghongbo
oracle,caizhuoyan,C:\Users\tahak\ogproject\adaptiveface\data\rmfd\AFDB_face_dataset\caizhuoyan\1_0_caizhuoyan_0053.jpg,False,True,False,full,0.40106531977653503,caizhuoyan
oracle,Sean_Patrick_Thomas,C:\Users\tahak\ogproject\adaptiveface\data\lfw\Sean_Patrick_Thomas\Sean_Patrick_Thomas_0001.jpg,False,False,False,full,0.12478426098823547,liuqianhan
oracle,raowei,C:\Users\tahak\ogproject\adaptiveface\data\rmfd\AFDB_face_dataset\raowei\1_0_raowei_0019.jpg,False,True,False,full,0.31014835834503174,wulei
oracle,jiangjinfu,C:\Users\tahak\ogproject\adaptiveface\data\rmfd\AFDB_face_dataset\jiangjinfu\1_0_jiangjinfu_0233.jpg,False,True,False,full,0.44162243604660034,jiangjinfu
oracle,Michael_Chiklis,C:\Users\tahak\ogproject\adaptiveface\data\lfw\Michael_Chiklis\Michael_Chiklis_0003.jpg,False,False,False,full,0.16628411412239075,wuzhenyu
oracle,Carlos_Moya,C:\Users\tahak\ogproject\adaptiveface\data\lfw\Carlos_Moya\Carlos_Moya_0018.jpg,False,False,False,full,0.12956160306930542,linjing
oracle,maqiguang,C:\Users\tahak\ogproject\adaptiveface\data\rmfd\AFDB_masked_face_dataset\maqiguang\0_0_0.jpg,True,True,True,upper,0.3104954659938812,yinzheng
oracle,zhanghuiwen,C:\Users\tahak\ogproject\adaptiveface\data\rmfd\AFDB_masked_face_dataset\zhanghuiwen\1_0_8.jpg,True,True,False,upper,0.43321654200553894,zhanghuiwen
oracle,gongbeibi,C:\Users\tahak\ogproject\adaptiveface\data\rmfd\AFDB_masked_face_dataset\gongbeibi\0_0_0.jpg,True,True,True,upper,0.3849877715110779,gongbeibi
oracle,Terry_Lynn_Barton,C:\Users\tahak\ogproject\adaptiveface\data\lfw\Terry_Lynn_Barton\Terry_Lynn_Barton_0001.jpg,False,False,False,full,0.16887211799621582,xudongdong
oracle,huangzitao,C:\Users\tahak\ogproject\adaptiveface\data\rmfd\AFDB_face_dataset\huangzitao\1_0_huangzitao_0117.jpg,False,True,False,full,0.5113412737846375,huangzitao
oracle,yuyi,C:\Users\tahak\ogproject\adaptiveface\data\rmfd\AFDB_face_dataset\yuyi\1_0_yuyi_0040.jpg,False,True,False,full,0.6655364036560059,yuyi
oracle,huojianhua,C:\Users\tahak\ogproject\adaptiveface\data\rmfd\AFDB_masked_face_dataset\huojianhua\0_1_26.jpg,True,True,True,upper,0.4175318777561188,huojianhua
oracle,xuhao,C:\Users\tahak\ogproject\adaptiveface\data\rmfd\AFDB_face_dataset\xuhao\1_0_xuhao_0135.jpg,False,True,False,full,0.4498159885406494,xuhao
oracle,zhangbinbin,C:\Users\tahak\ogproject\adaptiveface\data\rmfd\AFDB_masked_face_dataset\zhangbinbin\0_0_0.jpg,True,True,True,upper,0.3701174259185791,zhangbinbin
oracle,huge,C:\Users\tahak\ogproject\adaptiveface\data\rmfd\AFDB_face_dataset\huge\1_0_huge_0004.jpg,False,True,False,full,0.5491290092468262,huge
oracle,wangluodan,C:\Users\tahak\ogproject\adaptiveface\data\rmfd\AFDB_masked_face_dataset\wangluodan\0_0_14.jpg,True,True,True,upper,0.28934869170188904,wangluodan
oracle,mali,C:\Users\tahak\ogproject\adaptiveface\data\rmfd\AFDB_face_dataset\mali\1_0_mali_0011.jpg,False,True,False,full,0.4187116026878357,mali
oracle,liudehua,C:\Users\tahak\ogproject\adaptiveface\data\rmfd\AFDB_face_dataset\liudehua\0_0_liudehua_0095.jpg,False,True,False,full,0.4863346815109253,liudehua
oracle,duwenze,C:\Users\tahak\ogproject\adaptiveface\data\rmfd\AFDB_face_dataset\duwenze\1_0_duwenze_0004.jpg,False,True,False,full,0.5651319026947021,duwenze
oracle,Kellie_Coffey,C:\Users\tahak\ogproject\adaptiveface\data\lfw\Kellie_Coffey\Kellie_Coffey_0001.jpg,False,False,False,full,0.13865385949611664,zhangjingjing
oracle,xiongnaijin,C:\Users\tahak\ogproject\adaptiveface\data\rmfd\AFDB_masked_face_dataset\xiongnaijin\0_0_2.jpg,True,True,True,upper,0.42405974864959717,zhaoliying
oracle,fengjianyu,C:\Users\tahak\ogproject\adaptiveface\data\rmfd\AFDB_masked_face_dataset\fengjianyu\0_0_1.jpg,True,True,True,upper,0.27195000648498535,fengjianyu
oracle,zhangdanfeng,C:\Users\tahak\ogproject\adaptiveface\data\rmfd\AFDB_face_dataset\zhangdanfeng\1_0_zhangdanfeng_0104.jpg,False,True,False,full,0.5644360184669495,zhangdanfeng
oracle,xuhaiqiao,C:\Users\tahak\ogproject\adaptiveface\data\rmfd\AFDB_masked_face_dataset\xuhaiqiao\0_0_11.jpg,True,True,True,upper,0.2372918426990509,masichun
oracle,fanwei,C:\Users\tahak\ogproject\adaptiveface\data\rmfd\AFDB_masked_face_dataset\fanwei\0_0_0.png,True,True,True,upper,0.381033718585968,fanwei
oracle,wangluodan,C:\Users\tahak\ogproject\adaptiveface\data\rmfd\AFDB_face_dataset\wangluodan\1_0_wangluodan_0014.jpg,False,True,False,full,0.4463832974433899,wangluodan
oracle,Nicanor_Duarte_Frutos,C:\Users\tahak\ogproject\adaptiveface\data\lfw\Nicanor_Duarte_Frutos\Nicanor_Duarte_Frutos_0003.jpg,False,False,False,full,0.1576332151889801,liudehua
oracle,linjing,C:\Users\tahak\ogproject\adaptiveface\data\rmfd\AFDB_face_dataset\linjing\1_0_linjing_0106.jpg,False,True,False,full,0.3511609137058258,linjing
oracle,duwenze,C:\Users\tahak\ogproject\adaptiveface\data\rmfd\AFDB_face_dataset\duwenze\1_0_duwenze_0071.jpg,False,True,False,full,0.4629119038581848,duwenze
oracle,xietingfeng,C:\Users\tahak\ogproject\adaptiveface\data\rmfd\AFDB_face_dataset\xietingfeng\1_0_xietingfeng_0191.jpg,False,True,False,full,0.47315213084220886,xietingfeng
oracle,Carlos_Lordkipanitse,C:\Users\tahak\ogproject\adaptiveface\data\lfw\Carlos_Lordkipanitse\Carlos_Lordkipanitse_0001.jpg,False,False,False,full,0.13344106078147888,gulinazha
oracle,Duncan_Fletcher,C:\Users\tahak\ogproject\adaptiveface\data\lfw\Duncan_Fletcher\Duncan_Fletcher_0001.jpg,False,False,False,full,0.14291396737098694,lanyingying
oracle,handongjun,C:\Users\tahak\ogproject\adaptiveface\data\rmfd\AFDB_masked_face_dataset\handongjun\0_0_1.png,True,True,True,upper,0.29011204838752747,lvjiarong
oracle,benxi,C:\Users\tahak\ogproject\adaptiveface\data\rmfd\AFDB_face_dataset\benxi\1_0_benxi_0042.jpg,False,True,False,full,0.20570069551467896,xieanqi
oracle,qinjunjie,C:\Users\tahak\ogproject\adaptiveface\data\rmfd\AFDB_masked_face_dataset\qinjunjie\0_0_5.jpg,True,True,True,upper,0.2942546010017395,lanyingying
oracle,zhangjingjing,C:\Users\tahak\ogproject\adaptiveface\data\rmfd\AFDB_face_dataset\zhangjingjing\1_0_zhangjingjing_0006.jpg,False,True,False,full,0.24301713705062866,mowenwei
oracle,xieanqi,C:\Users\tahak\ogproject\adaptiveface\data\rmfd\AFDB_face_dataset\xieanqi\1_0_xieanqi_0059.jpg,False,True,False,full,0.43353527784347534,xieanqi
oracle,liuyifei,C:\Users\tahak\ogproject\adaptiveface\data\rmfd\AFDB_masked_face_dataset\liuyifei\1_0_1.jpg,True,True,True,upper,0.33243346214294434,xuhao
oracle,huangxuan,C:\Users\tahak\ogproject\adaptiveface\data\rmfd\AFDB_face_dataset\huangxuan\1_0_huangxuan_0013.jpg,False,True,False,full,0.4980965256690979,huangxuan
oracle,yumenglong,C:\Users\tahak\ogproject\adaptiveface\data\rmfd\AFDB_masked_face_dataset\yumenglong\0_0_2.jpg,True,True,True,upper,0.32722264528274536,lixiang
oracle,Mark_Broxmeyer,C:\Users\tahak\ogproject\adaptiveface\data\lfw\Mark_Broxmeyer\Mark_Broxmeyer_0001.jpg,False,False,False,full,0.1563982367515564,wuzhenyu
oracle,ruanjingtian,C:\Users\tahak\ogproject\adaptiveface\data\rmfd\AFDB_face_dataset\ruanjingtian\1_0_ruanjingtian_0125.jpg,False,True,False,full,0.5374565124511719,ruanjingtian
oracle,gutianle,C:\Users\tahak\ogproject\adaptiveface\data\rmfd\AFDB_face_dataset\gutianle\1_0_gutianle_0053.jpg,False,True,False,full,0.5873628854751587,gutianle
oracle,Bernard_Landry,C:\Users\tahak\ogproject\adaptiveface\data\lfw\Bernard_Landry\Bernard_Landry_0001.jpg,False,False,False,full,0.12467670440673828,shaofeng
oracle,chenyi,C:\Users\tahak\ogproject\adaptiveface\data\rmfd\AFDB_face_dataset\chenyi\1_0_chenyi_0050.jpg,False,True,False,full,0.4763376712799072,chenyi
oracle,zhangzifeng,C:\Users\tahak\ogproject\adaptiveface\data\rmfd\AFDB_face_dataset\zhangzifeng\1_0_zhangzifeng_0074.jpg,False,True,False,full,0.22184720635414124,zhangxueying
oracle,Carlos_Moya,C:\Users\tahak\ogproject\adaptiveface\data\lfw\Carlos_Moya\Carlos_Moya_0014.jpg,False,False,False,full,0.12056528776884079,lianghanwen
oracle,xiena,C:\Users\tahak\ogproject\adaptiveface\data\rmfd\AFDB_masked_face_dataset\xiena\1_1_1.jpg,True,True,False,upper,0.33998194336891174,xiongnaijin
oracle,xiaozhan,C:\Users\tahak\ogproject\adaptiveface\data\rmfd\AFDB_face_dataset\xiaozhan\1_0_xiaozhan_0156.jpg,False,True,False,full,0.5045424699783325,xiaozhan
oracle,hejiong,C:\Users\tahak\ogproject\adaptiveface\data\rmfd\AFDB_masked_face_dataset\hejiong\0_0_1.jpg,True,True,False,upper,0.1809612512588501,masichun
oracle,matianyu,C:\Users\tahak\ogproject\adaptiveface\data\rmfd\AFDB_face_dataset\matianyu\1_0_matianyu_0153.jpg,False,True,False,full,0.4030877351760864,matianyu
oracle,zhangbo,C:\Users\tahak\ogproject\adaptiveface\data\rmfd\AFDB_face_dataset\zhangbo\1_0_zhangbo_0195.jpg,False,True,False,full,0.3906756043434143,zhangbo
oracle,Shania_Twain,C:\Users\tahak\ogproject\adaptiveface\data\lfw\Shania_Twain\Shania_Twain_0001.jpg,False,False,False,full,0.1693124920129776,chenkun
oracle,xietingfeng,C:\Users\tahak\ogproject\adaptiveface\data\rmfd\AFDB_face_dataset\xietingfeng\1_0_xietingfeng_0155.jpg,False,True,False,full,0.6884477138519287,xietingfeng
oracle,songqian,C:\Users\tahak\ogproject\adaptiveface\data\rmfd\AFDB_face_dataset\songqian\1_0_songqian_0200.jpg,False,True,False,full,0.22068531811237335,caiyilin
oracle,jiangkaitong,C:\Users\tahak\ogproject\adaptiveface\data\rmfd\AFDB_face_dataset\jiangkaitong\1_0_jiangkaitong_0082.jpg,False,True,False,full,0.3486769199371338,jiangkaitong
oracle,Nicanor_Duarte_Frutos,C:\Users\tahak\ogproject\adaptiveface\data\lfw\Nicanor_Duarte_Frutos\Nicanor_Duarte_Frutos_0006.jpg,False,False,False,full,0.17735958099365234,liuruilin
oracle,huangbo,C:\Users\tahak\ogproject\adaptiveface\data\rmfd\AFDB_face_dataset\huangbo\1_0_huangbo_0110.jpg,False,True,False,full,0.5209176540374756,huangbo
oracle,huangrihua,C:\Users\tahak\ogproject\adaptiveface\data\rmfd\AFDB_masked_face_dataset\huangrihua\0_0_5.jpg,True,True,True,upper,0.2751125693321228,huangbo
oracle,shenmengchen,C:\Users\tahak\ogproject\adaptiveface\data\rmfd\AFDB_face_dataset\shenmengchen\1_0_shenmengchen_0108.jpg,False,True,False,full,0.5617316961288452,shenmengchen
oracle,songxiaobo,C:\Users\tahak\ogproject\adaptiveface\data\rmfd\AFDB_face_dataset\songxiaobo\1_0_songxiaobo_0198.jpg,False,True,False,full,0.2089955359697342,gongbeibi
oracle,xiena,C:\Users\tahak\ogproject\adaptiveface\data\rmfd\AFDB_face_dataset\xiena\1_0_xiena_0017.jpg,False,True,False,full,0.27642250061035156,zhanghanyun
oracle,tongkeke,C:\Users\tahak\ogproject\adaptiveface\data\rmfd\AFDB_face_dataset\tongkeke\0_0_tongkeke_0188.jpg,False,True,False,full,0.21395941078662872,tongkeke
oracle,Nicanor_Duarte_Frutos,C:\Users\tahak\ogproject\adaptiveface\data\lfw\Nicanor_Duarte_Frutos\Nicanor_Duarte_Frutos_0005.jpg,False,False,False,full,0.15322938561439514,liudehua
oracle,Mark_Hurlbert,C:\Users\tahak\ogproject\adaptiveface\data\lfw\Mark_Hurlbert\Mark_Hurlbert_0004.jpg,False,False,False,full,0.11198493093252182,liyifeng
oracle,Virgina_Ruano_Pascal,C:\Users\tahak\ogproject\adaptiveface\data\lfw\Virgina_Ruano_Pascal\Virgina_Ruano_Pascal_0001.jpg,False,False,False,full,0.17315170168876648,caizhuoyan
oracle,gulinazha,C:\Users\tahak\ogproject\adaptiveface\data\rmfd\AFDB_masked_face_dataset\gulinazha\0_0_1.jpg,True,True,True,upper,0.3457784056663513,yeyiqian
oracle,xuhaiqiao,C:\Users\tahak\ogproject\adaptiveface\data\rmfd\AFDB_face_dataset\xuhaiqiao\1_0_xuhaiqiao_0103.jpg,False,True,False,full,0.277693510055542,raowei
oracle,Michael_Phelps,C:\Users\tahak\ogproject\adaptiveface\data\lfw\Michael_Phelps\Michael_Phelps_0005.jpg,False,False,False,full,0.12040617316961288,zhourunfa
oracle,licaihua,C:\Users\tahak\ogproject\adaptiveface\data\rmfd\AFDB_face_dataset\licaihua\1_0_licaihua_0188.jpg,False,True,False,full,0.44992348551750183,licaihua
oracle,masichun,C:\Users\tahak\ogproject\adaptiveface\data\rmfd\AFDB_face_dataset\masichun\1_0_masichun_0135.jpg,False,True,False,full,0.2840648591518402,huojianhua
oracle,xieanqi,C:\Users\tahak\ogproject\adaptiveface\data\rmfd\AFDB_masked_face_dataset\xieanqi\0_0_2.jpg,True,True,True,upper,0.4086649417877197,shenmengchen
oracle,Pete_Rose,C:\Users\tahak\ogproject\adaptiveface\data\lfw\Pete_Rose\Pete_Rose_0001.jpg,False,False,False,full,0.11208261549472809,wulei
oracle,gutianle,C:\Users\tahak\ogproject\adaptiveface\data\rmfd\AFDB_masked_face_dataset\gutianle\0_0_17.jpg,True,True,False,upper,0.3767462372779846,gutianle
oracle,zhangliangying,C:\Users\tahak\ogproject\adaptiveface\data\rmfd\AFDB_face_dataset\zhangliangying\1_0_zhangliangying_0140.jpg,False,True,False,full,0.3196062445640564,zhangliangying
oracle,yinengjing,C:\Users\tahak\ogproject\adaptiveface\data\rmfd\AFDB_face_dataset\yinengjing\1_0_yinengjing_0099.jpg,False,True,False,full,0.3352855443954468,yinengjing
oracle,lanyingying,C:\Users\tahak\ogproject\adaptiveface\data\rmfd\AFDB_face_dataset\lanyingying\0_0_lanyingying_0156.jpg,False,True,False,full,0.3662307560443878,lanyingying
oracle,liuruilin,C:\Users\tahak\ogproject\adaptiveface\data\rmfd\AFDB_masked_face_dataset\liuruilin\0_0_4.jpg,True,True,True,upper,0.3668009042739868,wangluodan
oracle,zhangbo,C:\Users\tahak\ogproject\adaptiveface\data\rmfd\AFDB_masked_face_dataset\zhangbo\0_0_1.jpg,True,True,True,upper,0.40600496530532837,xiaozhan
oracle,zhangluyi,C:\Users\tahak\ogproject\adaptiveface\data\rmfd\AFDB_masked_face_dataset\zhangluyi\0_0_3.png,True,True,True,upper,0.558059811592102,zhangluyi
oracle,mali,C:\Users\tahak\ogproject\adaptiveface\data\rmfd\AFDB_face_dataset\mali\1_0_mali_0040.jpg,False,True,False,full,0.48796847462654114,mali
oracle,panyueming,C:\Users\tahak\ogproject\adaptiveface\data\rmfd\AFDB_masked_face_dataset\panyueming\0_0_25.jpg,True,True,False,upper,0.27165669202804565,wangyuan
oracle,Eliane_Karp,C:\Users\tahak\ogproject\adaptiveface\data\lfw\Eliane_Karp\Eliane_Karp_0003.jpg,False,False,False,full,0.13163940608501434,yangzi
oracle,liuxiang,C:\Users\tahak\ogproject\adaptiveface\data\rmfd\AFDB_masked_face_dataset\liuxiang\0_0_3.jpg,True,True,False,upper,0.3958766460418701,liuxiang
oracle,Stephen_Glassroth,C:\Users\tahak\ogproject\adaptiveface\data\lfw\Stephen_Glassroth\Stephen_Glassroth_0001.jpg,False,False,False,full,0.12560632824897766,huangzhongkun
oracle,xuxidi,C:\Users\tahak\ogproject\adaptiveface\data\rmfd\AFDB_masked_face_dataset\xuxidi\1_0_19.jpg,True,True,True,upper,0.32994216680526733,chenfarong
oracle,benxi,C:\Users\tahak\ogproject\adaptiveface\data\rmfd\AFDB_masked_face_dataset\benxi\0_0_27.jpg,True,True,True,upper,0.39107203483581543,xieanqi
oracle,zhourunfa,C:\Users\tahak\ogproject\adaptiveface\data\rmfd\AFDB_face_dataset\zhourunfa\1_0_zhourunfa_0098.jpg,False,True,False,full,0.45579975843429565,zhourunfa
oracle,tangwei,C:\Users\tahak\ogproject\adaptiveface\data\rmfd\AFDB_masked_face_dataset\tangwei\0_0_11.jpg,True,True,True,upper,0.2632066607475281,yangzi
oracle,ruanjingtian,C:\Users\tahak\ogproject\adaptiveface\data\rmfd\AFDB_masked_face_dataset\ruanjingtian\0_0_0.jpg,True,True,True,upper,0.4978483319282532,ruanjingtian
oracle,huangxiaoming,C:\Users\tahak\ogproject\adaptiveface\data\rmfd\AFDB_masked_face_dataset\huangxiaoming\0_0_1.jpg,True,True,True,upper,0.24760568141937256,huangxiaoming
oracle,yangzi,C:\Users\tahak\ogproject\adaptiveface\data\rmfd\AFDB_masked_face_dataset\yangzi\0_0_23.jpg,True,True,True,upper,0.3788365125656128,lanyingying
oracle,Sanjay_Chawla,C:\Users\tahak\ogproject\adaptiveface\data\lfw\Sanjay_Chawla\Sanjay_Chawla_0001.jpg,False,False,False,full,0.14494511485099792,zhangjingjing
oracle,Intisar_Ajouri,C:\Users\tahak\ogproject\adaptiveface\data\lfw\Intisar_Ajouri\Intisar_Ajouri_0001.jpg,False,False,False,full,0.17547035217285156,hejiong
oracle,chenjiaqi,C:\Users\tahak\ogproject\adaptiveface\data\rmfd\AFDB_face_dataset\chenjiaqi\0_0_chenjiaqi_0004.jpg,False,True,False,full,0.34654295444488525,chenjiaqi
oracle,lufangsheng,C:\Users\tahak\ogproject\adaptiveface\data\rmfd\AFDB_face_dataset\lufangsheng\1_0_lufangsheng_0161.jpg,False,True,False,full,0.5323702096939087,lufangsheng
oracle,Clint_Howard,C:\Users\tahak\ogproject\adaptiveface\data\lfw\Clint_Howard\Clint_Howard_0001.jpg,False,False,False,full,0.14181968569755554,zhaoliying
oracle,shenmengchen,C:\Users\tahak\ogproject\adaptiveface\data\rmfd\AFDB_face_dataset\shenmengchen\1_0_shenmengchen_0082.jpg,False,True,False,full,0.3103978931903839,shenmengchen
oracle,Michael_Chiklis,C:\Users\tahak\ogproject\adaptiveface\data\lfw\Michael_Chiklis\Michael_Chiklis_0002.jpg,False,False,False,full,0.16503965854644775,maqiguang
oracle,daipeini,C:\Users\tahak\ogproject\adaptiveface\data\rmfd\AFDB_face_dataset\daipeini\1_0_daipeini_0065.jpg,False,True,False,full,0.4824058413505554,daipeini
oracle,caobingkun,C:\Users\tahak\ogproject\adaptiveface\data\rmfd\AFDB_masked_face_dataset\caobingkun\0_0_15.jpg,True,True,True,upper,0.3050385117530823,caobingkun
oracle,guojingfei,C:\Users\tahak\ogproject\adaptiveface\data\rmfd\AFDB_face_dataset\guojingfei\1_0_guojingfei_0087.jpg,False,True,False,full,0.42916756868362427,guojingfei
oracle,wangkai,C:\Users\tahak\ogproject\adaptiveface\data\rmfd\AFDB_masked_face_dataset\wangkai\0_0_1.jpg,True,True,True,upper,0.4902377128601074,wangkai
oracle,yuyi,C:\Users\tahak\ogproject\adaptiveface\data\rmfd\AFDB_masked_face_dataset\yuyi\0_0_2.png,True,True,True,upper,0.5486831665039062,yuyi
oracle,zhangguoli,C:\Users\tahak\ogproject\adaptiveface\data\rmfd\AFDB_masked_face_dataset\zhangguoli\0_0_1.jpg,True,True,False,upper,0.35714638233184814,lufangsheng
oracle,zhangyi,C:\Users\tahak\ogproject\adaptiveface\data\rmfd\AFDB_face_dataset\zhangyi\1_0_zhangyi_0008.jpg,False,True,False,full,0.43582165241241455,zhangyi
oracle,masichun,C:\Users\tahak\ogproject\adaptiveface\data\rmfd\AFDB_masked_face_dataset\masichun\0_0_2.png,True,True,True,upper,0.3430313169956207,masichun
oracle,James_Phelps,C:\Users\tahak\ogproject\adaptiveface\data\lfw\James_Phelps\James_Phelps_0001.jpg,False,False,False,full,0.1388305425643921,chenxiang
oracle,xudongdong,C:\Users\tahak\ogproject\adaptiveface\data\rmfd\AFDB_masked_face_dataset\xudongdong\0_0_1.jpg,True,True,False,upper,0.2716122269630432,lvjiarong
oracle,liyifeng,C:\Users\tahak\ogproject\adaptiveface\data\rmfd\AFDB_face_dataset\liyifeng\1_0_liyifeng_0006.jpg,False,True,False,full,0.49404603242874146,liyifeng
oracle,wangluodan,C:\Users\tahak\ogproject\adaptiveface\data\rmfd\AFDB_masked_face_dataset\wangluodan\0_0_2.jpg,True,True,True,upper,0.3113904893398285,wangluodan
oracle,Lane_Odom,C:\Users\tahak\ogproject\adaptiveface\data\lfw\Lane_Odom\Lane_Odom_0001.jpg,False,False,False,full,0.13464659452438354,maoxiaotong
oracle,dazhangwei,C:\Users\tahak\ogproject\adaptiveface\data\rmfd\AFDB_masked_face_dataset\dazhangwei\1_0_21.jpg,True,True,True,upper,0.39796435832977295,wangyuan
oracle,songqian,C:\Users\tahak\ogproject\adaptiveface\data\rmfd\AFDB_face_dataset\songqian\1_0_songqian_0240.jpg,False,True,False,full,0.23982658982276917,songqian
oracle,Tyra_Banks,C:\Users\tahak\ogproject\adaptiveface\data\lfw\Tyra_Banks\Tyra_Banks_0001.jpg,False,False,False,full,0.18639197945594788,yeyiqian
oracle,huozun,C:\Users\tahak\ogproject\adaptiveface\data\rmfd\AFDB_face_dataset\huozun\1_0_huozun_0205.jpg,False,True,False,full,0.5055413842201233,huozun
oracle,masu,C:\Users\tahak\ogproject\adaptiveface\data\rmfd\AFDB_face_dataset\masu\1_0_masu_0152.jpg,False,True,False,full,0.3462200164794922,masu
oracle,zhangxinyu,C:\Users\tahak\ogproject\adaptiveface\data\rmfd\AFDB_face_dataset\zhangxinyu\1_0_zhangxinyu_0102.jpg,False,True,False,full,0.26162010431289673,lanyingying
oracle,Collis_Temple_III,C:\Users\tahak\ogproject\adaptiveface\data\lfw\Collis_Temple_III\Collis_Temple_III_0001.jpg,False,False,False,full,0.09280144423246384,wangyuan
oracle,yangqianhua,C:\Users\tahak\ogproject\adaptiveface\data\rmfd\AFDB_face_dataset\yangqianhua\1_0_yangqianhua_0046.jpg,False,True,False,full,0.5121970176696777,yangqianhua
oracle,liuye,C:\Users\tahak\ogproject\adaptiveface\data\rmfd\AFDB_face_dataset\liuye\1_0_liuye_0039.jpg,False,True,False,full,0.569449782371521,liuye
oracle,David_Rivkin_Jr,C:\Users\tahak\ogproject\adaptiveface\data\lfw\David_Rivkin_Jr\David_Rivkin_Jr_0001.jpg,False,False,False,full,0.14799070358276367,tangwei
oracle,wuzhenyu,C:\Users\tahak\ogproject\adaptiveface\data\rmfd\AFDB_face_dataset\wuzhenyu\0_0_wuzhenyu_0138.jpg,False,True,False,full,0.7055999040603638,wuzhenyu
oracle,Mark_Hurlbert,C:\Users\tahak\ogproject\adaptiveface\data\lfw\Mark_Hurlbert\Mark_Hurlbert_0001.jpg,False,False,False,full,0.12141865491867065,chenyi
oracle,yeyiqian,C:\Users\tahak\ogproject\adaptiveface\data\rmfd\AFDB_face_dataset\yeyiqian\0_0_yeyiqian_0155.jpg,False,True,False,full,0.39791691303253174,yeyiqian
oracle,huozun,C:\Users\tahak\ogproject\adaptiveface\data\rmfd\AFDB_face_dataset\huozun\1_0_huozun_0172.jpg,False,True,False,full,0.41543155908584595,huozun
oracle,Bernard_Law,C:\Users\tahak\ogproject\adaptiveface\data\lfw\Bernard_Law\Bernard_Law_0002.jpg,False,False,False,full,0.12316510081291199,raowei
oracle,Martha_Lucia_Ramirez,C:\Users\tahak\ogproject\adaptiveface\data\lfw\Martha_Lucia_Ramirez\Martha_Lucia_Ramirez_0004.jpg,False,False,False,full,0.12160826474428177,lixiang
oracle,zhourunfa,C:\Users\tahak\ogproject\adaptiveface\data\rmfd\AFDB_face_dataset\zhourunfa\0_0_zhourunfa_0148.jpg,False,True,False,full,0.5321828126907349,zhourunfa
oracle,yanyikuan,C:\Users\tahak\ogproject\adaptiveface\data\rmfd\AFDB_face_dataset\yanyikuan\1_0_yanyikuan_0142.jpg,False,True,False,full,0.4179530143737793,yanyikuan
oracle,gongbeibi,C:\Users\tahak\ogproject\adaptiveface\data\rmfd\AFDB_face_dataset\gongbeibi\1_0_gongbeibi_0179.jpg,False,True,False,full,0.4774118661880493,gongbeibi
oracle,zhuowenxuan,C:\Users\tahak\ogproject\adaptiveface\data\rmfd\AFDB_face_dataset\zhuowenxuan\1_0_zhuowenxuan_0053.jpg,False,True,False,full,0.5717974901199341,zhuowenxuan
oracle,xuezhiqian,C:\Users\tahak\ogproject\adaptiveface\data\rmfd\AFDB_masked_face_dataset\xuezhiqian\0_0_2.jpg,True,True,True,upper,0.2471664845943451,qiuze
oracle,Eliane_Karp,C:\Users\tahak\ogproject\adaptiveface\data\lfw\Eliane_Karp\Eliane_Karp_0002.jpg,False,False,False,full,0.13688822090625763,jiangjinfu
oracle,mowenwei,C:\Users\tahak\ogproject\adaptiveface\data\rmfd\AFDB_masked_face_dataset\mowenwei\0_0_7.jpg,True,True,True,upper,0.25461992621421814,mowenwei
oracle,caiguoqing,C:\Users\tahak\ogproject\adaptiveface\data\rmfd\AFDB_face_dataset\caiguoqing\1_0_caiguoqing_0039.jpg,False,True,False,full,0.5752897262573242,caiguoqing
oracle,zhuowenxuan,C:\Users\tahak\ogproject\adaptiveface\data\rmfd\AFDB_masked_face_dataset\zhuowenxuan\0_0_0.jpg,True,True,True,upper,0.2464609146118164,zhangyi
oracle,jianailiang,C:\Users\tahak\ogproject\adaptiveface\data\rmfd\AFDB_face_dataset\jianailiang\1_0_jianailiang_0043.jpg,False,True,False,full,0.26329705119132996,chenkun
oracle,tanweiwei,C:\Users\tahak\ogproject\adaptiveface\data\rmfd\AFDB_face_dataset\tanweiwei\1_0_tanweiwei_0020.jpg,False,True,False,full,0.2743765413761139,tanweiwei
oracle,yinzheng,C:\Users\tahak\ogproject\adaptiveface\data\rmfd\AFDB_face_dataset\yinzheng\1_0_yinzheng_0046.jpg,False,True,False,full,0.508796215057373,yinzheng
oracle,ruanjingtian,C:\Users\tahak\ogproject\adaptiveface\data\rmfd\AFDB_face_dataset\ruanjingtian\0_0_ruanjingtian_0052.jpg,False,True,False,full,0.517296314239502,ruanjingtian
oracle,jiangkaitong,C:\Users\tahak\ogproject\adaptiveface\data\rmfd\AFDB_face_dataset\jiangkaitong\1_0_jiangkaitong_0206.jpg,False,True,False,full,0.29523831605911255,jiangkaitong
oracle,zhangtianai,C:\Users\tahak\ogproject\adaptiveface\data\rmfd\AFDB_face_dataset\zhangtianai\1_0_zhangtianai_0168.jpg,False,True,False,full,0.40002256631851196,zhangtianai
oracle,xiongnaijin,C:\Users\tahak\ogproject\adaptiveface\data\rmfd\AFDB_face_dataset\xiongnaijin\1_0_xiongnaijin_0201.jpg,False,True,False,full,0.37855401635169983,shenmengchen
oracle,xinzhilei,C:\Users\tahak\ogproject\adaptiveface\data\rmfd\AFDB_face_dataset\xinzhilei\0_0_xinzhilei_0064.jpg,False,True,False,full,0.48127424716949463,xinzhilei
oracle,linyichen,C:\Users\tahak\ogproject\adaptiveface\data\rmfd\AFDB_face_dataset\linyichen\1_0_linyichen_0222.jpg,False,True,False,full,0.22277048230171204,zhaoliying
oracle,huangzhongkun,C:\Users\tahak\ogproject\adaptiveface\data\rmfd\AFDB_face_dataset\huangzhongkun\1_0_huangzhongkun_0046.jpg,False,True,False,full,0.5966377258300781,huangzhongkun
oracle,chenyi,C:\Users\tahak\ogproject\adaptiveface\data\rmfd\AFDB_masked_face_dataset\chenyi\0_0_0.jpg,True,True,True,upper,0.4331594705581665,chenyi
oracle,sunyizhou,C:\Users\tahak\ogproject\adaptiveface\data\rmfd\AFDB_masked_face_dataset\sunyizhou\1_0_0.jpg,True,True,False,upper,0.3710983395576477,caiguoqing
oracle,caizhuoyan,C:\Users\tahak\ogproject\adaptiveface\data\rmfd\AFDB_masked_face_dataset\caizhuoyan\1_0_14.jpg,True,True,True,upper,0.3449746370315552,jianghongbo
oracle,wangqing,C:\Users\tahak\ogproject\adaptiveface\data\rmfd\AFDB_masked_face_dataset\wangqing\0_0_8.jpg,True,True,True,upper,0.39314574003219604,wangqing
oracle,Carlos_Moya,C:\Users\tahak\ogproject\adaptiveface\data\lfw\Carlos_Moya\Carlos_Moya_0004.jpg,False,False,False,full,0.14978334307670593,lianghanwen
oracle,liushishi,C:\Users\tahak\ogproject\adaptiveface\data\rmfd\AFDB_masked_face_dataset\liushishi\0_0_3.jpg,True,True,True,upper,0.29703325033187866,liuyifei
oracle,zhaoliying,C:\Users\tahak\ogproject\adaptiveface\data\rmfd\AFDB_masked_face_dataset\zhaoliying\0_0_12.jpg,True,True,True,upper,0.35692906379699707,masichun
oracle,yangqianhua,C:\Users\tahak\ogproject\adaptiveface\data\rmfd\AFDB_face_dataset\yangqianhua\1_0_yangqianhua_0047.jpg,False,True,False,full,0.43399232625961304,yangqianhua
oracle,raowei,C:\Users\tahak\ogproject\adaptiveface\data\rmfd\AFDB_masked_face_dataset\raowei\0_0_1.jpg,True,True,True,upper,0.3265693783760071,qiuze
oracle,lixiang,C:\Users\tahak\ogproject\adaptiveface\data\rmfd\AFDB_face_dataset\lixiang\1_0_lixiang_0157.jpg,False,True,False,full,0.24028626084327698,lixiang
oracle,zhangdanfeng,C:\Users\tahak\ogproject\adaptiveface\data\rmfd\AFDB_face_dataset\zhangdanfeng\1_0_zhangdanfeng_0074.jpg,False,True,False,full,0.4440981447696686,zhangdanfeng
oracle,Rod_Thorn,C:\Users\tahak\ogproject\adaptiveface\data\lfw\Rod_Thorn\Rod_Thorn_0001.jpg,False,False,False,full,0.10008226335048676,caizhuoyan
oracle,chenxiang,C:\Users\tahak\ogproject\adaptiveface\data\rmfd\AFDB_masked_face_dataset\chenxiang\0_0_4.jpg,True,True,True,upper,0.33776432275772095,wangluodan
oracle,pengjing,C:\Users\tahak\ogproject\adaptiveface\data\rmfd\AFDB_face_dataset\pengjing\1_0_pengjing_0013.jpg,False,True,False,full,0.2804647386074066,xiongnaijin
oracle,qinjunjie,C:\Users\tahak\ogproject\adaptiveface\data\rmfd\AFDB_face_dataset\qinjunjie\0_0_qinjunjie_0130.jpg,False,True,False,full,0.39396101236343384,qinjunjie
oracle,huangrihua,C:\Users\tahak\ogproject\adaptiveface\data\rmfd\AFDB_face_dataset\huangrihua\1_0_huangrihua_0073.jpg,False,True,False,full,0.5532026290893555,huangrihua
oracle,yumenglong,C:\Users\tahak\ogproject\adaptiveface\data\rmfd\AFDB_masked_face_dataset\yumenglong\0_0_0.jpg,True,True,True,upper,0.30841392278671265,yumenglong
oracle,maqiguang,C:\Users\tahak\ogproject\adaptiveface\data\rmfd\AFDB_masked_face_dataset\maqiguang\0_0_1.jpg,True,True,True,upper,0.48209869861602783,maqiguang
oracle,huge,C:\Users\tahak\ogproject\adaptiveface\data\rmfd\AFDB_face_dataset\huge\1_0_huge_0082.jpg,False,True,False,full,0.5163528919219971,huge
oracle,liuye,C:\Users\tahak\ogproject\adaptiveface\data\rmfd\AFDB_face_dataset\liuye\1_0_liuye_0103.jpg,False,True,False,full,0.6312289237976074,liuye
oracle,yangqianhua,C:\Users\tahak\ogproject\adaptiveface\data\rmfd\AFDB_masked_face_dataset\yangqianhua\1_0_0.jpg,True,True,True,upper,0.22760197520256042,wangyuan
oracle,zhanghanyun,C:\Users\tahak\ogproject\adaptiveface\data\rmfd\AFDB_face_dataset\zhanghanyun\1_0_zhanghanyun_0260.jpg,False,True,False,full,0.37761712074279785,zhanghanyun
oracle,wangqing,C:\Users\tahak\ogproject\adaptiveface\data\rmfd\AFDB_face_dataset\wangqing\1_0_wangqing_0067.jpg,False,True,False,full,0.17032331228256226,xuxidi
oracle,Mark_Hurlbert,C:\Users\tahak\ogproject\adaptiveface\data\lfw\Mark_Hurlbert\Mark_Hurlbert_0005.jpg,False,False,False,full,0.08059798926115036,zhangzifeng
oracle,wangou,C:\Users\tahak\ogproject\adaptiveface\data\rmfd\AFDB_masked_face_dataset\wangou\0_0_16.jpg,True,True,True,upper,0.2665155529975891,lixirui
oracle,yangqianhua,C:\Users\tahak\ogproject\adaptiveface\data\rmfd\AFDB_masked_face_dataset\yangqianhua\0_0_2.jpg,True,True,True,upper,0.3547288775444031,zhaoyazhi
oracle,xudongdong,C:\Users\tahak\ogproject\adaptiveface\data\rmfd\AFDB_masked_face_dataset\xudongdong\0_0_0.jpg,True,True,True,upper,0.2851604223251343,chenxiang
oracle,zhengyecheng,C:\Users\tahak\ogproject\adaptiveface\data\rmfd\AFDB_face_dataset\zhengyecheng\1_0_zhengyecheng_0129.jpg,False,True,False,full,0.61100172996521,zhengyecheng
oracle,Carlos_Moya,C:\Users\tahak\ogproject\adaptiveface\data\lfw\Carlos_Moya\Carlos_Moya_0017.jpg,False,False,False,full,0.1129864901304245,gongbeibi
oracle,liudehua,C:\Users\tahak\ogproject\adaptiveface\data\rmfd\AFDB_face_dataset\liudehua\1_0_liudehua_0238.jpg,False,True,False,full,0.3992358446121216,liudehua
oracle,Carlos_Moya,C:\Users\tahak\ogproject\adaptiveface\data\lfw\Carlos_Moya\Carlos_Moya_0005.jpg,False,False,False,full,0.1606096476316452,wangqing
oracle,Dereck_Whittenburg,C:\Users\tahak\ogproject\adaptiveface\data\lfw\Dereck_Whittenburg\Dereck_Whittenburg_0001.jpg,False,False,False,full,0.2169945240020752,yuyi
oracle,zhuowenxuan,C:\Users\tahak\ogproject\adaptiveface\data\rmfd\AFDB_face_dataset\zhuowenxuan\0_0_zhuowenxuan_0046.jpg,False,True,False,full,0.3138153553009033,zhuowenxuan
oracle,Billy_Sollie,C:\Users\tahak\ogproject\adaptiveface\data\lfw\Billy_Sollie\Billy_Sollie_0001.jpg,False,False,False,full,0.15744943916797638,hanqingzi
oracle,huangrihua,C:\Users\tahak\ogproject\adaptiveface\data\rmfd\AFDB_face_dataset\huangrihua\1_0_huangrihua_0019.jpg,False,True,False,full,0.6806657314300537,huangrihua
oracle,handongjun,C:\Users\tahak\ogproject\adaptiveface\data\rmfd\AFDB_face_dataset\handongjun\1_0_handongjun_0032.jpg,False,True,False,full,0.267425537109375,maqiguang
oracle,zhangzifeng,C:\Users\tahak\ogproject\adaptiveface\data\rmfd\AFDB_face_dataset\zhangzifeng\1_0_zhangzifeng_0126.jpg,False,True,False,full,0.519951581954956,zhangzifeng
oracle,lufangsheng,C:\Users\tahak\ogproject\adaptiveface\data\rmfd\AFDB_face_dataset\lufangsheng\1_0_lufangsheng_0194.jpg,False,True,False,full,0.5386401414871216,lufangsheng
oracle,zhourunfa,C:\Users\tahak\ogproject\adaptiveface\data\rmfd\AFDB_masked_face_dataset\zhourunfa\0_0_3.jpg,True,True,True,upper,0.2890140116214752,xuzheng
oracle,chenkun,C:\Users\tahak\ogproject\adaptiveface\data\rmfd\AFDB_face_dataset\chenkun\1_0_chenkun_0056.jpg,False,True,False,full,0.3908148407936096,chenkun
oracle,chenkun,C:\Users\tahak\ogproject\adaptiveface\data\rmfd\AFDB_masked_face_dataset\chenkun\0_0_10.jpg,True,True,True,upper,0.2429313063621521,jiangkaitong
oracle,wangkai,C:\Users\tahak\ogproject\adaptiveface\data\rmfd\AFDB_face_dataset\wangkai\1_0_wangkai_0109.jpg,False,True,False,full,0.45528703927993774,wangkai
oracle,jiangyiyi,C:\Users\tahak\ogproject\adaptiveface\data\rmfd\AFDB_masked_face_dataset\jiangyiyi\0_0_0.jpg,True,True,True,upper,0.41112539172172546,zhangxueying
oracle,yangzi,C:\Users\tahak\ogproject\adaptiveface\data\rmfd\AFDB_face_dataset\yangzi\1_0_yangzi_0181.jpg,False,True,False,full,0.5050724744796753,yangzi
oracle,caizhuoyan,C:\Users\tahak\ogproject\adaptiveface\data\rmfd\AFDB_masked_face_dataset\caizhuoyan\0_0_1.jpg,True,True,True,upper,0.44595131278038025,jianghongbo
oracle,weidaxun,C:\Users\tahak\ogproject\adaptiveface\data\rmfd\AFDB_face_dataset\weidaxun\0_0_weidaxun_0154.jpg,False,True,False,full,0.2879401445388794,weidaxun
oracle,linyuan,C:\Users\tahak\ogproject\adaptiveface\data\rmfd\AFDB_face_dataset\linyuan\1_0_linyuan_0085.jpg,False,True,False,full,0.3335411846637726,linyuan
oracle,zhengkai,C:\Users\tahak\ogproject\adaptiveface\data\rmfd\AFDB_face_dataset\zhengkai\1_0_zhengkai_0174.jpg,False,True,False,full,0.2068430483341217,liuruilin
oracle,zhaoyazhi,C:\Users\tahak\ogproject\adaptiveface\data\rmfd\AFDB_masked_face_dataset\zhaoyazhi\0_0_0.jpg,True,True,True,upper,0.40959784388542175,yeyiqian
oracle,Stephane_Rousseau,C:\Users\tahak\ogproject\adaptiveface\data\lfw\Stephane_Rousseau\Stephane_Rousseau_0001.jpg,False,False,False,full,0.12354396283626556,zhangtianai
oracle,zhaoliying,C:\Users\tahak\ogproject\adaptiveface\data\rmfd\AFDB_face_dataset\zhaoliying\1_0_zhaoliying_0057.jpg,False,True,False,full,0.44209936261177063,zhaoliying
oracle,Zoran_Djindjic,C:\Users\tahak\ogproject\adaptiveface\data\lfw\Zoran_Djindjic\Zoran_Djindjic_0002.jpg,False,False,False,full,0.10249555110931396,yinzheng
oracle,xuezhiqian,C:\Users\tahak\ogproject\adaptiveface\data\rmfd\AFDB_face_dataset\xuezhiqian\1_0_xuezhiqian_0030.jpg,False,True,False,full,0.27670595049858093,wulei
oracle,wangzuxian,C:\Users\tahak\ogproject\adaptiveface\data\rmfd\AFDB_face_dataset\wangzuxian\1_0_wangzuxian_0224.jpg,False,True,False,full,0.5480756163597107,wangzuxian
oracle,wangqing,C:\Users\tahak\ogproject\adaptiveface\data\rmfd\AFDB_face_dataset\wangqing\1_0_wangqing_0077.jpg,False,True,False,full,0.4406415522098541,wangqing
oracle,zhouxun,C:\Users\tahak\ogproject\adaptiveface\data\rmfd\AFDB_masked_face_dataset\zhouxun\0_0_10.jpg,True,True,True,upper,0.19243532419204712,zhaoyazhi
oracle,lixirui,C:\Users\tahak\ogproject\adaptiveface\data\rmfd\AFDB_face_dataset\lixirui\1_0_lixirui_0058.jpg,False,True,False,full,0.367212176322937,lixirui
oracle,guanxiaotong,C:\Users\tahak\ogproject\adaptiveface\data\rmfd\AFDB_masked_face_dataset\guanxiaotong\1_0_2.jpg,True,True,True,upper,0.3321406841278076,songqian
oracle,wangzuxian,C:\Users\tahak\ogproject\adaptiveface\data\rmfd\AFDB_face_dataset\wangzuxian\1_0_wangzuxian_0068.jpg,False,True,False,full,0.45238131284713745,wangzuxian
oracle,lixirui,C:\Users\tahak\ogproject\adaptiveface\data\rmfd\AFDB_face_dataset\lixirui\1_0_lixirui_0189.jpg,False,True,False,full,0.26267772912979126,lixirui
oracle,yanyikuan,C:\Users\tahak\ogproject\adaptiveface\data\rmfd\AFDB_face_dataset\yanyikuan\1_0_yanyikuan_0057.jpg,False,True,False,full,0.42785775661468506,yanyikuan
oracle,zhangguoli,C:\Users\tahak\ogproject\adaptiveface\data\rmfd\AFDB_face_dataset\zhangguoli\1_0_zhangguoli_0034.jpg,False,True,False,full,0.5560118556022644,zhangguoli
oracle,Celso_Amorim,C:\Users\tahak\ogproject\adaptiveface\data\lfw\Celso_Amorim\Celso_Amorim_0001.jpg,False,False,False,full,0.11913155764341354,wangyuan
oracle,zhangxueyou,C:\Users\tahak\ogproject\adaptiveface\data\rmfd\AFDB_face_dataset\zhangxueyou\1_0_zhangxueyou_0020.jpg,False,True,False,full,0.5892666578292847,zhangxueyou
oracle,huozun,C:\Users\tahak\ogproject\adaptiveface\data\rmfd\AFDB_masked_face_dataset\huozun\0_0_7.jpg,True,True,True,upper,0.4715031087398529,huozun
oracle,hanqingzi,C:\Users\tahak\ogproject\adaptiveface\data\rmfd\AFDB_masked_face_dataset\hanqingzi\0_0_0.jpg,True,True,True,upper,0.3235045075416565,wangzuxian
oracle,Nicanor_Duarte_Frutos,C:\Users\tahak\ogproject\adaptiveface\data\lfw\Nicanor_Duarte_Frutos\Nicanor_Duarte_Frutos_0002.jpg,False,False,False,full,0.12013012170791626,fanwei
oracle,songqian,C:\Users\tahak\ogproject\adaptiveface\data\rmfd\AFDB_masked_face_dataset\songqian\0_0_0.jpg,True,True,True,upper,0.2591027021408081,zhangjingjing
oracle,huashao,C:\Users\tahak\ogproject\adaptiveface\data\rmfd\AFDB_masked_face_dataset\huashao\0_0_3.jpg,True,True,True,upper,0.24780574440956116,caiguoqing
oracle,zhengyecheng,C:\Users\tahak\ogproject\adaptiveface\data\rmfd\AFDB_masked_face_dataset\zhengyecheng\0_0_2.jpg,True,True,True,upper,0.42862552404403687,xiaozhan
oracle,Michael_Chiklis,C:\Users\tahak\ogproject\adaptiveface\data\lfw\Michael_Chiklis\Michael_Chiklis_0005.jpg,False,False,False,full,0.13417823612689972,yinzheng
oracle,xuhaiqiao,C:\Users\tahak\ogproject\adaptiveface\data\rmfd\AFDB_masked_face_dataset\xuhaiqiao\0_0_17.jpg,True,True,True,upper,0.24723371863365173,zhangluyi
oracle,lidaimo,C:\Users\tahak\ogproject\adaptiveface\data\rmfd\AFDB_masked_face_dataset\lidaimo\0_0_3.jpg,True,True,True,upper,0.23718330264091492,lidaimo
oracle,Carlo_Ancelotti,C:\Users\tahak\ogproject\adaptiveface\data\lfw\Carlo_Ancelotti\Carlo_Ancelotti_0003.jpg,False,False,False,full,0.13766932487487793,mali
oracle,daipeini,C:\Users\tahak\ogproject\adaptiveface\data\rmfd\AFDB_masked_face_dataset\daipeini\0_0_5.jpg,True,True,True,upper,0.31758028268814087,xiongnaijin
oracle,Bernard_Landry,C:\Users\tahak\ogproject\adaptiveface\data\lfw\Bernard_Landry\Bernard_Landry_0004.jpg,False,False,False,full,0.13886898756027222,licaihua
oracle,masu,C:\Users\tahak\ogproject\adaptiveface\data\rmfd\AFDB_masked_face_dataset\masu\0_0_23.jpg,True,True,True,upper,0.22404848039150238,lanyingying
oracle,xuxidi,C:\Users\tahak\ogproject\adaptiveface\data\rmfd\AFDB_face_dataset\xuxidi\1_0_xuxidi_0034.jpg,False,True,False,full,0.3844623565673828,xuxidi
oracle,lidaimo,C:\Users\tahak\ogproject\adaptiveface\data\rmfd\AFDB_face_dataset\lidaimo\1_0_lidaimo_0094.jpg,False,True,False,full,0.5765314102172852,lidaimo
oracle,chenxiang,C:\Users\tahak\ogproject\adaptiveface\data\rmfd\AFDB_face_dataset\chenxiang\0_0_chenxiang_0006.jpg,False,True,False,full,0.4460340738296509,chenxiang
oracle,wangyuan,C:\Users\tahak\ogproject\adaptiveface\data\rmfd\AFDB_masked_face_dataset\wangyuan\0_0_24.jpg,True,True,True,upper,0.3586007356643677,huangxuan
oracle,yinzheng,C:\Users\tahak\ogproject\adaptiveface\data\rmfd\AFDB_masked_face_dataset\yinzheng\0_0_1.png,True,True,True,upper,0.43904900550842285,yinzheng
oracle,xuxidi,C:\Users\tahak\ogproject\adaptiveface\data\rmfd\AFDB_masked_face_dataset\xuxidi\1_0_1.jpg,True,True,True,upper,0.3643687665462494,xuxidi
oracle,yumenglong,C:\Users\tahak\ogproject\adaptiveface\data\rmfd\AFDB_face_dataset\yumenglong\1_0_yumenglong_0058.jpg,False,True,False,full,0.3112342357635498,yumenglong
oracle,Romario_Farias,C:\Users\tahak\ogproject\adaptiveface\data\lfw\Romario_Farias\Romario_Farias_0001.jpg,False,False,False,full,0.12878762185573578,yumenglong
oracle,yingcaier,C:\Users\tahak\ogproject\adaptiveface\data\rmfd\AFDB_masked_face_dataset\yingcaier\0_0_0.jpg,True,True,True,upper,0.20749905705451965,xiongdailin
oracle,matianyu,C:\Users\tahak\ogproject\adaptiveface\data\rmfd\AFDB_masked_face_dataset\matianyu\0_0_20.jpg,True,True,True,upper,0.36941003799438477,matianyu
oracle,yumenglong,C:\Users\tahak\ogproject\adaptiveface\data\rmfd\AFDB_face_dataset\yumenglong\1_0_yumenglong_0063.jpg,False,True,False,full,0.5656452775001526,yumenglong
oracle,jingbairan,C:\Users\tahak\ogproject\adaptiveface\data\rmfd\AFDB_face_dataset\jingbairan\1_0_jingbairan_0193.jpg,False,True,False,full,0.425351619720459,jingbairan
oracle,wangyuan,C:\Users\tahak\ogproject\adaptiveface\data\rmfd\AFDB_face_dataset\wangyuan\1_0_wangyuan_0152.jpg,False,True,False,full,0.4258018732070923,wangyuan
oracle,zhangxueying,C:\Users\tahak\ogproject\adaptiveface\data\rmfd\AFDB_masked_face_dataset\zhangxueying\0_0_4.jpg,True,True,True,upper,0.328402578830719,xiaozhan
oracle,chenfarong,C:\Users\tahak\ogproject\adaptiveface\data\rmfd\AFDB_face_dataset\chenfarong\1_0_chenfarong_0137.jpg,False,True,False,full,0.3714245557785034,chenfarong
oracle,Khaled_Sawalhi,C:\Users\tahak\ogproject\adaptiveface\data\lfw\Khaled_Sawalhi\Khaled_Sawalhi_0001.jpg,False,False,False,full,0.1610446274280548,wangluodan
oracle,zhaoliying,C:\Users\tahak\ogproject\adaptiveface\data\rmfd\AFDB_face_dataset\zhaoliying\1_0_zhaoliying_0172.jpg,False,True,False,full,0.589627206325531,zhaoliying
oracle,Russell_Crowe,C:\Users\tahak\ogproject\adaptiveface\data\lfw\Russell_Crowe\Russell_Crowe_0002.jpg,False,False,False,full,0.13856324553489685,chenxiang
oracle,zhaoyihuan,C:\Users\tahak\ogproject\adaptiveface\data\rmfd\AFDB_face_dataset\zhaoyihuan\1_0_zhaoyihuan_0195.jpg,False,True,False,full,0.5442334413528442,zhaoyihuan
oracle,huangxuan,C:\Users\tahak\ogproject\adaptiveface\data\rmfd\AFDB_masked_face_dataset\huangxuan\0_0_22.jpg,True,True,True,upper,0.3868497312068939,huangxuan
oracle,zhangliangying,C:\Users\tahak\ogproject\adaptiveface\data\rmfd\AFDB_face_dataset\zhangliangying\1_0_zhangliangying_0021.jpg,False,True,False,full,0.5969184637069702,zhangliangying
oracle,jianailiang,C:\Users\tahak\ogproject\adaptiveface\data\rmfd\AFDB_masked_face_dataset\jianailiang\0_0_5.jpg,True,True,True,upper,0.32903167605400085,zhangluyi
oracle,xiongnaijin,C:\Users\tahak\ogproject\adaptiveface\data\rmfd\AFDB_face_dataset\xiongnaijin\1_0_xiongnaijin_0219.jpg,False,True,False,full,0.31772685050964355,zhangjingjing
oracle,yinengjing,C:\Users\tahak\ogproject\adaptiveface\data\rmfd\AFDB_masked_face_dataset\yinengjing\0_0_1.jpg,True,True,True,upper,0.3546113967895508,zhangshaohan
oracle,wangou,C:\Users\tahak\ogproject\adaptiveface\data\rmfd\AFDB_face_dataset\wangou\1_0_wangou_0285.jpg,False,True,False,full,0.3206883668899536,wangou
oracle,guojingjing,C:\Users\tahak\ogproject\adaptiveface\data\rmfd\AFDB_masked_face_dataset\guojingjing\1_0_3.jpg,True,True,True,upper,0.3793569803237915,huangxuan
oracle,yuyi,C:\Users\tahak\ogproject\adaptiveface\data\rmfd\AFDB_masked_face_dataset\yuyi\0_0_1.jpg,True,True,True,upper,0.5445139408111572,yuyi
oracle,fanwei,C:\Users\tahak\ogproject\adaptiveface\data\rmfd\AFDB_face_dataset\fanwei\1_0_fanwei_0016.jpg,False,True,False,full,0.5139646530151367,fanwei
oracle,huangrihua,C:\Users\tahak\ogproject\adaptiveface\data\rmfd\AFDB_masked_face_dataset\huangrihua\0_0_2.jpg,True,True,True,upper,0.3962228298187256,huangrihua
oracle,liushishi,C:\Users\tahak\ogproject\adaptiveface\data\rmfd\AFDB_masked_face_dataset\liushishi\0_0_5.jpg,True,True,True,upper,0.25193899869918823,lvyi
oracle,John_Goold,C:\Users\tahak\ogproject\adaptiveface\data\lfw\John_Goold\John_Goold_0001.jpg,False,False,False,full,0.12618054449558258,yangqianhua
oracle,Patricia_Johnson,C:\Users\tahak\ogproject\adaptiveface\data\lfw\Patricia_Johnson\Patricia_Johnson_0001.jpg,False,False,False,full,0.18712443113327026,yangzi
oracle,xiongdailin,C:\Users\tahak\ogproject\adaptiveface\data\rmfd\AFDB_masked_face_dataset\xiongdailin\0_0_1.jpeg,True,True,True,upper,0.3761555552482605,xiongdailin
oracle,yuyi,C:\Users\tahak\ogproject\adaptiveface\data\rmfd\AFDB_face_dataset\yuyi\1_0_yuyi_0098.jpg,False,True,False,full,0.5156644582748413,yuyi
oracle,weidaxun,C:\Users\tahak\ogproject\adaptiveface\data\rmfd\AFDB_masked_face_dataset\weidaxun\0_0_6.jpg,True,True,True,upper,0.37692004442214966,weidaxun
oracle,zhaoyazhi,C:\Users\tahak\ogproject\adaptiveface\data\rmfd\AFDB_face_dataset\zhaoyazhi\1_0_zhaoyazhi_0175.jpg,False,True,False,full,0.5484371781349182,zhaoyazhi
oracle,lanyingying,C:\Users\tahak\ogproject\adaptiveface\data\rmfd\AFDB_face_dataset\lanyingying\1_0_lanyingying_0040.jpg,False,True,False,full,0.5265089273452759,lanyingying
oracle,zhangbinbin,C:\Users\tahak\ogproject\adaptiveface\data\rmfd\AFDB_face_dataset\zhangbinbin\1_0_zhangbinbin_0170.jpg,False,True,False,full,0.5686715841293335,zhangbinbin
oracle,guojingfei,C:\Users\tahak\ogproject\adaptiveface\data\rmfd\AFDB_masked_face_dataset\guojingfei\0_1_6.jpg,True,True,True,upper,0.27650928497314453,guanxiaotong
oracle,zhangxueying,C:\Users\tahak\ogproject\adaptiveface\data\rmfd\AFDB_face_dataset\zhangxueying\1_0_zhangxueying_0065.jpg,False,True,False,full,0.252187579870224,zhangxueying
oracle,Stephen_Cooper,C:\Users\tahak\ogproject\adaptiveface\data\lfw\Stephen_Cooper\Stephen_Cooper_0001.jpg,False,False,False,full,0.13495437800884247,jiangjinfu
oracle,tongliya,C:\Users\tahak\ogproject\adaptiveface\data\rmfd\AFDB_masked_face_dataset\tongliya\0_0_2.jpg,True,True,True,upper,0.30883684754371643,yangqianhua
oracle,xiongdailin,C:\Users\tahak\ogproject\adaptiveface\data\rmfd\AFDB_masked_face_dataset\xiongdailin\0_0_0.jpg,True,True,True,upper,0.3794350028038025,xiongdailin
oracle,yanyikuan,C:\Users\tahak\ogproject\adaptiveface\data\rmfd\AFDB_masked_face_dataset\yanyikuan\0_0_2.jpg,True,True,True,upper,0.37395909428596497,fengjianyu
oracle,John_Elway,C:\Users\tahak\ogproject\adaptiveface\data\lfw\John_Elway\John_Elway_0001.jpg,False,False,False,full,0.1602454036474228,zhangshaohan
oracle,Tim_Conway,C:\Users\tahak\ogproject\adaptiveface\data\lfw\Tim_Conway\Tim_Conway_0003.jpg,False,False,False,full,0.15564341843128204,liyifeng
oracle,zhangxueyou,C:\Users\tahak\ogproject\adaptiveface\data\rmfd\AFDB_face_dataset\zhangxueyou\1_0_zhangxueyou_0200.jpg,False,True,False,full,0.4135945737361908,zhangxueyou
oracle,Sammy_Sosa,C:\Users\tahak\ogproject\adaptiveface\data\lfw\Sammy_Sosa\Sammy_Sosa_0002.jpg,False,False,False,full,0.18131843209266663,zhangguoli
oracle,zhangzifeng,C:\Users\tahak\ogproject\adaptiveface\data\rmfd\AFDB_masked_face_dataset\zhangzifeng\0_1_53.jpg,True,True,False,upper,0.26604628562927246,yangqianhua
oracle,tongliya,C:\Users\tahak\ogproject\adaptiveface\data\rmfd\AFDB_face_dataset\tongliya\1_0_tongliya_0148.jpg,False,True,False,full,0.4582575559616089,tongliya
oracle,tongliya,C:\Users\tahak\ogproject\adaptiveface\data\rmfd\AFDB_masked_face_dataset\tongliya\0_0_0.jpg,True,True,True,upper,0.24022166430950165,shenmengchen
oracle,qiuze,C:\Users\tahak\ogproject\adaptiveface\data\rmfd\AFDB_face_dataset\qiuze\1_0_qiuze_0097.jpg,False,True,False,full,0.5568944215774536,qiuze
oracle,xieanqi,C:\Users\tahak\ogproject\adaptiveface\data\rmfd\AFDB_masked_face_dataset\xieanqi\0_1_10.jpg,True,True,True,upper,0.23574329912662506,masu
oracle,Alexandra_Spann,C:\Users\tahak\ogproject\adaptiveface\data\lfw\Alexandra_Spann\Alexandra_Spann_0001.jpg,False,False,False,full,0.1323372721672058,tangwei
oracle,jingbairan,C:\Users\tahak\ogproject\adaptiveface\data\rmfd\AFDB_masked_face_dataset\jingbairan\0_0_0.jpg,True,True,True,upper,0.3760077953338623,linyuan
oracle,tanweiwei,C:\Users\tahak\ogproject\adaptiveface\data\rmfd\AFDB_masked_face_dataset\tanweiwei\0_0_3.jpg,True,True,False,upper,0.37169593572616577,chenxiang
oracle,liuruilin,C:\Users\tahak\ogproject\adaptiveface\data\rmfd\AFDB_face_dataset\liuruilin\1_0_liuruilin_0241.jpg,False,True,False,full,0.45184391736984253,liuruilin
oracle,yingcaier,C:\Users\tahak\ogproject\adaptiveface\data\rmfd\AFDB_masked_face_dataset\yingcaier\0_0_4.jpg,True,True,True,upper,0.2612975239753723,lanyingying
oracle,shaofeng,C:\Users\tahak\ogproject\adaptiveface\data\rmfd\AFDB_masked_face_dataset\shaofeng\0_0_0.png,True,True,True,upper,0.44204652309417725,shaofeng
oracle,chenjiaqi,C:\Users\tahak\ogproject\adaptiveface\data\rmfd\AFDB_face_dataset\chenjiaqi\1_0_chenjiaqi_0007.jpg,False,True,False,full,0.47453755140304565,chenjiaqi
oracle,huangzhongkun,C:\Users\tahak\ogproject\adaptiveface\data\rmfd\AFDB_masked_face_dataset\huangzhongkun\0_0_0.png,True,True,True,upper,0.4009025990962982,huangzhongkun
oracle,Bernard_Landry,C:\Users\tahak\ogproject\adaptiveface\data\lfw\Bernard_Landry\Bernard_Landry_0003.jpg,False,False,False,full,0.18146967887878418,licaihua
oracle,zhangliangying,C:\Users\tahak\ogproject\adaptiveface\data\rmfd\AFDB_masked_face_dataset\zhangliangying\0_0_1.jpg,True,True,True,upper,0.33461183309555054,zhangliangying
oracle,huojianhua,C:\Users\tahak\ogproject\adaptiveface\data\rmfd\AFDB_face_dataset\huojianhua\1_0_huojianhua_0129.jpg,False,True,False,full,0.4859229326248169,huojianhua
oracle,linxinru,C:\Users\tahak\ogproject\adaptiveface\data\rmfd\AFDB_masked_face_dataset\linxinru\0_0_16.jpg,True,True,True,upper,0.41769927740097046,linxinru
oracle,Carlos_Moya,C:\Users\tahak\ogproject\adaptiveface\data\lfw\Carlos_Moya\Carlos_Moya_0015.jpg,False,False,False,full,0.1494094878435135,lianghanwen
oracle,sunyizhou,C:\Users\tahak\ogproject\adaptiveface\data\rmfd\AFDB_masked_face_dataset\sunyizhou\0_0_1.jpg,True,True,True,upper,0.3166244924068451,liusongren
oracle,zhourunfa,C:\Users\tahak\ogproject\adaptiveface\data\rmfd\AFDB_masked_face_dataset\zhourunfa\0_0_2.jpg,True,True,True,upper,0.2571089267730713,yangzi
oracle,huge,C:\Users\tahak\ogproject\adaptiveface\data\rmfd\AFDB_masked_face_dataset\huge\0_0_3.jpg,True,True,False,upper,0.38742661476135254,wangyuan
adaptive,huojianhua,C:\Users\tahak\ogproject\adaptiveface\data\rmfd\AFDB_masked_face_dataset\huojianhua\0_0_21.jpg,True,True,True,upper,0.30408990383148193,liushishi
adaptive,zhaoyazhi,C:\Users\tahak\ogproject\adaptiveface\data\rmfd\AFDB_face_dataset\zhaoyazhi\1_0_zhaoyazhi_0198.jpg,False,True,False,full,0.46311020851135254,zhaoyazhi
adaptive,Carlos_Moya,C:\Users\tahak\ogproject\adaptiveface\data\lfw\Carlos_Moya\Carlos_Moya_0002.jpg,False,False,False,full,0.11475461721420288,wangzuxian
adaptive,xiaozhan,C:\Users\tahak\ogproject\adaptiveface\data\rmfd\AFDB_masked_face_dataset\xiaozhan\0_0_28.jpg,True,True,True,upper,0.36305665969848633,xiaozhan
adaptive,zhangshaohan,C:\Users\tahak\ogproject\adaptiveface\data\rmfd\AFDB_masked_face_dataset\zhangshaohan\0_0_3.jpg,True,True,True,upper,0.20758754014968872,zhuowenxuan
adaptive,lvyi,C:\Users\tahak\ogproject\adaptiveface\data\rmfd\AFDB_face_dataset\lvyi\1_0_lvyi_0136.jpg,False,True,False,full,0.2720138430595398,wangou
adaptive,daipeini,C:\Users\tahak\ogproject\adaptiveface\data\rmfd\AFDB_face_dataset\daipeini\1_0_daipeini_0001.jpg,False,True,False,full,0.4853149652481079,daipeini
adaptive,linyichen,C:\Users\tahak\ogproject\adaptiveface\data\rmfd\AFDB_face_dataset\linyichen\1_0_linyichen_0328.jpg,False,True,False,full,0.1961430311203003,zhaoliying
adaptive,Bernard_Law,C:\Users\tahak\ogproject\adaptiveface\data\lfw\Bernard_Law\Bernard_Law_0005.jpg,False,False,False,full,0.13346102833747864,zhangshaohan
adaptive,huangzitao,C:\Users\tahak\ogproject\adaptiveface\data\rmfd\AFDB_face_dataset\huangzitao\1_0_huangzitao_0108.jpg,False,True,False,full,0.6773836016654968,huangzitao
adaptive,Ben_Betts,C:\Users\tahak\ogproject\adaptiveface\data\lfw\Ben_Betts\Ben_Betts_0001.jpg,False,False,False,full,0.1360606700181961,wulei
adaptive,shaofeng,C:\Users\tahak\ogproject\adaptiveface\data\rmfd\AFDB_face_dataset\shaofeng\1_0_shaofeng_0001.jpg,False,True,False,full,0.530182957649231,shaofeng
adaptive,Thomas_Bjorn,C:\Users\tahak\ogproject\adaptiveface\data\lfw\Thomas_Bjorn\Thomas_Bjorn_0002.jpg,False,False,False,full,0.13941580057144165,maoxiaotong
adaptive,Intisar_Ajouri,C:\Users\tahak\ogproject\adaptiveface\data\lfw\Intisar_Ajouri\Intisar_Ajouri_0003.jpg,False,False,False,full,0.14091767370700836,hejiong
adaptive,Elena_Tihomirova,C:\Users\tahak\ogproject\adaptiveface\data\lfw\Elena_Tihomirova\Elena_Tihomirova_0001.jpg,False,False,False,full,0.12616512179374695,zhangxueying
adaptive,Nicanor_Duarte_Frutos,C:\Users\tahak\ogproject\adaptiveface\data\lfw\Nicanor_Duarte_Frutos\Nicanor_Duarte_Frutos_0010.jpg,False,False,False,full,0.130339577794075,xiaozhan
adaptive,huangzitao,C:\Users\tahak\ogproject\adaptiveface\data\rmfd\AFDB_masked_face_dataset\huangzitao\0_0_2.jpg,True,True,False,full,0.33795803785324097,huangzitao
adaptive,zhangtianai,C:\Users\tahak\ogproject\adaptiveface\data\rmfd\AFDB_masked_face_dataset\zhangtianai\0_0_8.jpg,True,True,True,upper,0.2426854372024536,zhangshaohan
adaptive,Bernard_Law,C:\Users\tahak\ogproject\adaptiveface\data\lfw\Bernard_Law\Bernard_Law_0001.jpg,False,False,False,full,0.11968498677015305,zhangbinbin
adaptive,Tyra_Banks,C:\Users\tahak\ogproject\adaptiveface\data\lfw\Tyra_Banks\Tyra_Banks_0002.jpg,False,False,False,full,0.1532139778137207,zhouxun
adaptive,Michael_Phelps,C:\Users\tahak\ogproject\adaptiveface\data\lfw\Michael_Phelps\Michael_Phelps_0002.jpg,False,False,False,full,0.15635542571544647,huangrihua
adaptive,Martha_Lucia_Ramirez,C:\Users\tahak\ogproject\adaptiveface\data\lfw\Martha_Lucia_Ramirez\Martha_Lucia_Ramirez_0002.jpg,False,False,False,full,0.14236071705818176,xiongdailin
adaptive,zhangyi,C:\Users\tahak\ogproject\adaptiveface\data\rmfd\AFDB_masked_face_dataset\zhangyi\0_0_0.jpg,True,True,True,upper,0.22267374396324158,zhangyi
adaptive,xuhao,C:\Users\tahak\ogproject\adaptiveface\data\rmfd\AFDB_masked_face_dataset\xuhao\0_0_0.jpg,True,True,False,full,0.5023087859153748,xuhao
adaptive,Boris_Henry,C:\Users\tahak\ogproject\adaptiveface\data\lfw\Boris_Henry\Boris_Henry_0001.jpg,False,False,False,full,0.14367857575416565,jianailiang
adaptive,lianghanwen,C:\Users\tahak\ogproject\adaptiveface\data\rmfd\AFDB_face_dataset\lianghanwen\1_0_lianghanwen_0181.jpg,False,True,False,full,0.22912082076072693,yumenglong
adaptive,zhangluyi,C:\Users\tahak\ogproject\adaptiveface\data\rmfd\AFDB_masked_face_dataset\zhangluyi\0_0_0.png,True,True,True,upper,0.4391372799873352,zhangluyi
adaptive,maqiguang,C:\Users\tahak\ogproject\adaptiveface\data\rmfd\AFDB_face_dataset\maqiguang\1_0_maqiguang_0041.jpg,False,True,False,full,0.3400622606277466,maqiguang
adaptive,liushishi,C:\Users\tahak\ogproject\adaptiveface\data\rmfd\AFDB_face_dataset\liushishi\1_0_liushishi_0149.jpg,False,True,False,full,0.26332083344459534,jiangkaitong
adaptive,guojingjing,C:\Users\tahak\ogproject\adaptiveface\data\rmfd\AFDB_face_dataset\guojingjing\0_0_guojingjing_0211.jpg,False,True,False,full,0.4261454939842224,guojingjing
adaptive,luozhixiang,C:\Users\tahak\ogproject\adaptiveface\data\rmfd\AFDB_masked_face_dataset\luozhixiang\0_0_4.jpg,True,True,True,upper,0.33687132596969604,yangqianhua
adaptive,jianghongbo,C:\Users\tahak\ogproject\adaptiveface\data\rmfd\AFDB_masked_face_dataset\jianghongbo\0_0_0.jpg,True,True,True,upper,0.35820382833480835,jianghongbo
adaptive,yingcaier,C:\Users\tahak\ogproject\adaptiveface\data\rmfd\AFDB_face_dataset\yingcaier\1_0_yingcaier_0018.jpg,False,True,False,full,0.2800155282020569,zhangliangying
adaptive,xudongdong,C:\Users\tahak\ogproject\adaptiveface\data\rmfd\AFDB_face_dataset\xudongdong\1_0_xudongdong_0234.jpg,False,True,False,full,0.3578386902809143,xudongdong
adaptive,zhaoyihuan,C:\Users\tahak\ogproject\adaptiveface\data\rmfd\AFDB_face_dataset\zhaoyihuan\1_0_zhaoyihuan_0177.jpg,False,True,False,full,0.23325487971305847,zhuowenxuan
adaptive,Ivan_Helguera,C:\Users\tahak\ogproject\adaptiveface\data\lfw\Ivan_Helguera\Ivan_Helguera_0001.jpg,False,False,False,full,0.15079480409622192,gutianle
adaptive,jingbairan,C:\Users\tahak\ogproject\adaptiveface\data\rmfd\AFDB_masked_face_dataset\jingbairan\0_0_3.jpg,True,True,True,upper,0.33702951669692993,wangluodan
adaptive,luozhixiang,C:\Users\tahak\ogproject\adaptiveface\data\rmfd\AFDB_face_dataset\luozhixiang\0_0_luozhixiang_0011.jpg,False,True,False,full,0.20505470037460327,fengjianyu
adaptive,lvjiarong,C:\Users\tahak\ogproject\adaptiveface\data\rmfd\AFDB_face_dataset\lvjiarong\0_0_lvjiarong_0130.jpg,False,True,False,full,0.25198137760162354,tanweiwei
adaptive,zhengyecheng,C:\Users\tahak\ogproject\adaptiveface\data\rmfd\AFDB_face_dataset\zhengyecheng\1_0_zhengyecheng_0174.jpg,False,True,False,full,0.5356742143630981,zhengyecheng
adaptive,Michael_Chiklis,C:\Users\tahak\ogproject\adaptiveface\data\lfw\Michael_Chiklis\Michael_Chiklis_0004.jpg,False,False,False,full,0.1932564675807953,ruanjingtian
adaptive,tanweiwei,C:\Users\tahak\ogproject\adaptiveface\data\rmfd\AFDB_masked_face_dataset\tanweiwei\1_0_2.jpg,True,True,True,upper,0.3612765073776245,lianghanwen
adaptive,wangkai,C:\Users\tahak\ogproject\adaptiveface\data\rmfd\AFDB_face_dataset\wangkai\1_0_wangkai_0090.jpg,False,True,False,full,0.4946138262748718,wangkai
adaptive,zhangbo,C:\Users\tahak\ogproject\adaptiveface\data\rmfd\AFDB_face_dataset\zhangbo\1_0_zhangbo_0212.jpg,False,True,False,full,0.4273696839809418,zhangbo
adaptive,Asif_Hanif,C:\Users\tahak\ogproject\adaptiveface\data\lfw\Asif_Hanif\Asif_Hanif_0001.jpg,False,False,False,full,0.17639237642288208,liushishi
adaptive,jiangkaitong,C:\Users\tahak\ogproject\adaptiveface\data\rmfd\AFDB_masked_face_dataset\jiangkaitong\0_0_10.jpg,True,True,False,full,0.2557241916656494,zhaoliying
adaptive,panyueming,C:\Users\tahak\ogproject\adaptiveface\data\rmfd\AFDB_face_dataset\panyueming\1_0_panyueming_0150.jpg,False,True,False,full,0.4930955171585083,panyueming
adaptive,hujing,C:\Users\tahak\ogproject\adaptiveface\data\rmfd\AFDB_face_dataset\hujing\1_0_hujing_0236.jpg,False,True,False,full,0.39641475677490234,hujing
adaptive,lvjiarong,C:\Users\tahak\ogproject\adaptiveface\data\rmfd\AFDB_face_dataset\lvjiarong\0_0_lvjiarong_0002.jpg,False,True,False,full,0.3183014392852783,tanweiwei
adaptive,Eduardo_Romero,C:\Users\tahak\ogproject\adaptiveface\data\lfw\Eduardo_Romero\Eduardo_Romero_0001.jpg,False,False,False,full,0.1270337998867035,zhourunfa
adaptive,Celso_Amorim,C:\Users\tahak\ogproject\adaptiveface\data\lfw\Celso_Amorim\Celso_Amorim_0002.jpg,False,False,False,full,0.1267705261707306,xieanqi
adaptive,zhouxun,C:\Users\tahak\ogproject\adaptiveface\data\rmfd\AFDB_masked_face_dataset\zhouxun\0_0_7.jpg,True,True,True,upper,0.22591331601142883,zhouxun
adaptive,Paul_Reiser,C:\Users\tahak\ogproject\adaptiveface\data\lfw\Paul_Reiser\Paul_Reiser_0001.jpg,False,False,False,full,0.13154864311218262,zhangshaohan
adaptive,guojingfei,C:\Users\tahak\ogproject\adaptiveface\data\rmfd\AFDB_masked_face_dataset\guojingfei\0_0_0.jpg,True,True,True,upper,0.29012781381607056,liuqianhan
adaptive,yinzheng,C:\Users\tahak\ogproject\adaptiveface\data\rmfd\AFDB_face_dataset\yinzheng\1_0_yinzheng_0093.jpg,False,True,False,full,0.4444524049758911,yinzheng
adaptive,songxiaobo,C:\Users\tahak\ogproject\adaptiveface\data\rmfd\AFDB_face_dataset\songxiaobo\0_0_songxiaobo_0175.jpg,False,True,False,full,0.19974608719348907,chenkun
adaptive,hanqingzi,C:\Users\tahak\ogproject\adaptiveface\data\rmfd\AFDB_face_dataset\hanqingzi\1_0_hanqingzi_0029.jpg,False,True,False,full,0.27590295672416687,hanqingzi
adaptive,yinengjing,C:\Users\tahak\ogproject\adaptiveface\data\rmfd\AFDB_masked_face_dataset\yinengjing\0_0_30.jpg,True,True,True,upper,0.3214702010154724,yinengjing
adaptive,lixiang,C:\Users\tahak\ogproject\adaptiveface\data\rmfd\AFDB_masked_face_dataset\lixiang\1_0_19.jpg,True,True,True,upper,0.23137259483337402,zhangjingjing
adaptive,dazhangwei,C:\Users\tahak\ogproject\adaptiveface\data\rmfd\AFDB_masked_face_dataset\dazhangwei\1_1_16.jpg,True,True,True,upper,0.2938230037689209,jiangkaitong
adaptive,liyifeng,C:\Users\tahak\ogproject\adaptiveface\data\rmfd\AFDB_masked_face_dataset\liyifeng\0_0_3.jpg,True,True,True,upper,0.3281501531600952,xiaozhan
adaptive,liushishi,C:\Users\tahak\ogproject\adaptiveface\data\rmfd\AFDB_face_dataset\liushishi\0_0_liushishi_0037.jpg,False,True,False,full,0.2741306722164154,linyuan
adaptive,Eliane_Karp,C:\Users\tahak\ogproject\adaptiveface\data\lfw\Eliane_Karp\Eliane_Karp_0001.jpg,False,False,False,full,0.14171519875526428,zhouxun
adaptive,weidaxun,C:\Users\tahak\ogproject\adaptiveface\data\rmfd\AFDB_masked_face_dataset\weidaxun\0_0_16.jpg,True,True,True,upper,0.3420078158378601,liuxiang
adaptive,zhangguoli,C:\Users\tahak\ogproject\adaptiveface\data\rmfd\AFDB_masked_face_dataset\zhangguoli\1_1_1.jpg,True,True,False,full,0.21114511787891388,chenkun
adaptive,Carlos_Moya,C:\Users\tahak\ogproject\adaptiveface\data\lfw\Carlos_Moya\Carlos_Moya_0012.jpg,False,False,False,full,0.11267179250717163,wangqing
adaptive,wangyu,C:\Users\tahak\ogproject\adaptiveface\data\rmfd\AFDB_face_dataset\wangyu\0_0_wangyu_0164.jpg,False,True,False,full,0.36094143986701965,wangyu
adaptive,zhangjingjing,C:\Users\tahak\ogproject\adaptiveface\data\rmfd\AFDB_face_dataset\zhangjingjing\1_0_zhangjingjing_0014.jpg,False,True,False,full,0.1381767988204956,mali
adaptive,linxinru,C:\Users\tahak\ogproject\adaptiveface\data\rmfd\AFDB_face_dataset\linxinru\0_0_linxinru_0135.jpg,False,True,False,full,0.5016037821769714,linxinru
adaptive,qiuze,C:\Users\tahak\ogproject\adaptiveface\data\rmfd\AFDB_face_dataset\qiuze\1_0_qiuze_0011.jpg,False,True,False,full,0.5633423328399658,qiuze
adaptive,zhangshaohan,C:\Users\tahak\ogproject\adaptiveface\data\rmfd\AFDB_face_dataset\zhangshaohan\1_0_zhangshaohan_0144.jpg,False,True,False,full,0.44382795691490173,zhangshaohan
adaptive,Jimmy_Smits,C:\Users\tahak\ogproject\adaptiveface\data\lfw\Jimmy_Smits\Jimmy_Smits_0001.jpg,False,False,False,full,0.17488563060760498,zhaoyazhi
adaptive,xieanqi,C:\Users\tahak\ogproject\adaptiveface\data\rmfd\AFDB_face_dataset\xieanqi\1_0_xieanqi_0048.jpg,False,True,False,full,0.293030709028244,xieanqi
adaptive,hejiong,C:\Users\tahak\ogproject\adaptiveface\data\rmfd\AFDB_masked_face_dataset\hejiong\0_0_3.jpg,True,True,True,upper,0.3421775698661804,lixirui
adaptive,zhaoyihuan,C:\Users\tahak\ogproject\adaptiveface\data\rmfd\AFDB_masked_face_dataset\zhaoyihuan\0_0_1.jpg,True,True,True,upper,0.4676550626754761,liuyifei
adaptive,huangxiaoming,C:\Users\tahak\ogproject\adaptiveface\data\rmfd\AFDB_masked_face_dataset\huangxiaoming\0_0_5.jpg,True,True,True,upper,0.3211515247821808,lixiang
adaptive,gongbeibi,C:\Users\tahak\ogproject\adaptiveface\data\rmfd\AFDB_face_dataset\gongbeibi\0_0_gongbeibi_0071.jpg,False,True,False,full,0.48260122537612915,gongbeibi
adaptive,liuxiang,C:\Users\tahak\ogproject\adaptiveface\data\rmfd\AFDB_face_dataset\liuxiang\1_0_liuxiang_0156.jpg,False,True,False,full,0.471358060836792,liuxiang
adaptive,Roberto_Cercelletta,C:\Users\tahak\ogproject\adaptiveface\data\lfw\Roberto_Cercelletta\Roberto_Cercelletta_0001.jpg,False,False,False,full,0.13509488105773926,daipeini
adaptive,linyuan,C:\Users\tahak\ogproject\adaptiveface\data\rmfd\AFDB_face_dataset\linyuan\1_0_linyuan_0170.jpg,False,True,False,full,0.2971353232860565,linyuan
adaptive,Nicanor_Duarte_Frutos,C:\Users\tahak\ogproject\adaptiveface\data\lfw\Nicanor_Duarte_Frutos\Nicanor_Duarte_Frutos_0007.jpg,False,False,False,full,0.16453874111175537,liudehua
adaptive,Zoran_Djindjic,C:\Users\tahak\ogproject\adaptiveface\data\lfw\Zoran_Djindjic\Zoran_Djindjic_0001.jpg,False,False,False,full,0.12076099216938019,yinzheng
adaptive,qiuze,C:\Users\tahak\ogproject\adaptiveface\data\rmfd\AFDB_masked_face_dataset\qiuze\0_0_0.jpg,True,True,True,upper,0.561363697052002,qiuze
adaptive,chenxiang,C:\Users\tahak\ogproject\adaptiveface\data\rmfd\AFDB_masked_face_dataset\chenxiang\0_0_1.jpg,True,True,True,upper,0.35777807235717773,chenxiang
adaptive,Sammy_Sosa,C:\Users\tahak\ogproject\adaptiveface\data\lfw\Sammy_Sosa\Sammy_Sosa_0001.jpg,False,False,False,full,0.1454468071460724,mali
adaptive,zhangluyi,C:\Users\tahak\ogproject\adaptiveface\data\rmfd\AFDB_face_dataset\zhangluyi\1_0_zhangluyi_0047.jpg,False,True,False,full,0.6534512639045715,zhangluyi
adaptive,Mel_Gibson,C:\Users\tahak\ogproject\adaptiveface\data\lfw\Mel_Gibson\Mel_Gibson_0002.jpg,False,False,False,full,0.1425018310546875,yangqianhua
adaptive,liuyifei,C:\Users\tahak\ogproject\adaptiveface\data\rmfd\AFDB_masked_face_dataset\liuyifei\0_0_0.jpg,True,True,True,upper,0.35101476311683655,liuyifei
adaptive,Ascencion_Barajas,C:\Users\tahak\ogproject\adaptiveface\data\lfw\Ascencion_Barajas\Ascencion_Barajas_0001.jpg,False,False,False,full,0.11463558673858643,jianailiang
adaptive,Nicanor_Duarte_Frutos,C:\Users\tahak\ogproject\adaptiveface\data\lfw\Nicanor_Duarte_Frutos\Nicanor_Duarte_Frutos_0011.jpg,False,False,False,full,0.1605607271194458,zhengyecheng
adaptive,Jason_Statham,C:\Users\tahak\ogproject\adaptiveface\data\lfw\Jason_Statham\Jason_Statham_0001.jpg,False,False,False,full,0.1302040070295334,zhangtianai
adaptive,Brandon_Lloyd,C:\Users\tahak\ogproject\adaptiveface\data\lfw\Brandon_Lloyd\Brandon_Lloyd_0001.jpg,False,False,False,full,0.14296334981918335,liyifeng
adaptive,jiangkaitong,C:\Users\tahak\ogproject\adaptiveface\data\rmfd\AFDB_masked_face_dataset\jiangkaitong\0_0_4.jpg,True,True,False,full,0.2737749218940735,jiangkaitong
adaptive,liuye,C:\Users\tahak\ogproject\adaptiveface\data\rmfd\AFDB_masked_face_dataset\liuye\0_0_0.jpg,True,True,True,upper,0.4931369423866272,liuye
adaptive,Nicanor_Duarte_Frutos,C:\Users\tahak\ogproject\adaptiveface\data\lfw\Nicanor_Duarte_Frutos\Nicanor_Duarte_Frutos_0001.jpg,False,False,False,full,0.1500251293182373,zhengyecheng
adaptive,Ian_McKellen,C:\Users\tahak\ogproject\adaptiveface\data\lfw\Ian_McKellen\Ian_McKellen_0001.jpg,False,False,False,full,0.12299782037734985,raowei
adaptive,Tommy_Amaker,C:\Users\tahak\ogproject\adaptiveface\data\lfw\Tommy_Amaker\Tommy_Amaker_0001.jpg,False,False,False,full,0.12455443292856216,jianghongbo
adaptive,maoxiaotong,C:\Users\tahak\ogproject\adaptiveface\data\rmfd\AFDB_masked_face_dataset\maoxiaotong\0_0_19.jpg,True,True,True,upper,0.35580962896347046,wangyuan
adaptive,mali,C:\Users\tahak\ogproject\adaptiveface\data\rmfd\AFDB_masked_face_dataset\mali\0_0_2.jpg,True,True,True,upper,0.4882674217224121,mali
adaptive,liusongren,C:\Users\tahak\ogproject\adaptiveface\data\rmfd\AFDB_face_dataset\liusongren\1_0_liusongren_0104.jpg,False,True,False,full,0.6008325815200806,liusongren
adaptive,liuqianhan,C:\Users\tahak\ogproject\adaptiveface\data\rmfd\AFDB_masked_face_dataset\liuqianhan\1_0_0.jpg,True,True,True,upper,0.389115571975708,liuqianhan
adaptive,jiangyiyi,C:\Users\tahak\ogproject\adaptiveface\data\rmfd\AFDB_face_dataset\jiangyiyi\1_0_jiangyiyi_0067.jpg,False,True,False,full,0.35978204011917114,jiangyiyi
adaptive,matianyu,C:\Users\tahak\ogproject\adaptiveface\data\rmfd\AFDB_face_dataset\matianyu\1_0_matianyu_0069.jpg,False,True,False,full,0.6051818132400513,matianyu
adaptive,jianailiang,C:\Users\tahak\ogproject\adaptiveface\data\rmfd\AFDB_masked_face_dataset\jianailiang\1_0_1.jpg,True,True,True,upper,0.24323123693466187,jiangkaitong
adaptive,Bernard_Law,C:\Users\tahak\ogproject\adaptiveface\data\lfw\Bernard_Law\Bernard_Law_0004.jpg,False,False,False,full,0.1309232860803604,mali
adaptive,chenkun,C:\Users\tahak\ogproject\adaptiveface\data\rmfd\AFDB_face_dataset\chenkun\1_0_chenkun_0050.jpg,False,True,False,full,0.4848344922065735,chenkun
adaptive,licaihua,C:\Users\tahak\ogproject\adaptiveface\data\rmfd\AFDB_masked_face_dataset\licaihua\0_0_0.jpg,True,True,True,upper,0.27455389499664307,licaihua
adaptive,Bernard_Siegel,C:\Users\tahak\ogproject\adaptiveface\data\lfw\Bernard_Siegel\Bernard_Siegel_0001.jpg,False,False,False,full,0.11986618489027023,wangou
adaptive,Kifah_Ajouri,C:\Users\tahak\ogproject\adaptiveface\data\lfw\Kifah_Ajouri\Kifah_Ajouri_0001.jpg,False,False,False,full,0.11943261325359344,zhaoliying
adaptive,guofucheng,C:\Users\tahak\ogproject\adaptiveface\data\rmfd\AFDB_masked_face_dataset\guofucheng\1_0_6.jpg,True,True,True,upper,0.3463589549064636,wangkai
adaptive,wangkai,C:\Users\tahak\ogproject\adaptiveface\data\rmfd\AFDB_masked_face_dataset\wangkai\0_0_0.jpg,True,True,True,upper,0.3930422067642212,wangkai
adaptive,wangzuxian,C:\Users\tahak\ogproject\adaptiveface\data\rmfd\AFDB_masked_face_dataset\wangzuxian\0_0_16.jpg,True,True,True,upper,0.3867385983467102,zhangtianai
adaptive,tangwei,C:\Users\tahak\ogproject\adaptiveface\data\rmfd\AFDB_masked_face_dataset\tangwei\0_0_0.jpg,True,True,True,upper,0.3131057322025299,tangwei
adaptive,Carlos_Moya,C:\Users\tahak\ogproject\adaptiveface\data\lfw\Carlos_Moya\Carlos_Moya_0006.jpg,False,False,False,full,0.15163341164588928,mali
adaptive,Martha_Lucia_Ramirez,C:\Users\tahak\ogproject\adaptiveface\data\lfw\Martha_Lucia_Ramirez\Martha_Lucia_Ramirez_0001.jpg,False,False,False,full,0.16472776234149933,zhaoyazhi
adaptive,zhangzifeng,C:\Users\tahak\ogproject\adaptiveface\data\rmfd\AFDB_masked_face_dataset\zhangzifeng\1_0_19.jpg,True,True,False,full,0.4193984866142273,zhangzifeng
adaptive,caobingkun,C:\Users\tahak\ogproject\adaptiveface\data\rmfd\AFDB_masked_face_dataset\caobingkun\0_0_11.jpg,True,True,True,upper,0.4055090546607971,caobingkun
adaptive,liuruilin,C:\Users\tahak\ogproject\adaptiveface\data\rmfd\AFDB_face_dataset\liuruilin\1_0_liuruilin_0293.jpg,False,True,False,full,0.3553377389907837,liuruilin
adaptive,fengjianyu,C:\Users\tahak\ogproject\adaptiveface\data\rmfd\AFDB_face_dataset\fengjianyu\1_0_fengjianyu_0103.jpg,False,True,False,full,0.2725682854652405,fengjianyu
adaptive,handongjun,C:\Users\tahak\ogproject\adaptiveface\data\rmfd\AFDB_masked_face_dataset\handongjun\0_0_3.jpg,True,True,True,upper,0.3894553780555725,zhengkai
adaptive,shenmengchen,C:\Users\tahak\ogproject\adaptiveface\data\rmfd\AFDB_masked_face_dataset\shenmengchen\0_0_13.jpg,True,True,True,upper,0.2525829076766968,lixirui
adaptive,zhangluyi,C:\Users\tahak\ogproject\adaptiveface\data\rmfd\AFDB_face_dataset\zhangluyi\1_0_zhangluyi_0103.jpg,False,True,False,full,0.6163477897644043,zhangluyi
adaptive,mali,C:\Users\tahak\ogproject\adaptiveface\data\rmfd\AFDB_masked_face_dataset\mali\0_0_0.jpg,True,True,True,upper,0.5451459884643555,mali
adaptive,lufangsheng,C:\Users\tahak\ogproject\adaptiveface\data\rmfd\AFDB_masked_face_dataset\lufangsheng\0_0_0.jpg,True,True,True,upper,0.4313480257987976,lufangsheng
adaptive,Zoran_Djindjic,C:\Users\tahak\ogproject\adaptiveface\data\lfw\Zoran_Djindjic\Zoran_Djindjic_0004.jpg,False,False,False,full,0.12470181286334991,yinzheng
adaptive,xuzheng,C:\Users\tahak\ogproject\adaptiveface\data\rmfd\AFDB_face_dataset\xuzheng\1_0_xuzheng_0059.jpg,False,True,False,full,0.43713855743408203,xuzheng
adaptive,huojianhua,C:\Users\tahak\ogproject\adaptiveface\data\rmfd\AFDB_face_dataset\huojianhua\1_0_huojianhua_0128.jpg,False,True,False,full,0.4012517035007477,huojianhua
adaptive,xietingfeng,C:\Users\tahak\ogproject\adaptiveface\data\rmfd\AFDB_masked_face_dataset\xietingfeng\0_0_2.jpg,True,True,True,upper,0.2854377329349518,xuhao
adaptive,zhaoliying,C:\Users\tahak\ogproject\adaptiveface\data\rmfd\AFDB_masked_face_dataset\zhaoliying\1_1_23.jpg,True,True,True,upper,0.38272184133529663,xiongnaijin
adaptive,zhangguoli,C:\Users\tahak\ogproject\adaptiveface\data\rmfd\AFDB_face_dataset\zhangguoli\1_0_zhangguoli_0139.jpg,False,True,False,full,0.5156324505805969,zhangguoli
adaptive,guofucheng,C:\Users\tahak\ogproject\adaptiveface\data\rmfd\AFDB_face_dataset\guofucheng\1_0_guofucheng_0024.jpg,False,True,False,full,0.4781399965286255,guofucheng
adaptive,liuqianhan,C:\Users\tahak\ogproject\adaptiveface\data\rmfd\AFDB_face_dataset\liuqianhan\1_0_liuqianhan_0032.jpg,False,True,False,full,0.18276861310005188,zhouxun
adaptive,huashao,C:\Users\tahak\ogproject\adaptiveface\data\rmfd\AFDB_masked_face_dataset\huashao\0_0_0.jpg,True,True,True,upper,0.22446778416633606,caiguoqing
adaptive,xiena,C:\Users\tahak\ogproject\adaptiveface\data\rmfd\AFDB_masked_face_dataset\xiena\0_0_8.jpg,True,True,True,upper,0.2525032162666321,xuhao
adaptive,linxinru,C:\Users\tahak\ogproject\adaptiveface\data\rmfd\AFDB_face_dataset\linxinru\1_0_linxinru_0242.jpg,False,True,False,full,0.49112027883529663,linxinru
adaptive,guanxiaotong,C:\Users\tahak\ogproject\adaptiveface\data\rmfd\AFDB_face_dataset\guanxiaotong\1_0_guanxiaotong_0016.jpg,False,True,False,full,0.41212576627731323,guanxiaotong
adaptive,shuqi,C:\Users\tahak\ogproject\adaptiveface\data\rmfd\AFDB_face_dataset\shuqi\1_0_shuqi_0023.jpg,False,True,False,full,0.32952171564102173,zhouxun
adaptive,lixirui,C:\Users\tahak\ogproject\adaptiveface\data\rmfd\AFDB_masked_face_dataset\lixirui\1_0_0.jpg,True,True,True,upper,0.30144232511520386,lvyi
adaptive,songqian,C:\Users\tahak\ogproject\adaptiveface\data\rmfd\AFDB_masked_face_dataset\songqian\1_0_17.jpg,True,True,True,upper,0.36011841893196106,tongkeke
adaptive,ruanjingtian,C:\Users\tahak\ogproject\adaptiveface\data\rmfd\AFDB_masked_face_dataset\ruanjingtian\0_0_1.jpg,True,True,True,upper,0.3658687472343445,jiangjinfu
adaptive,liyifeng,C:\Users\tahak\ogproject\adaptiveface\data\rmfd\AFDB_face_dataset\liyifeng\1_0_liyifeng_0142.jpg,False,True,False,full,0.3785381317138672,liyifeng
adaptive,yanni,C:\Users\tahak\ogproject\adaptiveface\data\rmfd\AFDB_masked_face_dataset\yanni\0_0_13.jpg,True,True,True,upper,0.23566395044326782,liusongren
adaptive,caobingkun,C:\Users\tahak\ogproject\adaptiveface\data\rmfd\AFDB_face_dataset\caobingkun\1_0_caobingkun_0234.jpg,False,True,False,full,0.44730284810066223,caobingkun
adaptive,chenfarong,C:\Users\tahak\ogproject\adaptiveface\data\rmfd\AFDB_face_dataset\chenfarong\1_0_chenfarong_0152.jpg,False,True,False,full,0.5322214365005493,chenfarong
adaptive,yanni,C:\Users\tahak\ogproject\adaptiveface\data\rmfd\AFDB_face_dataset\yanni\1_0_yanni_0039.jpg,False,True,False,full,0.42126017808914185,yanni
adaptive,tongliya,C:\Users\tahak\ogproject\adaptiveface\data\rmfd\AFDB_face_dataset\tongliya\0_0_tongliya_0169.jpg,False,True,False,full,0.6388838291168213,tongliya
adaptive,zhengkai,C:\Users\tahak\ogproject\adaptiveface\data\rmfd\AFDB_masked_face_dataset\zhengkai\0_1_10.jpg,True,True,True,upper,0.37002652883529663,huangxuan
adaptive,huangbo,C:\Users\tahak\ogproject\adaptiveface\data\rmfd\AFDB_masked_face_dataset\huangbo\0_0_0.jpg,True,True,True,upper,0.30106547474861145,huangbo
adaptive,hujing,C:\Users\tahak\ogproject\adaptiveface\data\rmfd\AFDB_masked_face_dataset\hujing\0_0_33.jpg,True,True,True,upper,0.4143829345703125,hujing
adaptive,chenxiang,C:\Users\tahak\ogproject\adaptiveface\data\rmfd\AFDB_face_dataset\chenxiang\1_0_chenxiang_0002.jpg,False,True,False,full,0.2737451493740082,chenxiang
adaptive,mowenwei,C:\Users\tahak\ogproject\adaptiveface\data\rmfd\AFDB_masked_face_dataset\mowenwei\0_0_1.jpg,True,True,True,upper,0.24266336858272552,liusongren
adaptive,huangbo,C:\Users\tahak\ogproject\adaptiveface\data\rmfd\AFDB_masked_face_dataset\huangbo\0_0_1.jpg,True,True,True,upper,0.32303643226623535,huangbo
adaptive,masichun,C:\Users\tahak\ogproject\adaptiveface\data\rmfd\AFDB_face_dataset\masichun\1_0_masichun_0171.jpg,False,True,False,full,0.44564616680145264,masichun
adaptive,caizhuoyan,C:\Users\tahak\ogproject\adaptiveface\data\rmfd\AFDB_face_dataset\caizhuoyan\1_0_caizhuoyan_0077.jpg,False,True,False,full,0.35948026180267334,caizhuoyan
adaptive,chenjiaqi,C:\Users\tahak\ogproject\adaptiveface\data\rmfd\AFDB_masked_face_dataset\chenjiaqi\0_0_0.jpg,True,True,True,upper,0.29664215445518494,wangxiaomin
adaptive,Ian_McKellen,C:\Users\tahak\ogproject\adaptiveface\data\lfw\Ian_McKellen\Ian_McKellen_0003.jpg,False,False,False,full,0.16027405858039856,lianghanwen
adaptive,shuqi,C:\Users\tahak\ogproject\adaptiveface\data\rmfd\AFDB_masked_face_dataset\shuqi\0_0_3.jpg,True,True,True,upper,0.31987452507019043,zhouxun
adaptive,Carlos_Moya,C:\Users\tahak\ogproject\adaptiveface\data\lfw\Carlos_Moya\Carlos_Moya_0011.jpg,False,False,False,full,0.15327243506908417,huojianhua
adaptive,linxinru,C:\Users\tahak\ogproject\adaptiveface\data\rmfd\AFDB_masked_face_dataset\linxinru\0_0_9.jpg,True,True,True,upper,0.314416766166687,linxinru
adaptive,liuxiang,C:\Users\tahak\ogproject\adaptiveface\data\rmfd\AFDB_masked_face_dataset\liuxiang\1_0_11.jpg,True,True,True,upper,0.2888438105583191,liuxiang
adaptive,xiongdailin,C:\Users\tahak\ogproject\adaptiveface\data\rmfd\AFDB_face_dataset\xiongdailin\1_0_xiongdailin_0027.jpg,False,True,False,full,0.5883896946907043,xiongdailin
adaptive,lidaimo,C:\Users\tahak\ogproject\adaptiveface\data\rmfd\AFDB_face_dataset\lidaimo\1_0_lidaimo_0207.jpg,False,True,False,full,0.38674935698509216,lidaimo
adaptive,Nicanor_Duarte_Frutos,C:\Users\tahak\ogproject\adaptiveface\data\lfw\Nicanor_Duarte_Frutos\Nicanor_Duarte_Frutos_0008.jpg,False,False,False,full,0.16346688568592072,wuzhenyu
adaptive,fengjianyu,C:\Users\tahak\ogproject\adaptiveface\data\rmfd\AFDB_face_dataset\fengjianyu\0_0_fengjianyu_0016.jpg,False,True,False,full,0.3050524592399597,fengjianyu
adaptive,Kenneth_Brill,C:\Users\tahak\ogproject\adaptiveface\data\lfw\Kenneth_Brill\Kenneth_Brill_0001.jpg,False,False,False,full,0.14964008331298828,wangyu
adaptive,panyueming,C:\Users\tahak\ogproject\adaptiveface\data\rmfd\AFDB_masked_face_dataset\panyueming\0_0_0.jpg,True,True,True,upper,0.2600700557231903,huangzhongkun
adaptive,caiguoqing,C:\Users\tahak\ogproject\adaptiveface\data\rmfd\AFDB_face_dataset\caiguoqing\1_0_caiguoqing_0126.jpg,False,True,False,full,0.5705762505531311,caiguoqing
adaptive,xiongdailin,C:\Users\tahak\ogproject\adaptiveface\data\rmfd\AFDB_face_dataset\xiongdailin\1_0_xiongdailin_0083.jpg,False,True,False,full,0.6826940178871155,xiongdailin
adaptive,liuruilin,C:\Users\tahak\ogproject\adaptiveface\data\rmfd\AFDB_masked_face_dataset\liuruilin\0_0_0.jpg,True,True,True,upper,0.33230942487716675,liuxiang
adaptive,masichun,C:\Users\tahak\ogproject\adaptiveface\data\rmfd\AFDB_masked_face_dataset\masichun\0_0_4.png,True,True,True,upper,0.4310860335826874,xuhao
adaptive,Carlo_Ancelotti,C:\Users\tahak\ogproject\adaptiveface\data\lfw\Carlo_Ancelotti\Carlo_Ancelotti_0001.jpg,False,False,False,full,0.12815552949905396,mali
adaptive,lanyingying,C:\Users\tahak\ogproject\adaptiveface\data\rmfd\AFDB_masked_face_dataset\lanyingying\1_1_2.jpg,True,True,True,upper,0.3749047517776489,lanyingying
adaptive,sunyizhou,C:\Users\tahak\ogproject\adaptiveface\data\rmfd\AFDB_face_dataset\sunyizhou\0_0_sunyizhou_0046.jpg,False,True,False,full,0.4534006118774414,sunyizhou
adaptive,xudongdong,C:\Users\tahak\ogproject\adaptiveface\data\rmfd\AFDB_face_dataset\xudongdong\1_0_xudongdong_0188.jpg,False,True,False,full,0.3019918203353882,xudongdong
adaptive,huangxiaoming,C:\Users\tahak\ogproject\adaptiveface\data\rmfd\AFDB_face_dataset\huangxiaoming\1_0_huangxiaoming_0199.jpg,False,True,False,full,0.37160393595695496,huangxiaoming
adaptive,gulinazha,C:\Users\tahak\ogproject\adaptiveface\data\rmfd\AFDB_face_dataset\gulinazha\0_0_gulinazha_0104.jpg,False,True,False,full,0.4136897325515747,gulinazha
adaptive,chenyi,C:\Users\tahak\ogproject\adaptiveface\data\rmfd\AFDB_face_dataset\chenyi\1_0_chenyi_0076.jpg,False,True,False,full,0.5605204105377197,chenyi
adaptive,Zach_Safrin,C:\Users\tahak\ogproject\adaptiveface\data\lfw\Zach_Safrin\Zach_Safrin_0001.jpg,False,False,False,full,0.14149533212184906,lvjiarong
adaptive,Pascal_Rheaume,C:\Users\tahak\ogproject\adaptiveface\data\lfw\Pascal_Rheaume\Pascal_Rheaume_0001.jpg,False,False,False,full,0.12724897265434265,liyifeng
adaptive,jingbairan,C:\Users\tahak\ogproject\adaptiveface\data\rmfd\AFDB_face_dataset\jingbairan\1_0_jingbairan_0103.jpg,False,True,False,full,0.4863569736480713,jingbairan
adaptive,zhangxueying,C:\Users\tahak\ogproject\adaptiveface\data\rmfd\AFDB_masked_face_dataset\zhangxueying\0_0_1.jpg,True,True,True,upper,0.3842821717262268,zhangxueying
adaptive,xuzheng,C:\Users\tahak\ogproject\adaptiveface\data\rmfd\AFDB_masked_face_dataset\xuzheng\0_0_11.jpg,True,True,False,full,0.12353558838367462,zhangbo
adaptive,huashao,C:\Users\tahak\ogproject\adaptiveface\data\rmfd\AFDB_face_dataset\huashao\0_0_huashao_0109.jpg,False,True,False,full,0.1743294596672058,fengjianyu
adaptive,guojingjing,C:\Users\tahak\ogproject\adaptiveface\data\rmfd\AFDB_face_dataset\guojingjing\0_0_guojingjing_0005.jpg,False,True,False,full,0.4686123728752136,guojingjing
adaptive,Carlo_Ancelotti,C:\Users\tahak\ogproject\adaptiveface\data\lfw\Carlo_Ancelotti\Carlo_Ancelotti_0002.jpg,False,False,False,full,0.14564839005470276,mali
adaptive,Keith_Bogans,C:\Users\tahak\ogproject\adaptiveface\data\lfw\Keith_Bogans\Keith_Bogans_0002.jpg,False,False,False,full,0.14862966537475586,zhangbinbin
adaptive,fengjianyu,C:\Users\tahak\ogproject\adaptiveface\data\rmfd\AFDB_masked_face_dataset\fengjianyu\0_0_0.jpg,True,True,True,upper,0.24876540899276733,caiyilin
adaptive,zhangxueyou,C:\Users\tahak\ogproject\adaptiveface\data\rmfd\AFDB_masked_face_dataset\zhangxueyou\0_0_0.jpg,True,True,True,upper,0.4154609441757202,zhangxueyou
adaptive,maoxiaotong,C:\Users\tahak\ogproject\adaptiveface\data\rmfd\AFDB_face_dataset\maoxiaotong\1_0_maoxiaotong_0037.jpg,False,True,False,full,0.25726500153541565,maoxiaotong
adaptive,wulei,C:\Users\tahak\ogproject\adaptiveface\data\rmfd\AFDB_face_dataset\wulei\1_0_wulei_0131.jpg,False,True,False,full,0.29956334829330444,wulei
adaptive,gutianle,C:\Users\tahak\ogproject\adaptiveface\data\rmfd\AFDB_masked_face_dataset\gutianle\0_1_6.jpg,True,True,True,upper,0.3905550241470337,gutianle
adaptive,gutianle,C:\Users\tahak\ogproject\adaptiveface\data\rmfd\AFDB_face_dataset\gutianle\1_0_gutianle_0124.jpg,False,True,False,full,0.5728063583374023,gutianle
adaptive,liuqianhan,C:\Users\tahak\ogproject\adaptiveface\data\rmfd\AFDB_face_dataset\liuqianhan\1_0_liuqianhan_0255.jpg,False,True,False,full,0.5032573938369751,liuqianhan
adaptive,huangzitao,C:\Users\tahak\ogproject\adaptiveface\data\rmfd\AFDB_masked_face_dataset\huangzitao\0_0_11.jpg,True,True,False,full,0.1984744518995285,zhangbinbin
adaptive,Carlos_Moya,C:\Users\tahak\ogproject\adaptiveface\data\lfw\Carlos_Moya\Carlos_Moya_0008.jpg,False,False,False,full,0.12327441573143005,zhaoliying
adaptive,Rafeeuddin_Ahmed,C:\Users\tahak\ogproject\adaptiveface\data\lfw\Rafeeuddin_Ahmed\Rafeeuddin_Ahmed_0001.jpg,False,False,False,full,0.11379379034042358,yangzi
adaptive,zhouxun,C:\Users\tahak\ogproject\adaptiveface\data\rmfd\AFDB_face_dataset\zhouxun\0_0_zhouxun_0157.jpg,False,True,False,full,0.3576437532901764,zhouxun
adaptive,zhaoyihuan,C:\Users\tahak\ogproject\adaptiveface\data\rmfd\AFDB_masked_face_dataset\zhaoyihuan\0_0_0.jpg,True,True,True,upper,0.4013291895389557,zhaoyihuan
adaptive,wangou,C:\Users\tahak\ogproject\adaptiveface\data\rmfd\AFDB_face_dataset\wangou\1_0_wangou_0203.jpg,False,True,False,full,0.4097403287887573,wangou
adaptive,licaihua,C:\Users\tahak\ogproject\adaptiveface\data\rmfd\AFDB_face_dataset\licaihua\0_0_licaihua_0197.jpg,False,True,False,full,0.49243417382240295,licaihua
adaptive,mowenwei,C:\Users\tahak\ogproject\adaptiveface\data\rmfd\AFDB_face_dataset\mowenwei\1_0_mowenwei_0050.jpg,False,True,False,full,0.4391159415245056,mowenwei
adaptive,caobingkun,C:\Users\tahak\ogproject\adaptiveface\data\rmfd\AFDB_face_dataset\caobingkun\0_0_caobingkun_0198.jpg,False,True,False,full,0.5550582408905029,caobingkun
adaptive,liusongren,C:\Users\tahak\ogproject\adaptiveface\data\rmfd\AFDB_face_dataset\liusongren\1_0_liusongren_0081.jpg,False,True,False,full,0.6217477917671204,liusongren
adaptive,wulei,C:\Users\tahak\ogproject\adaptiveface\data\rmfd\AFDB_face_dataset\wulei\1_0_wulei_0069.jpg,False,True,False,full,0.3562873601913452,wulei
adaptive,guanxiaotong,C:\Users\tahak\ogproject\adaptiveface\data\rmfd\AFDB_masked_face_dataset\guanxiaotong\0_0_29.jpg,True,True,True,upper,0.27874961495399475,huangbo
adaptive,yangzi,C:\Users\tahak\ogproject\adaptiveface\data\rmfd\AFDB_masked_face_dataset\yangzi\0_0_25.jpg,True,True,True,upper,0.2790905833244324,zhengkai
adaptive,tongkeke,C:\Users\tahak\ogproject\adaptiveface\data\rmfd\AFDB_masked_face_dataset\tongkeke\0_0_3.jpg,True,True,True,upper,0.7315682172775269,tongkeke
adaptive,Tyrone_Medley,C:\Users\tahak\ogproject\adaptiveface\data\lfw\Tyrone_Medley\Tyrone_Medley_0001.jpg,False,False,False,full,0.12605825066566467,zhouxun
adaptive,dingding,C:\Users\tahak\ogproject\adaptiveface\data\rmfd\AFDB_face_dataset\dingding\1_0_dingding_0011.jpg,False,True,False,full,0.23250547051429749,liuyifei
adaptive,Tim_Conway,C:\Users\tahak\ogproject\adaptiveface\data\lfw\Tim_Conway\Tim_Conway_0002.jpg,False,False,False,full,0.12041600048542023,chenkun
adaptive,Lawrence_MacAulay,C:\Users\tahak\ogproject\adaptiveface\data\lfw\Lawrence_MacAulay\Lawrence_MacAulay_0001.jpg,False,False,False,full,0.15773726999759674,xuhao
adaptive,lanyingying,C:\Users\tahak\ogproject\adaptiveface\data\rmfd\AFDB_masked_face_dataset\lanyingying\1_0_2.jpg,True,True,True,upper,0.2532058358192444,wangqing
adaptive,matianyu,C:\Users\tahak\ogproject\adaptiveface\data\rmfd\AFDB_masked_face_dataset\matianyu\0_0_0.jpg,True,True,True,upper,0.3098311722278595,yangqianhua
adaptive,linjing,C:\Users\tahak\ogproject\adaptiveface\data\rmfd\AFDB_masked_face_dataset\linjing\0_0_0.jpeg,True,True,False,full,0.28496187925338745,gulinazha
adaptive,wangluodan,C:\Users\tahak\ogproject\adaptiveface\data\rmfd\AFDB_face_dataset\wangluodan\1_0_wangluodan_0010.jpg,False,True,False,full,0.459405779838562,wangluodan
adaptive,Mark_Hurlbert,C:\Users\tahak\ogproject\adaptiveface\data\lfw\Mark_Hurlbert\Mark_Hurlbert_0003.jpg,False,False,False,full,0.11167463660240173,jianailiang
adaptive,songxiaobo,C:\Users\tahak\ogproject\adaptiveface\data\rmfd\AFDB_masked_face_dataset\songxiaobo\0_0_1.jpg,True,True,True,upper,0.3588392436504364,liuxiang
adaptive,raowei,C:\Users\tahak\ogproject\adaptiveface\data\rmfd\AFDB_face_dataset\raowei\1_0_raowei_0010.jpg,False,True,False,full,0.40351468324661255,raowei
adaptive,hanqingzi,C:\Users\tahak\ogproject\adaptiveface\data\rmfd\AFDB_face_dataset\hanqingzi\1_0_hanqingzi_0133.jpg,False,True,False,full,0.2675390839576721,hanqingzi
adaptive,Billy_Sollie,C:\Users\tahak\ogproject\adaptiveface\data\lfw\Billy_Sollie\Billy_Sollie_0002.jpg,False,False,False,full,0.1612013578414917,hanqingzi
adaptive,huangxiaoming,C:\Users\tahak\ogproject\adaptiveface\data\rmfd\AFDB_face_dataset\huangxiaoming\1_0_huangxiaoming_0088.jpg,False,True,False,full,0.4679238796234131,huangxiaoming
adaptive,lianghanwen,C:\Users\tahak\ogproject\adaptiveface\data\rmfd\AFDB_face_dataset\lianghanwen\1_0_lianghanwen_0210.jpg,False,True,False,full,0.4692614674568176,lianghanwen
adaptive,Carlos_Moya,C:\Users\tahak\ogproject\adaptiveface\data\lfw\Carlos_Moya\Carlos_Moya_0013.jpg,False,False,False,full,0.12049776315689087,maoxiaotong
adaptive,zhaoyazhi,C:\Users\tahak\ogproject\adaptiveface\data\rmfd\AFDB_masked_face_dataset\zhaoyazhi\1_1_6.jpg,True,True,True,upper,0.2798030376434326,mali
adaptive,liyifeng,C:\Users\tahak\ogproject\adaptiveface\data\rmfd\AFDB_masked_face_dataset\liyifeng\0_0_13.jpg,True,True,True,upper,0.34368032217025757,xiaozhan
adaptive,xiaozhan,C:\Users\tahak\ogproject\adaptiveface\data\rmfd\AFDB_face_dataset\xiaozhan\0_0_xiaozhan_0191.jpg,False,True,False,full,0.48061683773994446,xiaozhan
adaptive,Carlos_Moya,C:\Users\tahak\ogproject\adaptiveface\data\lfw\Carlos_Moya\Carlos_Moya_0001.jpg,False,False,False,full,0.14044414460659027,wangqing
adaptive,zhangyi,C:\Users\tahak\ogproject\adaptiveface\data\rmfd\AFDB_face_dataset\zhangyi\1_0_zhangyi_0256.jpg,False,True,False,full,0.42916521430015564,zhangyi
adaptive,zhangxinyu,C:\Users\tahak\ogproject\adaptiveface\data\rmfd\AFDB_masked_face_dataset\zhangxinyu\1_0_0.jpg,True,True,False,full,0.26538601517677307,zhangtianai
adaptive,Keith_Bogans,C:\Users\tahak\ogproject\adaptiveface\data\lfw\Keith_Bogans\Keith_Bogans_0003.jpg,False,False,False,full,0.14402146637439728,yangzi
adaptive,xinzhilei,C:\Users\tahak\ogproject\adaptiveface\data\rmfd\AFDB_face_dataset\xinzhilei\1_0_xinzhilei_0068.jpg,False,True,False,full,0.39936402440071106,xinzhilei
adaptive,Nicanor_Duarte_Frutos,C:\Users\tahak\ogproject\adaptiveface\data\lfw\Nicanor_Duarte_Frutos\Nicanor_Duarte_Frutos_0004.jpg,False,False,False,full,0.15074574947357178,liudehua
adaptive,zhanghuiwen,C:\Users\tahak\ogproject\adaptiveface\data\rmfd\AFDB_masked_face_dataset\zhanghuiwen\0_0_2.jpg,True,True,True,upper,0.333091139793396,zhanghuiwen
adaptive,Claudia_Coslovich,C:\Users\tahak\ogproject\adaptiveface\data\lfw\Claudia_Coslovich\Claudia_Coslovich_0001.jpg,False,False,False,full,0.1373940110206604,caiguoqing
adaptive,Intisar_Ajouri,C:\Users\tahak\ogproject\adaptiveface\data\lfw\Intisar_Ajouri\Intisar_Ajouri_0002.jpg,False,False,False,full,0.1404857039451599,guofucheng
adaptive,Carlos_Moya,C:\Users\tahak\ogproject\adaptiveface\data\lfw\Carlos_Moya\Carlos_Moya_0016.jpg,False,False,False,full,0.11972913146018982,zhanghuiwen
adaptive,wangxiaomin,C:\Users\tahak\ogproject\adaptiveface\data\rmfd\AFDB_face_dataset\wangxiaomin\0_0_wangxiaomin_0179.jpg,False,True,False,full,0.3865475058555603,wangxiaomin
adaptive,weidaxun,C:\Users\tahak\ogproject\adaptiveface\data\rmfd\AFDB_face_dataset\weidaxun\1_0_weidaxun_0097.jpg,False,True,False,full,0.3586801290512085,weidaxun
adaptive,tangwei,C:\Users\tahak\ogproject\adaptiveface\data\rmfd\AFDB_face_dataset\tangwei\1_0_tangwei_0239.jpg,False,True,False,full,0.5763522386550903,tangwei
adaptive,Thomas_Bjorn,C:\Users\tahak\ogproject\adaptiveface\data\lfw\Thomas_Bjorn\Thomas_Bjorn_0001.jpg,False,False,False,full,0.12459919601678848,xiongnaijin
adaptive,Carlos_Moya,C:\Users\tahak\ogproject\adaptiveface\data\lfw\Carlos_Moya\Carlos_Moya_0007.jpg,False,False,False,full,0.10798060894012451,huangzitao
adaptive,zhouhuimin,C:\Users\tahak\ogproject\adaptiveface\data\rmfd\AFDB_masked_face_dataset\zhouhuimin\0_0_0.jpg,True,True,True,upper,0.43689966201782227,lvjiarong
adaptive,Russell_Crowe,C:\Users\tahak\ogproject\adaptiveface\data\lfw\Russell_Crowe\Russell_Crowe_0001.jpg,False,False,False,full,0.15962442755699158,chenxiang
adaptive,zhanghuiwen,C:\Users\tahak\ogproject\adaptiveface\data\rmfd\AFDB_face_dataset\zhanghuiwen\1_0_zhanghuiwen_0016.jpg,False,True,False,full,0.3514809012413025,zhanghuiwen
adaptive,dingding,C:\Users\tahak\ogproject\adaptiveface\data\rmfd\AFDB_masked_face_dataset\dingding\0_0_5.jpg,True,True,False,full,0.194851815700531,wangyuan
adaptive,lianghanwen,C:\Users\tahak\ogproject\adaptiveface\data\rmfd\AFDB_masked_face_dataset\lianghanwen\0_0_0.jpg,True,True,True,upper,0.29662638902664185,zhangxueyou
adaptive,caiyilin,C:\Users\tahak\ogproject\adaptiveface\data\rmfd\AFDB_face_dataset\caiyilin\1_0_caiyilin_0132.jpg,False,True,False,full,0.3313446044921875,caiyilin
adaptive,Carlos_Moya,C:\Users\tahak\ogproject\adaptiveface\data\lfw\Carlos_Moya\Carlos_Moya_0019.jpg,False,False,False,full,0.14993301033973694,lianghanwen
adaptive,tongkeke,C:\Users\tahak\ogproject\adaptiveface\data\rmfd\AFDB_face_dataset\tongkeke\1_0_tongkeke_0067.jpg,False,True,False,full,0.3983761966228485,tongkeke
adaptive,Pete_Rose,C:\Users\tahak\ogproject\adaptiveface\data\lfw\Pete_Rose\Pete_Rose_0002.jpg,False,False,False,full,0.14200690388679504,yinengjing
adaptive,zhouhuimin,C:\Users\tahak\ogproject\adaptiveface\data\rmfd\AFDB_face_dataset\zhouhuimin\1_0_zhouhuimin_0212.jpg,False,True,False,full,0.5421979427337646,zhouhuimin
adaptive,wangou,C:\Users\tahak\ogproject\adaptiveface\data\rmfd\AFDB_masked_face_dataset\wangou\0_0_0.jpg,True,True,True,upper,0.30376753211021423,lanyingying
adaptive,Carlos_Moya,C:\Users\tahak\ogproject\adaptiveface\data\lfw\Carlos_Moya\Carlos_Moya_0009.jpg,False,False,False,full,0.15646106004714966,lianghanwen
adaptive,Tim_Conway,C:\Users\tahak\ogproject\adaptiveface\data\lfw\Tim_Conway\Tim_Conway_0001.jpg,False,False,False,full,0.09664155542850494,chenkun
adaptive,Martha_Lucia_Ramirez,C:\Users\tahak\ogproject\adaptiveface\data\lfw\Martha_Lucia_Ramirez\Martha_Lucia_Ramirez_0003.jpg,False,False,False,full,0.14091503620147705,yuyi
adaptive,Nicanor_Duarte_Frutos,C:\Users\tahak\ogproject\adaptiveface\data\lfw\Nicanor_Duarte_Frutos\Nicanor_Duarte_Frutos_0009.jpg,False,False,False,full,0.1198061853647232,xiaozhan
adaptive,Nicolas_Kiefer,C:\Users\tahak\ogproject\adaptiveface\data\lfw\Nicolas_Kiefer\Nicolas_Kiefer_0001.jpg,False,False,False,full,0.13675501942634583,caiyilin
adaptive,qinjunjie,C:\Users\tahak\ogproject\adaptiveface\data\rmfd\AFDB_face_dataset\qinjunjie\1_0_qinjunjie_0079.jpg,False,True,False,full,0.3146510124206543,qinjunjie
adaptive,guofucheng,C:\Users\tahak\ogproject\adaptiveface\data\rmfd\AFDB_masked_face_dataset\guofucheng\0_0_7.jpg,True,True,True,upper,0.42673730850219727,wangluodan
adaptive,Bilal_Erdogan,C:\Users\tahak\ogproject\adaptiveface\data\lfw\Bilal_Erdogan\Bilal_Erdogan_0001.jpg,False,False,False,full,0.1402275562286377,xiongdailin
adaptive,Robert_Wagner,C:\Users\tahak\ogproject\adaptiveface\data\lfw\Robert_Wagner\Robert_Wagner_0001.jpg,False,False,False,full,0.15752586722373962,huojianhua
adaptive,xinzhilei,C:\Users\tahak\ogproject\adaptiveface\data\rmfd\AFDB_masked_face_dataset\xinzhilei\0_0_0.jpg,True,True,True,upper,0.23280727863311768,wangxiaomin
adaptive,huozun,C:\Users\tahak\ogproject\adaptiveface\data\rmfd\AFDB_masked_face_dataset\huozun\0_0_4.jpg,True,True,True,upper,0.34757524728775024,huozun
adaptive,qiuze,C:\Users\tahak\ogproject\adaptiveface\data\rmfd\AFDB_masked_face_dataset\qiuze\0_0_2.jpg,True,True,True,upper,0.48223358392715454,qiuze
adaptive,gulinazha,C:\Users\tahak\ogproject\adaptiveface\data\rmfd\AFDB_face_dataset\gulinazha\1_0_gulinazha_0027.jpg,False,True,False,full,0.42476534843444824,gulinazha
adaptive,jiangjinfu,C:\Users\tahak\ogproject\adaptiveface\data\rmfd\AFDB_face_dataset\jiangjinfu\1_0_jiangjinfu_0043.jpg,False,True,False,full,0.5212669968605042,jiangjinfu
adaptive,chenfarong,C:\Users\tahak\ogproject\adaptiveface\data\rmfd\AFDB_masked_face_dataset\chenfarong\0_0_0.jpg,True,True,True,upper,0.403983473777771,yangzi
adaptive,yeyiqian,C:\Users\tahak\ogproject\adaptiveface\data\rmfd\AFDB_face_dataset\yeyiqian\1_0_yeyiqian_0040.jpg,False,True,False,full,0.3036355674266815,yeyiqian
adaptive,caiyilin,C:\Users\tahak\ogproject\adaptiveface\data\rmfd\AFDB_face_dataset\caiyilin\1_0_caiyilin_0047.jpg,False,True,False,full,0.5920162200927734,caiyilin
adaptive,Eliane_Karp,C:\Users\tahak\ogproject\adaptiveface\data\lfw\Eliane_Karp\Eliane_Karp_0004.jpg,False,False,False,full,0.11181110143661499,wangqing
adaptive,yanni,C:\Users\tahak\ogproject\adaptiveface\data\rmfd\AFDB_face_dataset\yanni\1_0_yanni_0106.jpg,False,True,False,full,0.5516252517700195,yanni
adaptive,luozhixiang,C:\Users\tahak\ogproject\adaptiveface\data\rmfd\AFDB_face_dataset\luozhixiang\1_0_luozhixiang_0057.jpg,False,True,False,full,0.2718319892883301,yinengjing
adaptive,liyapeng,C:\Users\tahak\ogproject\adaptiveface\data\rmfd\AFDB_masked_face_dataset\liyapeng\0_0_0.jpg,True,True,True,upper,0.3106815218925476,liyapeng
adaptive,liuyifei,C:\Users\tahak\ogproject\adaptiveface\data\rmfd\AFDB_face_dataset\liuyifei\1_0_liuyifei_0098.jpg,False,True,False,full,0.26121050119400024,liuyifei
adaptive,gulinazha,C:\Users\tahak\ogproject\adaptiveface\data\rmfd\AFDB_masked_face_dataset\gulinazha\0_0_18.jpg,True,True,True,upper,0.4521721303462982,gulinazha
adaptive,Lawrence_MacAulay,C:\Users\tahak\ogproject\adaptiveface\data\lfw\Lawrence_MacAulay\Lawrence_MacAulay_0002.jpg,False,False,False,full,0.13589619100093842,liyifeng
adaptive,Bernard_Landry,C:\Users\tahak\ogproject\adaptiveface\data\lfw\Bernard_Landry\Bernard_Landry_0002.jpg,False,False,False,full,0.12890499830245972,lixirui
adaptive,wulei,C:\Users\tahak\ogproject\adaptiveface\data\rmfd\AFDB_masked_face_dataset\wulei\0_0_1.jpg,True,True,True,upper,0.22985154390335083,xuhao
adaptive,guojingfei,C:\Users\tahak\ogproject\adaptiveface\data\rmfd\AFDB_face_dataset\guojingfei\1_0_guojingfei_0126.jpg,False,True,False,full,0.3768436312675476,guojingfei
adaptive,xuezhiqian,C:\Users\tahak\ogproject\adaptiveface\data\rmfd\AFDB_masked_face_dataset\xuezhiqian\1_0_14.jpg,True,True,True,upper,0.23144368827342987,guojingfei
adaptive,Michael_Phelps,C:\Users\tahak\ogproject\adaptiveface\data\lfw\Michael_Phelps\Michael_Phelps_0001.jpg,False,False,False,full,0.17847928404808044,mali
adaptive,Dino_Risi,C:\Users\tahak\ogproject\adaptiveface\data\lfw\Dino_Risi\Dino_Risi_0001.jpg,False,False,False,full,0.14671467244625092,chenxiang
adaptive,huangxuan,C:\Users\tahak\ogproject\adaptiveface\data\rmfd\AFDB_masked_face_dataset\huangxuan\0_0_11.jpg,True,True,True,upper,0.2223227620124817,huangbo
adaptive,zhangtianai,C:\Users\tahak\ogproject\adaptiveface\data\rmfd\AFDB_face_dataset\zhangtianai\1_0_zhangtianai_0017.jpg,False,True,False,full,0.40916675329208374,zhangtianai
adaptive,liyapeng,C:\Users\tahak\ogproject\adaptiveface\data\rmfd\AFDB_face_dataset\liyapeng\1_0_liyapeng_0074.jpg,False,True,False,full,0.4978052079677582,liyapeng
adaptive,linyuan,C:\Users\tahak\ogproject\adaptiveface\data\rmfd\AFDB_masked_face_dataset\linyuan\0_0_0.jpg,True,True,True,upper,0.29326099157333374,linyuan
adaptive,xuezhiqian,C:\Users\tahak\ogproject\adaptiveface\data\rmfd\AFDB_face_dataset\xuezhiqian\0_0_xuezhiqian_0039.jpg,False,True,False,full,0.22182905673980713,wuzhenyu
adaptive,wangxiaomin,C:\Users\tahak\ogproject\adaptiveface\data\rmfd\AFDB_face_dataset\wangxiaomin\1_0_wangxiaomin_0135.jpg,False,True,False,full,0.32612287998199463,wangxiaomin
adaptive,Ann_Landers,C:\Users\tahak\ogproject\adaptiveface\data\lfw\Ann_Landers\Ann_Landers_0001.jpg,False,False,False,full,0.12674617767333984,gutianle
adaptive,panyueming,C:\Users\tahak\ogproject\adaptiveface\data\rmfd\AFDB_face_dataset\panyueming\1_0_panyueming_0051.jpg,False,True,False,full,0.5432426929473877,panyueming
adaptive,fanwei,C:\Users\tahak\ogproject\adaptiveface\data\rmfd\AFDB_face_dataset\fanwei\1_0_fanwei_0036.jpg,False,True,False,full,0.4976835250854492,fanwei
adaptive,shuqi,C:\Users\tahak\ogproject\adaptiveface\data\rmfd\AFDB_face_dataset\shuqi\1_0_shuqi_0004.jpg,False,True,False,full,0.28829216957092285,zhangjingjing
adaptive,dazhangwei,C:\Users\tahak\ogproject\adaptiveface\data\rmfd\AFDB_face_dataset\dazhangwei\1_0_dazhangwei_0019.jpg,False,True,False,full,0.23258405923843384,zhangxueyou
adaptive,masu,C:\Users\tahak\ogproject\adaptiveface\data\rmfd\AFDB_masked_face_dataset\masu\0_0_19.jpg,True,True,True,upper,0.2558390498161316,lanyingying
adaptive,pengjing,C:\Users\tahak\ogproject\adaptiveface\data\rmfd\AFDB_face_dataset\pengjing\1_0_pengjing_0017.jpg,False,True,False,full,0.22786074876785278,zhangjingjing
adaptive,jiangyiyi,C:\Users\tahak\ogproject\adaptiveface\data\rmfd\AFDB_face_dataset\jiangyiyi\1_0_jiangyiyi_0202.jpg,False,True,False,full,0.41312307119369507,jiangyiyi
adaptive,xuxidi,C:\Users\tahak\ogproject\adaptiveface\data\rmfd\AFDB_face_dataset\xuxidi\1_0_xuxidi_0002.jpg,False,True,False,full,0.5180283784866333,xuxidi
adaptive,Darryl_McDaniels,C:\Users\tahak\ogproject\adaptiveface\data\lfw\Darryl_McDaniels\Darryl_McDaniels_0001.jpg,False,False,False,full,0.12408550083637238,qiuze
adaptive,hejiong,C:\Users\tahak\ogproject\adaptiveface\data\rmfd\AFDB_face_dataset\hejiong\0_0_hejiong_0165.jpg,False,True,False,full,0.4399884045124054,hejiong
adaptive,xuhaiqiao,C:\Users\tahak\ogproject\adaptiveface\data\rmfd\AFDB_face_dataset\xuhaiqiao\1_0_xuhaiqiao_0058.jpg,False,True,False,full,0.22094592452049255,huojianhua
adaptive,xiongnaijin,C:\Users\tahak\ogproject\adaptiveface\data\rmfd\AFDB_masked_face_dataset\xiongnaijin\1_1_2.jpg,True,True,True,upper,0.42251497507095337,lanyingying
adaptive,Zoran_Djindjic,C:\Users\tahak\ogproject\adaptiveface\data\lfw\Zoran_Djindjic\Zoran_Djindjic_0003.jpg,False,False,False,full,0.1139812096953392,yinzheng
adaptive,Mel_Gibson,C:\Users\tahak\ogproject\adaptiveface\data\lfw\Mel_Gibson\Mel_Gibson_0001.jpg,False,False,False,full,0.12605267763137817,linjing
adaptive,lixiang,C:\Users\tahak\ogproject\adaptiveface\data\rmfd\AFDB_face_dataset\lixiang\1_0_lixiang_0118.jpg,False,True,False,full,0.614072322845459,lixiang
adaptive,zhanghanyun,C:\Users\tahak\ogproject\adaptiveface\data\rmfd\AFDB_masked_face_dataset\zhanghanyun\0_0_6.jpg,True,True,True,upper,0.3275689482688904,zhanghanyun
adaptive,jianghongbo,C:\Users\tahak\ogproject\adaptiveface\data\rmfd\AFDB_masked_face_dataset\jianghongbo\0_0_1.jpg,True,True,True,upper,0.43839216232299805,jianghongbo
adaptive,songxiaobo,C:\Users\tahak\ogproject\adaptiveface\data\rmfd\AFDB_masked_face_dataset\songxiaobo\0_0_0.jpg,True,True,True,upper,0.41040104627609253,liyifeng
adaptive,Michael_Phelps,C:\Users\tahak\ogproject\adaptiveface\data\lfw\Michael_Phelps\Michael_Phelps_0004.jpg,False,False,False,full,0.13111990690231323,huangzhongkun
adaptive,yeyiqian,C:\Users\tahak\ogproject\adaptiveface\data\rmfd\AFDB_masked_face_dataset\yeyiqian\0_0_20.jpg,True,True,True,upper,0.4430459141731262,mali
adaptive,wangyuan,C:\Users\tahak\ogproject\adaptiveface\data\rmfd\AFDB_face_dataset\wangyuan\1_0_wangyuan_0057.jpg,False,True,False,full,0.5992546081542969,wangyuan
adaptive,zhangxinyu,C:\Users\tahak\ogproject\adaptiveface\data\rmfd\AFDB_face_dataset\zhangxinyu\1_0_zhangxinyu_0002.jpg,False,True,False,full,0.3260495066642761,zhanghanyun
adaptive,wangzuxian,C:\Users\tahak\ogproject\adaptiveface\data\rmfd\AFDB_masked_face_dataset\wangzuxian\0_0_18.jpg,True,True,True,upper,0.42609357833862305,zhangtianai
adaptive,zhangdanfeng,C:\Users\tahak\ogproject\adaptiveface\data\rmfd\AFDB_masked_face_dataset\zhangdanfeng\0_0_0.png,True,True,True,upper,0.3619192838668823,huge
adaptive,wuzhenyu,C:\Users\tahak\ogproject\adaptiveface\data\rmfd\AFDB_face_dataset\wuzhenyu\1_0_wuzhenyu_0010.jpg,False,True,False,full,0.5522273182868958,wuzhenyu
adaptive,fanwei,C:\Users\tahak\ogproject\adaptiveface\data\rmfd\AFDB_masked_face_dataset\fanwei\0_0_1.png,True,True,True,upper,0.3353096842765808,fanwei
adaptive,sunyizhou,C:\Users\tahak\ogproject\adaptiveface\data\rmfd\AFDB_face_dataset\sunyizhou\0_0_sunyizhou_0152.jpg,False,True,False,full,0.5111813545227051,sunyizhou
adaptive,lvyi,C:\Users\tahak\ogproject\adaptiveface\data\rmfd\AFDB_face_dataset\lvyi\1_0_lvyi_0012.jpg,False,True,False,full,0.2037789672613144,zhangzifeng
adaptive,xiaozhan,C:\Users\tahak\ogproject\adaptiveface\data\rmfd\AFDB_masked_face_dataset\xiaozhan\0_0_5.jpg,True,True,True,upper,0.3787193298339844,zhangbinbin
adaptive,guofucheng,C:\Users\tahak\ogproject\adaptiveface\data\rmfd\AFDB_face_dataset\guofucheng\0_0_guofucheng_0128.jpg,False,True,False,full,0.43637868762016296,guofucheng
adaptive,jianghongbo,C:\Users\tahak\ogproject\adaptiveface\data\rmfd\AFDB_face_dataset\jianghongbo\1_0_jianghongbo_0235.jpg,False,True,False,full,0.4198434352874756,jianghongbo
adaptive,wuzhenyu,C:\Users\tahak\ogproject\adaptiveface\data\rmfd\AFDB_masked_face_dataset\wuzhenyu\0_0_6.jpg,True,True,True,upper,0.3725889027118683,wuzhenyu
adaptive,zhangtianai,C:\Users\tahak\ogproject\adaptiveface\data\rmfd\AFDB_masked_face_dataset\zhangtianai\0_0_1.jpg,True,True,True,upper,0.2446361482143402,caiyilin
adaptive,lvjiarong,C:\Users\tahak\ogproject\adaptiveface\data\rmfd\AFDB_masked_face_dataset\lvjiarong\0_0_0.jpg,True,True,True,upper,0.3635423183441162,hujing
adaptive,huge,C:\Users\tahak\ogproject\adaptiveface\data\rmfd\AFDB_masked_face_dataset\huge\1_0_10.jpg,True,True,True,upper,0.2945409119129181,lvyi
adaptive,zhangshaohan,C:\Users\tahak\ogproject\adaptiveface\data\rmfd\AFDB_face_dataset\zhangshaohan\1_0_zhangshaohan_0146.jpg,False,True,False,full,0.42273250222206116,zhangshaohan
adaptive,Carlos_Moya,C:\Users\tahak\ogproject\adaptiveface\data\lfw\Carlos_Moya\Carlos_Moya_0003.jpg,False,False,False,full,0.15815246105194092,zhanghuiwen
adaptive,xuhao,C:\Users\tahak\ogproject\adaptiveface\data\rmfd\AFDB_face_dataset\xuhao\1_0_xuhao_0191.jpg,False,True,False,full,0.5999839305877686,xuhao
adaptive,hejiong,C:\Users\tahak\ogproject\adaptiveface\data\rmfd\AFDB_face_dataset\hejiong\1_0_hejiong_0101.jpg,False,True,False,full,0.3558286428451538,hejiong
adaptive,zhangshaohan,C:\Users\tahak\ogproject\adaptiveface\data\rmfd\AFDB_masked_face_dataset\zhangshaohan\0_0_0.jpg,True,True,True,upper,0.22804862260818481,fanwei
adaptive,caiyilin,C:\Users\tahak\ogproject\adaptiveface\data\rmfd\AFDB_masked_face_dataset\caiyilin\0_0_5.jpg,True,True,True,upper,0.17213277518749237,lixirui
adaptive,Kifah_Ajouri,C:\Users\tahak\ogproject\adaptiveface\data\lfw\Kifah_Ajouri\Kifah_Ajouri_0002.jpg,False,False,False,full,0.1627894937992096,xuzheng
adaptive,huashao,C:\Users\tahak\ogproject\adaptiveface\data\rmfd\AFDB_face_dataset\huashao\0_0_huashao_0073.jpg,False,True,False,full,0.1713731586933136,qinjunjie
adaptive,zhangliangying,C:\Users\tahak\ogproject\adaptiveface\data\rmfd\AFDB_masked_face_dataset\zhangliangying\0_0_2.jpg,True,True,True,upper,0.2914341688156128,zhangliangying
adaptive,wangyu,C:\Users\tahak\ogproject\adaptiveface\data\rmfd\AFDB_masked_face_dataset\wangyu\0_1_0.jpg,True,True,True,upper,0.3048253357410431,zhangbinbin
adaptive,jianailiang,C:\Users\tahak\ogproject\adaptiveface\data\rmfd\AFDB_face_dataset\jianailiang\1_0_jianailiang_0167.jpg,False,True,False,full,0.361655056476593,jianailiang
adaptive,zhangjingjing,C:\Users\tahak\ogproject\adaptiveface\data\rmfd\AFDB_masked_face_dataset\zhangjingjing\0_0_0.jpg,True,True,True,upper,0.40786266326904297,liushishi
adaptive,wangqing,C:\Users\tahak\ogproject\adaptiveface\data\rmfd\AFDB_masked_face_dataset\wangqing\0_0_33.jpg,True,True,True,upper,0.4231124818325043,xuhao
adaptive,Carlos_Moya,C:\Users\tahak\ogproject\adaptiveface\data\lfw\Carlos_Moya\Carlos_Moya_0010.jpg,False,False,False,full,0.13239312171936035,lianghanwen
adaptive,Charles_Richardson,C:\Users\tahak\ogproject\adaptiveface\data\lfw\Charles_Richardson\Charles_Richardson_0001.jpg,False,False,False,full,0.1358441263437271,zhaoyihuan
adaptive,yingcaier,C:\Users\tahak\ogproject\adaptiveface\data\rmfd\AFDB_face_dataset\yingcaier\1_0_yingcaier_0128.jpg,False,True,False,full,0.21731269359588623,daipeini
adaptive,shaofeng,C:\Users\tahak\ogproject\adaptiveface\data\rmfd\AFDB_face_dataset\shaofeng\1_0_shaofeng_0057.jpg,False,True,False,full,0.6024682521820068,shaofeng
adaptive,dazhangwei,C:\Users\tahak\ogproject\adaptiveface\data\rmfd\AFDB_face_dataset\dazhangwei\1_0_dazhangwei_0079.jpg,False,True,False,full,0.2706224322319031,zhengyecheng
adaptive,Ian_McKellen,C:\Users\tahak\ogproject\adaptiveface\data\lfw\Ian_McKellen\Ian_McKellen_0002.jpg,False,False,False,full,0.13125626742839813,lianghanwen
adaptive,liuyifei,C:\Users\tahak\ogproject\adaptiveface\data\rmfd\AFDB_face_dataset\liuyifei\1_0_liuyifei_0137.jpg,False,True,False,full,0.498832106590271,liuyifei
adaptive,linyichen,C:\Users\tahak\ogproject\adaptiveface\data\rmfd\AFDB_masked_face_dataset\linyichen\1_0_2.jpg,True,True,True,upper,0.3596210479736328,jianghongbo
adaptive,zhouhuimin,C:\Users\tahak\ogproject\adaptiveface\data\rmfd\AFDB_face_dataset\zhouhuimin\1_0_zhouhuimin_0226.jpg,False,True,False,full,0.36987677216529846,zhouhuimin
adaptive,Bernard_Law,C:\Users\tahak\ogproject\adaptiveface\data\lfw\Bernard_Law\Bernard_Law_0003.jpg,False,False,False,full,0.11338841915130615,zhaoyihuan
adaptive,shuqi,C:\Users\tahak\ogproject\adaptiveface\data\rmfd\AFDB_masked_face_dataset\shuqi\1_0_1.jpg,True,True,False,full,0.3242163062095642,zhouxun
adaptive,Mark_Hurlbert,C:\Users\tahak\ogproject\adaptiveface\data\lfw\Mark_Hurlbert\Mark_Hurlbert_0002.jpg,False,False,False,full,0.10914934426546097,chenyi
adaptive,liudehua,C:\Users\tahak\ogproject\adaptiveface\data\rmfd\AFDB_masked_face_dataset\liudehua\0_0_8.jpg,True,True,True,upper,0.4055549204349518,liudehua
adaptive,wangyu,C:\Users\tahak\ogproject\adaptiveface\data\rmfd\AFDB_face_dataset\wangyu\1_0_wangyu_0210.jpg,False,True,False,full,0.3928486108779907,wangyu
adaptive,zhanghanyun,C:\Users\tahak\ogproject\adaptiveface\data\rmfd\AFDB_masked_face_dataset\zhanghanyun\0_0_11.jpg,True,True,True,upper,0.33831900358200073,zhanghanyun
adaptive,liudehua,C:\Users\tahak\ogproject\adaptiveface\data\rmfd\AFDB_masked_face_dataset\liudehua\0_1_1.jpg,True,True,True,upper,0.38151898980140686,liudehua
adaptive,wuzhenyu,C:\Users\tahak\ogproject\adaptiveface\data\rmfd\AFDB_masked_face_dataset\wuzhenyu\0_1_5.jpg,True,True,True,upper,0.6211044788360596,wuzhenyu
adaptive,tanweiwei,C:\Users\tahak\ogproject\adaptiveface\data\rmfd\AFDB_face_dataset\tanweiwei\1_0_tanweiwei_0024.jpg,False,True,False,full,0.23752914369106293,tanweiwei
adaptive,yanyikuan,C:\Users\tahak\ogproject\adaptiveface\data\rmfd\AFDB_masked_face_dataset\yanyikuan\0_0_3.jpg,True,True,True,upper,0.2831701338291168,yanyikuan
adaptive,zhangxueying,C:\Users\tahak\ogproject\adaptiveface\data\rmfd\AFDB_face_dataset\zhangxueying\1_0_zhangxueying_0181.jpg,False,True,False,full,0.45677798986434937,zhangxueying
adaptive,xuzheng,C:\Users\tahak\ogproject\adaptiveface\data\rmfd\AFDB_face_dataset\xuzheng\1_0_xuzheng_0147.jpg,False,True,False,full,0.49354028701782227,xuzheng
adaptive,Michael_Phelps,C:\Users\tahak\ogproject\adaptiveface\data\lfw\Michael_Phelps\Michael_Phelps_0003.jpg,False,False,False,full,0.12556733191013336,huangzhongkun
adaptive,zhangbinbin,C:\Users\tahak\ogproject\adaptiveface\data\rmfd\AFDB_face_dataset\zhangbinbin\1_0_zhangbinbin_0194.jpg,False,True,False,full,0.4999789893627167,zhangbinbin
adaptive,hanqingzi,C:\Users\tahak\ogproject\adaptiveface\data\rmfd\AFDB_masked_face_dataset\hanqingzi\0_0_1.jpg,True,True,True,upper,0.3013996183872223,zhaoliying
adaptive,zhouxun,C:\Users\tahak\ogproject\adaptiveface\data\rmfd\AFDB_face_dataset\zhouxun\0_0_zhouxun_0089.jpg,False,True,False,full,0.44337400794029236,zhouxun
adaptive,yanni,C:\Users\tahak\ogproject\adaptiveface\data\rmfd\AFDB_masked_face_dataset\yanni\0_0_17.jpg,True,True,True,upper,0.19138582050800323,hejiong
adaptive,zhangxinyu,C:\Users\tahak\ogproject\adaptiveface\data\rmfd\AFDB_masked_face_dataset\zhangxinyu\1_0_21.jpg,True,True,False,full,0.20727787911891937,hujing
adaptive,masu,C:\Users\tahak\ogproject\adaptiveface\data\rmfd\AFDB_face_dataset\masu\1_0_masu_0145.jpg,False,True,False,full,0.5171847343444824,masu
adaptive,benxi,C:\Users\tahak\ogproject\adaptiveface\data\rmfd\AFDB_face_dataset\benxi\1_0_benxi_0100.jpg,False,True,False,full,0.1783616840839386,hejiong
adaptive,pengjing,C:\Users\tahak\ogproject\adaptiveface\data\rmfd\AFDB_masked_face_dataset\pengjing\0_0_20.jpg,True,True,True,upper,0.19903022050857544,gulinazha
adaptive,zhanghanyun,C:\Users\tahak\ogproject\adaptiveface\data\rmfd\AFDB_face_dataset\zhanghanyun\0_0_zhanghanyun_0149.jpg,False,True,False,full,0.4852178692817688,zhanghanyun
adaptive,tangwei,C:\Users\tahak\ogproject\adaptiveface\data\rmfd\AFDB_face_dataset\tangwei\1_0_tangwei_0004.jpg,False,True,False,full,0.41656437516212463,tangwei
adaptive,Keith_Bogans,C:\Users\tahak\ogproject\adaptiveface\data\lfw\Keith_Bogans\Keith_Bogans_0001.jpg,False,False,False,full,0.1358642280101776,songqian
adaptive,maqiguang,C:\Users\tahak\ogproject\adaptiveface\data\rmfd\AFDB_face_dataset\maqiguang\1_0_maqiguang_0003.jpg,False,True,False,full,0.4380853772163391,maqiguang
adaptive,guanxiaotong,C:\Users\tahak\ogproject\adaptiveface\data\rmfd\AFDB_face_dataset\guanxiaotong\1_0_guanxiaotong_0080.jpg,False,True,False,full,0.5137527585029602,guanxiaotong
adaptive,hujing,C:\Users\tahak\ogproject\adaptiveface\data\rmfd\AFDB_face_dataset\hujing\1_0_hujing_0176.jpg,False,True,False,full,0.40235793590545654,hujing
adaptive,Diego_Colorado,C:\Users\tahak\ogproject\adaptiveface\data\lfw\Diego_Colorado\Diego_Colorado_0001.jpg,False,False,False,full,0.15082603693008423,chenxiang
adaptive,zhangbo,C:\Users\tahak\ogproject\adaptiveface\data\rmfd\AFDB_masked_face_dataset\zhangbo\0_0_0.jpg,True,True,True,upper,0.3369903564453125,zhangbo
adaptive,linjing,C:\Users\tahak\ogproject\adaptiveface\data\rmfd\AFDB_face_dataset\linjing\1_0_linjing_0053.jpg,False,True,False,full,0.559014081954956,linjing
adaptive,Yoon_Young-kwan,C:\Users\tahak\ogproject\adaptiveface\data\lfw\Yoon_Young-kwan\Yoon_Young-kwan_0001.jpg,False,False,False,full,0.1383950263261795,xietingfeng
adaptive,huxia,C:\Users\tahak\ogproject\adaptiveface\data\rmfd\AFDB_face_dataset\huxia\1_0_huxia_0078.jpg,False,True,False,full,0.17787373065948486,matianyu
adaptive,luozhixiang,C:\Users\tahak\ogproject\adaptiveface\data\rmfd\AFDB_masked_face_dataset\luozhixiang\0_0_0.jpg,True,True,True,upper,0.23860307037830353,matianyu
adaptive,yangzi,C:\Users\tahak\ogproject\adaptiveface\data\rmfd\AFDB_face_dataset\yangzi\0_0_yangzi_0076.jpg,False,True,False,full,0.40101805329322815,yangzi
adaptive,liyapeng,C:\Users\tahak\ogproject\adaptiveface\data\rmfd\AFDB_face_dataset\liyapeng\1_0_liyapeng_0138.jpg,False,True,False,full,0.357166051864624,liyapeng
adaptive,yinengjing,C:\Users\tahak\ogproject\adaptiveface\data\rmfd\AFDB_face_dataset\yinengjing\1_0_yinengjing_0051.jpg,False,True,False,full,0.388377845287323,yinengjing
adaptive,Michael_Chiklis,C:\Users\tahak\ogproject\adaptiveface\data\lfw\Michael_Chiklis\Michael_Chiklis_0001.jpg,False,False,False,full,0.1509116291999817,yinzheng
adaptive,Omar_Vizquel,C:\Users\tahak\ogproject\adaptiveface\data\lfw\Omar_Vizquel\Omar_Vizquel_0001.jpg,False,False,False,full,0.1542271226644516,zhaoliying
adaptive,maoxiaotong,C:\Users\tahak\ogproject\adaptiveface\data\rmfd\AFDB_face_dataset\maoxiaotong\0_0_maoxiaotong_0122.jpg,False,True,False,full,0.36167722940444946,maoxiaotong
adaptive,huxia,C:\Users\tahak\ogproject\adaptiveface\data\rmfd\AFDB_masked_face_dataset\huxia\0_0_18.jpg,True,True,True,upper,0.32654738426208496,chenfarong
adaptive,zhanghuiwen,C:\Users\tahak\ogproject\adaptiveface\data\rmfd\AFDB_face_dataset\zhanghuiwen\1_0_zhanghuiwen_0035.jpg,False,True,False,full,0.5485953688621521,zhanghuiwen
adaptive,mowenwei,C:\Users\tahak\ogproject\adaptiveface\data\rmfd\AFDB_face_dataset\mowenwei\1_0_mowenwei_0016.jpg,False,True,False,full,0.3524840474128723,mowenwei
adaptive,jiangjinfu,C:\Users\tahak\ogproject\adaptiveface\data\rmfd\AFDB_masked_face_dataset\jiangjinfu\1_0_15.jpg,True,True,True,upper,0.4514670968055725,jiangjinfu
adaptive,raowei,C:\Users\tahak\ogproject\adaptiveface\data\rmfd\AFDB_masked_face_dataset\raowei\0_0_3.jpg,True,True,False,full,0.3255000412464142,raowei
adaptive,jianghongbo,C:\Users\tahak\ogproject\adaptiveface\data\rmfd\AFDB_face_dataset\jianghongbo\1_0_jianghongbo_0127.jpg,False,True,False,full,0.46021872758865356,jianghongbo
adaptive,guojingjing,C:\Users\tahak\ogproject\adaptiveface\data\rmfd\AFDB_masked_face_dataset\guojingjing\0_0_4.jpg,True,True,True,upper,0.3996020555496216,huangxuan
adaptive,huangzhongkun,C:\Users\tahak\ogproject\adaptiveface\data\rmfd\AFDB_face_dataset\huangzhongkun\1_0_huangzhongkun_0117.jpg,False,True,False,full,0.5310254096984863,huangzhongkun
adaptive,zhangxueyou,C:\Users\tahak\ogproject\adaptiveface\data\rmfd\AFDB_masked_face_dataset\zhangxueyou\0_0_1.jpg,True,True,True,upper,0.3586169481277466,chenxiang
adaptive,huangxuan,C:\Users\tahak\ogproject\adaptiveface\data\rmfd\AFDB_face_dataset\huangxuan\1_0_huangxuan_0020.jpg,False,True,False,full,0.4895283877849579,huangxuan
adaptive,handongjun,C:\Users\tahak\ogproject\adaptiveface\data\rmfd\AFDB_face_dataset\handongjun\1_0_handongjun_0209.jpg,False,True,False,full,0.26148417592048645,zhangxueyou
adaptive,xiena,C:\Users\tahak\ogproject\adaptiveface\data\rmfd\AFDB_face_dataset\xiena\1_0_xiena_0233.jpg,False,True,False,full,0.2392403781414032,zhaoliying
adaptive,lvyi,C:\Users\tahak\ogproject\adaptiveface\data\rmfd\AFDB_masked_face_dataset\lvyi\0_0_0.png,True,True,True,upper,0.27402976155281067,jianghongbo
adaptive,caizhuoyan,C:\Users\tahak\ogproject\adaptiveface\data\rmfd\AFDB_face_dataset\caizhuoyan\1_0_caizhuoyan_0053.jpg,False,True,False,full,0.40106531977653503,caizhuoyan
adaptive,Sean_Patrick_Thomas,C:\Users\tahak\ogproject\adaptiveface\data\lfw\Sean_Patrick_Thomas\Sean_Patrick_Thomas_0001.jpg,False,False,False,full,0.12478426098823547,liuqianhan
adaptive,raowei,C:\Users\tahak\ogproject\adaptiveface\data\rmfd\AFDB_face_dataset\raowei\1_0_raowei_0019.jpg,False,True,False,full,0.31014835834503174,wulei
adaptive,jiangjinfu,C:\Users\tahak\ogproject\adaptiveface\data\rmfd\AFDB_face_dataset\jiangjinfu\1_0_jiangjinfu_0233.jpg,False,True,False,full,0.44162243604660034,jiangjinfu
adaptive,Michael_Chiklis,C:\Users\tahak\ogproject\adaptiveface\data\lfw\Michael_Chiklis\Michael_Chiklis_0003.jpg,False,False,False,full,0.16628411412239075,wuzhenyu
adaptive,Carlos_Moya,C:\Users\tahak\ogproject\adaptiveface\data\lfw\Carlos_Moya\Carlos_Moya_0018.jpg,False,False,False,full,0.12956160306930542,linjing
adaptive,maqiguang,C:\Users\tahak\ogproject\adaptiveface\data\rmfd\AFDB_masked_face_dataset\maqiguang\0_0_0.jpg,True,True,True,upper,0.3104954659938812,yinzheng
adaptive,zhanghuiwen,C:\Users\tahak\ogproject\adaptiveface\data\rmfd\AFDB_masked_face_dataset\zhanghuiwen\1_0_8.jpg,True,True,False,full,0.45390188694000244,zhanghuiwen
adaptive,gongbeibi,C:\Users\tahak\ogproject\adaptiveface\data\rmfd\AFDB_masked_face_dataset\gongbeibi\0_0_0.jpg,True,True,True,upper,0.3849877715110779,gongbeibi
adaptive,Terry_Lynn_Barton,C:\Users\tahak\ogproject\adaptiveface\data\lfw\Terry_Lynn_Barton\Terry_Lynn_Barton_0001.jpg,False,False,False,full,0.16887211799621582,xudongdong
adaptive,huangzitao,C:\Users\tahak\ogproject\adaptiveface\data\rmfd\AFDB_face_dataset\huangzitao\1_0_huangzitao_0117.jpg,False,True,False,full,0.5113412737846375,huangzitao
adaptive,yuyi,C:\Users\tahak\ogproject\adaptiveface\data\rmfd\AFDB_face_dataset\yuyi\1_0_yuyi_0040.jpg,False,True,False,full,0.6655364036560059,yuyi
adaptive,huojianhua,C:\Users\tahak\ogproject\adaptiveface\data\rmfd\AFDB_masked_face_dataset\huojianhua\0_1_26.jpg,True,True,True,upper,0.4175318777561188,huojianhua
adaptive,xuhao,C:\Users\tahak\ogproject\adaptiveface\data\rmfd\AFDB_face_dataset\xuhao\1_0_xuhao_0135.jpg,False,True,False,full,0.4498159885406494,xuhao
adaptive,zhangbinbin,C:\Users\tahak\ogproject\adaptiveface\data\rmfd\AFDB_masked_face_dataset\zhangbinbin\0_0_0.jpg,True,True,True,upper,0.3701174259185791,zhangbinbin
adaptive,huge,C:\Users\tahak\ogproject\adaptiveface\data\rmfd\AFDB_face_dataset\huge\1_0_huge_0004.jpg,False,True,False,full,0.5491290092468262,huge
adaptive,wangluodan,C:\Users\tahak\ogproject\adaptiveface\data\rmfd\AFDB_masked_face_dataset\wangluodan\0_0_14.jpg,True,True,True,upper,0.28934869170188904,wangluodan
adaptive,mali,C:\Users\tahak\ogproject\adaptiveface\data\rmfd\AFDB_face_dataset\mali\1_0_mali_0011.jpg,False,True,False,full,0.4187116026878357,mali
adaptive,liudehua,C:\Users\tahak\ogproject\adaptiveface\data\rmfd\AFDB_face_dataset\liudehua\0_0_liudehua_0095.jpg,False,True,False,full,0.4863346815109253,liudehua
adaptive,duwenze,C:\Users\tahak\ogproject\adaptiveface\data\rmfd\AFDB_face_dataset\duwenze\1_0_duwenze_0004.jpg,False,True,False,full,0.5651319026947021,duwenze
adaptive,Kellie_Coffey,C:\Users\tahak\ogproject\adaptiveface\data\lfw\Kellie_Coffey\Kellie_Coffey_0001.jpg,False,False,False,full,0.13865385949611664,zhangjingjing
adaptive,xiongnaijin,C:\Users\tahak\ogproject\adaptiveface\data\rmfd\AFDB_masked_face_dataset\xiongnaijin\0_0_2.jpg,True,True,True,upper,0.42405974864959717,zhaoliying
adaptive,fengjianyu,C:\Users\tahak\ogproject\adaptiveface\data\rmfd\AFDB_masked_face_dataset\fengjianyu\0_0_1.jpg,True,True,True,upper,0.27195000648498535,fengjianyu
adaptive,zhangdanfeng,C:\Users\tahak\ogproject\adaptiveface\data\rmfd\AFDB_face_dataset\zhangdanfeng\1_0_zhangdanfeng_0104.jpg,False,True,False,full,0.5644360184669495,zhangdanfeng
adaptive,xuhaiqiao,C:\Users\tahak\ogproject\adaptiveface\data\rmfd\AFDB_masked_face_dataset\xuhaiqiao\0_0_11.jpg,True,True,True,upper,0.2372918426990509,masichun
adaptive,fanwei,C:\Users\tahak\ogproject\adaptiveface\data\rmfd\AFDB_masked_face_dataset\fanwei\0_0_0.png,True,True,True,upper,0.381033718585968,fanwei
adaptive,wangluodan,C:\Users\tahak\ogproject\adaptiveface\data\rmfd\AFDB_face_dataset\wangluodan\1_0_wangluodan_0014.jpg,False,True,False,full,0.4463832974433899,wangluodan
adaptive,Nicanor_Duarte_Frutos,C:\Users\tahak\ogproject\adaptiveface\data\lfw\Nicanor_Duarte_Frutos\Nicanor_Duarte_Frutos_0003.jpg,False,False,False,full,0.1576332151889801,liudehua
adaptive,linjing,C:\Users\tahak\ogproject\adaptiveface\data\rmfd\AFDB_face_dataset\linjing\1_0_linjing_0106.jpg,False,True,False,full,0.3511609137058258,linjing
adaptive,duwenze,C:\Users\tahak\ogproject\adaptiveface\data\rmfd\AFDB_face_dataset\duwenze\1_0_duwenze_0071.jpg,False,True,False,full,0.4629119038581848,duwenze
adaptive,xietingfeng,C:\Users\tahak\ogproject\adaptiveface\data\rmfd\AFDB_face_dataset\xietingfeng\1_0_xietingfeng_0191.jpg,False,True,False,full,0.47315213084220886,xietingfeng
adaptive,Carlos_Lordkipanitse,C:\Users\tahak\ogproject\adaptiveface\data\lfw\Carlos_Lordkipanitse\Carlos_Lordkipanitse_0001.jpg,False,False,False,full,0.13344106078147888,gulinazha
adaptive,Duncan_Fletcher,C:\Users\tahak\ogproject\adaptiveface\data\lfw\Duncan_Fletcher\Duncan_Fletcher_0001.jpg,False,False,False,full,0.14291396737098694,lanyingying
adaptive,handongjun,C:\Users\tahak\ogproject\adaptiveface\data\rmfd\AFDB_masked_face_dataset\handongjun\0_0_1.png,True,True,True,upper,0.29011204838752747,lvjiarong
adaptive,benxi,C:\Users\tahak\ogproject\adaptiveface\data\rmfd\AFDB_face_dataset\benxi\1_0_benxi_0042.jpg,False,True,False,full,0.20570069551467896,xieanqi
adaptive,qinjunjie,C:\Users\tahak\ogproject\adaptiveface\data\rmfd\AFDB_masked_face_dataset\qinjunjie\0_0_5.jpg,True,True,True,upper,0.2942546010017395,lanyingying
adaptive,zhangjingjing,C:\Users\tahak\ogproject\adaptiveface\data\rmfd\AFDB_face_dataset\zhangjingjing\1_0_zhangjingjing_0006.jpg,False,True,False,full,0.24301713705062866,mowenwei
adaptive,xieanqi,C:\Users\tahak\ogproject\adaptiveface\data\rmfd\AFDB_face_dataset\xieanqi\1_0_xieanqi_0059.jpg,False,True,False,full,0.43353527784347534,xieanqi
adaptive,liuyifei,C:\Users\tahak\ogproject\adaptiveface\data\rmfd\AFDB_masked_face_dataset\liuyifei\1_0_1.jpg,True,True,True,upper,0.33243346214294434,xuhao
adaptive,huangxuan,C:\Users\tahak\ogproject\adaptiveface\data\rmfd\AFDB_face_dataset\huangxuan\1_0_huangxuan_0013.jpg,False,True,False,full,0.4980965256690979,huangxuan
adaptive,yumenglong,C:\Users\tahak\ogproject\adaptiveface\data\rmfd\AFDB_masked_face_dataset\yumenglong\0_0_2.jpg,True,True,True,upper,0.32722264528274536,lixiang
adaptive,Mark_Broxmeyer,C:\Users\tahak\ogproject\adaptiveface\data\lfw\Mark_Broxmeyer\Mark_Broxmeyer_0001.jpg,False,False,False,full,0.1563982367515564,wuzhenyu
adaptive,ruanjingtian,C:\Users\tahak\ogproject\adaptiveface\data\rmfd\AFDB_face_dataset\ruanjingtian\1_0_ruanjingtian_0125.jpg,False,True,False,full,0.5374565124511719,ruanjingtian
adaptive,gutianle,C:\Users\tahak\ogproject\adaptiveface\data\rmfd\AFDB_face_dataset\gutianle\1_0_gutianle_0053.jpg,False,True,False,full,0.5873628854751587,gutianle
adaptive,Bernard_Landry,C:\Users\tahak\ogproject\adaptiveface\data\lfw\Bernard_Landry\Bernard_Landry_0001.jpg,False,False,False,full,0.12467670440673828,shaofeng
adaptive,chenyi,C:\Users\tahak\ogproject\adaptiveface\data\rmfd\AFDB_face_dataset\chenyi\1_0_chenyi_0050.jpg,False,True,False,full,0.4763376712799072,chenyi
adaptive,zhangzifeng,C:\Users\tahak\ogproject\adaptiveface\data\rmfd\AFDB_face_dataset\zhangzifeng\1_0_zhangzifeng_0074.jpg,False,True,False,full,0.22184720635414124,zhangxueying
adaptive,Carlos_Moya,C:\Users\tahak\ogproject\adaptiveface\data\lfw\Carlos_Moya\Carlos_Moya_0014.jpg,False,False,False,full,0.12056528776884079,lianghanwen
adaptive,xiena,C:\Users\tahak\ogproject\adaptiveface\data\rmfd\AFDB_masked_face_dataset\xiena\1_1_1.jpg,True,True,False,full,0.2024412751197815,yangqianhua
adaptive,xiaozhan,C:\Users\tahak\ogproject\adaptiveface\data\rmfd\AFDB_face_dataset\xiaozhan\1_0_xiaozhan_0156.jpg,False,True,False,full,0.5045424699783325,xiaozhan
adaptive,hejiong,C:\Users\tahak\ogproject\adaptiveface\data\rmfd\AFDB_masked_face_dataset\hejiong\0_0_1.jpg,True,True,False,full,0.1798364818096161,yinzheng
adaptive,matianyu,C:\Users\tahak\ogproject\adaptiveface\data\rmfd\AFDB_face_dataset\matianyu\1_0_matianyu_0153.jpg,False,True,False,full,0.4030877351760864,matianyu
adaptive,zhangbo,C:\Users\tahak\ogproject\adaptiveface\data\rmfd\AFDB_face_dataset\zhangbo\1_0_zhangbo_0195.jpg,False,True,False,full,0.3906756043434143,zhangbo
adaptive,Shania_Twain,C:\Users\tahak\ogproject\adaptiveface\data\lfw\Shania_Twain\Shania_Twain_0001.jpg,False,False,False,full,0.1693124920129776,chenkun
adaptive,xietingfeng,C:\Users\tahak\ogproject\adaptiveface\data\rmfd\AFDB_face_dataset\xietingfeng\1_0_xietingfeng_0155.jpg,False,True,False,full,0.6884477138519287,xietingfeng
adaptive,songqian,C:\Users\tahak\ogproject\adaptiveface\data\rmfd\AFDB_face_dataset\songqian\1_0_songqian_0200.jpg,False,True,False,full,0.22068531811237335,caiyilin
adaptive,jiangkaitong,C:\Users\tahak\ogproject\adaptiveface\data\rmfd\AFDB_face_dataset\jiangkaitong\1_0_jiangkaitong_0082.jpg,False,True,False,full,0.3486769199371338,jiangkaitong
adaptive,Nicanor_Duarte_Frutos,C:\Users\tahak\ogproject\adaptiveface\data\lfw\Nicanor_Duarte_Frutos\Nicanor_Duarte_Frutos_0006.jpg,False,False,False,full,0.17735958099365234,liuruilin
adaptive,huangbo,C:\Users\tahak\ogproject\adaptiveface\data\rmfd\AFDB_face_dataset\huangbo\1_0_huangbo_0110.jpg,False,True,False,full,0.5209176540374756,huangbo
adaptive,huangrihua,C:\Users\tahak\ogproject\adaptiveface\data\rmfd\AFDB_masked_face_dataset\huangrihua\0_0_5.jpg,True,True,True,upper,0.2751125693321228,huangbo
adaptive,shenmengchen,C:\Users\tahak\ogproject\adaptiveface\data\rmfd\AFDB_face_dataset\shenmengchen\1_0_shenmengchen_0108.jpg,False,True,False,full,0.5617316961288452,shenmengchen
adaptive,songxiaobo,C:\Users\tahak\ogproject\adaptiveface\data\rmfd\AFDB_face_dataset\songxiaobo\1_0_songxiaobo_0198.jpg,False,True,False,full,0.2089955359697342,gongbeibi
adaptive,xiena,C:\Users\tahak\ogproject\adaptiveface\data\rmfd\AFDB_face_dataset\xiena\1_0_xiena_0017.jpg,False,True,False,full,0.27642250061035156,zhanghanyun
adaptive,tongkeke,C:\Users\tahak\ogproject\adaptiveface\data\rmfd\AFDB_face_dataset\tongkeke\0_0_tongkeke_0188.jpg,False,True,False,full,0.21395941078662872,tongkeke
adaptive,Nicanor_Duarte_Frutos,C:\Users\tahak\ogproject\adaptiveface\data\lfw\Nicanor_Duarte_Frutos\Nicanor_Duarte_Frutos_0005.jpg,False,False,False,full,0.15322938561439514,liudehua
adaptive,Mark_Hurlbert,C:\Users\tahak\ogproject\adaptiveface\data\lfw\Mark_Hurlbert\Mark_Hurlbert_0004.jpg,False,False,False,full,0.11198493093252182,liyifeng
adaptive,Virgina_Ruano_Pascal,C:\Users\tahak\ogproject\adaptiveface\data\lfw\Virgina_Ruano_Pascal\Virgina_Ruano_Pascal_0001.jpg,False,False,False,full,0.17315170168876648,caizhuoyan
adaptive,gulinazha,C:\Users\tahak\ogproject\adaptiveface\data\rmfd\AFDB_masked_face_dataset\gulinazha\0_0_1.jpg,True,True,True,upper,0.3457784056663513,yeyiqian
adaptive,xuhaiqiao,C:\Users\tahak\ogproject\adaptiveface\data\rmfd\AFDB_face_dataset\xuhaiqiao\1_0_xuhaiqiao_0103.jpg,False,True,False,full,0.277693510055542,raowei
adaptive,Michael_Phelps,C:\Users\tahak\ogproject\adaptiveface\data\lfw\Michael_Phelps\Michael_Phelps_0005.jpg,False,False,False,full,0.12040617316961288,zhourunfa
adaptive,licaihua,C:\Users\tahak\ogproject\adaptiveface\data\rmfd\AFDB_face_dataset\licaihua\1_0_licaihua_0188.jpg,False,True,False,full,0.44992348551750183,licaihua
adaptive,masichun,C:\Users\tahak\ogproject\adaptiveface\data\rmfd\AFDB_face_dataset\masichun\1_0_masichun_0135.jpg,False,True,False,full,0.2840648591518402,huojianhua
adaptive,xieanqi,C:\Users\tahak\ogproject\adaptiveface\data\rmfd\AFDB_masked_face_dataset\xieanqi\0_0_2.jpg,True,True,True,upper,0.4086649417877197,shenmengchen
adaptive,Pete_Rose,C:\Users\tahak\ogproject\adaptiveface\data\lfw\Pete_Rose\Pete_Rose_0001.jpg,False,False,False,full,0.11208261549472809,wulei
adaptive,gutianle,C:\Users\tahak\ogproject\adaptiveface\data\rmfd\AFDB_masked_face_dataset\gutianle\0_0_17.jpg,True,True,False,full,0.3299703598022461,gutianle
adaptive,zhangliangying,C:\Users\tahak\ogproject\adaptiveface\data\rmfd\AFDB_face_dataset\zhangliangying\1_0_zhangliangying_0140.jpg,False,True,False,full,0.3196062445640564,zhangliangying
adaptive,yinengjing,C:\Users\tahak\ogproject\adaptiveface\data\rmfd\AFDB_face_dataset\yinengjing\1_0_yinengjing_0099.jpg,False,True,False,full,0.3352855443954468,yinengjing
adaptive,lanyingying,C:\Users\tahak\ogproject\adaptiveface\data\rmfd\AFDB_face_dataset\lanyingying\0_0_lanyingying_0156.jpg,False,True,False,full,0.3662307560443878,lanyingying
adaptive,liuruilin,C:\Users\tahak\ogproject\adaptiveface\data\rmfd\AFDB_masked_face_dataset\liuruilin\0_0_4.jpg,True,True,True,upper,0.3668009042739868,wangluodan
adaptive,zhangbo,C:\Users\tahak\ogproject\adaptiveface\data\rmfd\AFDB_masked_face_dataset\zhangbo\0_0_1.jpg,True,True,True,upper,0.40600496530532837,xiaozhan
adaptive,zhangluyi,C:\Users\tahak\ogproject\adaptiveface\data\rmfd\AFDB_masked_face_dataset\zhangluyi\0_0_3.png,True,True,True,upper,0.558059811592102,zhangluyi
adaptive,mali,C:\Users\tahak\ogproject\adaptiveface\data\rmfd\AFDB_face_dataset\mali\1_0_mali_0040.jpg,False,True,False,full,0.48796847462654114,mali
adaptive,panyueming,C:\Users\tahak\ogproject\adaptiveface\data\rmfd\AFDB_masked_face_dataset\panyueming\0_0_25.jpg,True,True,False,full,0.2109713852405548,xuzheng
adaptive,Eliane_Karp,C:\Users\tahak\ogproject\adaptiveface\data\lfw\Eliane_Karp\Eliane_Karp_0003.jpg,False,False,False,full,0.13163940608501434,yangzi
adaptive,liuxiang,C:\Users\tahak\ogproject\adaptiveface\data\rmfd\AFDB_masked_face_dataset\liuxiang\0_0_3.jpg,True,True,False,full,0.3272807002067566,liuxiang
adaptive,Stephen_Glassroth,C:\Users\tahak\ogproject\adaptiveface\data\lfw\Stephen_Glassroth\Stephen_Glassroth_0001.jpg,False,False,False,full,0.12560632824897766,huangzhongkun
adaptive,xuxidi,C:\Users\tahak\ogproject\adaptiveface\data\rmfd\AFDB_masked_face_dataset\xuxidi\1_0_19.jpg,True,True,True,upper,0.32994216680526733,chenfarong
adaptive,benxi,C:\Users\tahak\ogproject\adaptiveface\data\rmfd\AFDB_masked_face_dataset\benxi\0_0_27.jpg,True,True,True,upper,0.39107203483581543,xieanqi
adaptive,zhourunfa,C:\Users\tahak\ogproject\adaptiveface\data\rmfd\AFDB_face_dataset\zhourunfa\1_0_zhourunfa_0098.jpg,False,True,False,full,0.45579975843429565,zhourunfa
adaptive,tangwei,C:\Users\tahak\ogproject\adaptiveface\data\rmfd\AFDB_masked_face_dataset\tangwei\0_0_11.jpg,True,True,True,upper,0.2632066607475281,yangzi
adaptive,ruanjingtian,C:\Users\tahak\ogproject\adaptiveface\data\rmfd\AFDB_masked_face_dataset\ruanjingtian\0_0_0.jpg,True,True,True,upper,0.4978483319282532,ruanjingtian
adaptive,huangxiaoming,C:\Users\tahak\ogproject\adaptiveface\data\rmfd\AFDB_masked_face_dataset\huangxiaoming\0_0_1.jpg,True,True,True,upper,0.24760568141937256,huangxiaoming
adaptive,yangzi,C:\Users\tahak\ogproject\adaptiveface\data\rmfd\AFDB_masked_face_dataset\yangzi\0_0_23.jpg,True,True,True,upper,0.3788365125656128,lanyingying
adaptive,Sanjay_Chawla,C:\Users\tahak\ogproject\adaptiveface\data\lfw\Sanjay_Chawla\Sanjay_Chawla_0001.jpg,False,False,False,full,0.14494511485099792,zhangjingjing
adaptive,Intisar_Ajouri,C:\Users\tahak\ogproject\adaptiveface\data\lfw\Intisar_Ajouri\Intisar_Ajouri_0001.jpg,False,False,False,full,0.17547035217285156,hejiong
adaptive,chenjiaqi,C:\Users\tahak\ogproject\adaptiveface\data\rmfd\AFDB_face_dataset\chenjiaqi\0_0_chenjiaqi_0004.jpg,False,True,False,full,0.34654295444488525,chenjiaqi
adaptive,lufangsheng,C:\Users\tahak\ogproject\adaptiveface\data\rmfd\AFDB_face_dataset\lufangsheng\1_0_lufangsheng_0161.jpg,False,True,False,full,0.5323702096939087,lufangsheng
adaptive,Clint_Howard,C:\Users\tahak\ogproject\adaptiveface\data\lfw\Clint_Howard\Clint_Howard_0001.jpg,False,False,False,full,0.14181968569755554,zhaoliying
adaptive,shenmengchen,C:\Users\tahak\ogproject\adaptiveface\data\rmfd\AFDB_face_dataset\shenmengchen\1_0_shenmengchen_0082.jpg,False,True,False,full,0.3103978931903839,shenmengchen
adaptive,Michael_Chiklis,C:\Users\tahak\ogproject\adaptiveface\data\lfw\Michael_Chiklis\Michael_Chiklis_0002.jpg,False,False,False,full,0.16503965854644775,maqiguang
adaptive,daipeini,C:\Users\tahak\ogproject\adaptiveface\data\rmfd\AFDB_face_dataset\daipeini\1_0_daipeini_0065.jpg,False,True,False,full,0.4824058413505554,daipeini
adaptive,caobingkun,C:\Users\tahak\ogproject\adaptiveface\data\rmfd\AFDB_masked_face_dataset\caobingkun\0_0_15.jpg,True,True,True,upper,0.3050385117530823,caobingkun
adaptive,guojingfei,C:\Users\tahak\ogproject\adaptiveface\data\rmfd\AFDB_face_dataset\guojingfei\1_0_guojingfei_0087.jpg,False,True,False,full,0.42916756868362427,guojingfei
adaptive,wangkai,C:\Users\tahak\ogproject\adaptiveface\data\rmfd\AFDB_masked_face_dataset\wangkai\0_0_1.jpg,True,True,True,upper,0.4902377128601074,wangkai
adaptive,yuyi,C:\Users\tahak\ogproject\adaptiveface\data\rmfd\AFDB_masked_face_dataset\yuyi\0_0_2.png,True,True,True,upper,0.5486831665039062,yuyi
adaptive,zhangguoli,C:\Users\tahak\ogproject\adaptiveface\data\rmfd\AFDB_masked_face_dataset\zhangguoli\0_0_1.jpg,True,True,False,full,0.2218267321586609,liyapeng
adaptive,zhangyi,C:\Users\tahak\ogproject\adaptiveface\data\rmfd\AFDB_face_dataset\zhangyi\1_0_zhangyi_0008.jpg,False,True,False,full,0.43582165241241455,zhangyi
adaptive,masichun,C:\Users\tahak\ogproject\adaptiveface\data\rmfd\AFDB_masked_face_dataset\masichun\0_0_2.png,True,True,True,upper,0.3430313169956207,masichun
adaptive,James_Phelps,C:\Users\tahak\ogproject\adaptiveface\data\lfw\James_Phelps\James_Phelps_0001.jpg,False,False,False,full,0.1388305425643921,chenxiang
adaptive,xudongdong,C:\Users\tahak\ogproject\adaptiveface\data\rmfd\AFDB_masked_face_dataset\xudongdong\0_0_1.jpg,True,True,False,full,0.28328877687454224,xudongdong
adaptive,liyifeng,C:\Users\tahak\ogproject\adaptiveface\data\rmfd\AFDB_face_dataset\liyifeng\1_0_liyifeng_0006.jpg,False,True,False,full,0.49404603242874146,liyifeng
adaptive,wangluodan,C:\Users\tahak\ogproject\adaptiveface\data\rmfd\AFDB_masked_face_dataset\wangluodan\0_0_2.jpg,True,True,True,upper,0.3113904893398285,wangluodan
adaptive,Lane_Odom,C:\Users\tahak\ogproject\adaptiveface\data\lfw\Lane_Odom\Lane_Odom_0001.jpg,False,False,False,full,0.13464659452438354,maoxiaotong
adaptive,dazhangwei,C:\Users\tahak\ogproject\adaptiveface\data\rmfd\AFDB_masked_face_dataset\dazhangwei\1_0_21.jpg,True,True,True,upper,0.39796435832977295,wangyuan
adaptive,songqian,C:\Users\tahak\ogproject\adaptiveface\data\rmfd\AFDB_face_dataset\songqian\1_0_songqian_0240.jpg,False,True,False,full,0.23982658982276917,songqian
adaptive,Tyra_Banks,C:\Users\tahak\ogproject\adaptiveface\data\lfw\Tyra_Banks\Tyra_Banks_0001.jpg,False,False,False,full,0.18639197945594788,yeyiqian
adaptive,huozun,C:\Users\tahak\ogproject\adaptiveface\data\rmfd\AFDB_face_dataset\huozun\1_0_huozun_0205.jpg,False,True,False,full,0.5055413842201233,huozun
adaptive,masu,C:\Users\tahak\ogproject\adaptiveface\data\rmfd\AFDB_face_dataset\masu\1_0_masu_0152.jpg,False,True,False,full,0.3462200164794922,masu
adaptive,zhangxinyu,C:\Users\tahak\ogproject\adaptiveface\data\rmfd\AFDB_face_dataset\zhangxinyu\1_0_zhangxinyu_0102.jpg,False,True,False,full,0.26162010431289673,lanyingying
adaptive,Collis_Temple_III,C:\Users\tahak\ogproject\adaptiveface\data\lfw\Collis_Temple_III\Collis_Temple_III_0001.jpg,False,False,False,full,0.09280144423246384,wangyuan
adaptive,yangqianhua,C:\Users\tahak\ogproject\adaptiveface\data\rmfd\AFDB_face_dataset\yangqianhua\1_0_yangqianhua_0046.jpg,False,True,False,full,0.5121970176696777,yangqianhua
adaptive,liuye,C:\Users\tahak\ogproject\adaptiveface\data\rmfd\AFDB_face_dataset\liuye\1_0_liuye_0039.jpg,False,True,False,full,0.569449782371521,liuye
adaptive,David_Rivkin_Jr,C:\Users\tahak\ogproject\adaptiveface\data\lfw\David_Rivkin_Jr\David_Rivkin_Jr_0001.jpg,False,False,False,full,0.14799070358276367,tangwei
adaptive,wuzhenyu,C:\Users\tahak\ogproject\adaptiveface\data\rmfd\AFDB_face_dataset\wuzhenyu\0_0_wuzhenyu_0138.jpg,False,True,False,full,0.7055999040603638,wuzhenyu
adaptive,Mark_Hurlbert,C:\Users\tahak\ogproject\adaptiveface\data\lfw\Mark_Hurlbert\Mark_Hurlbert_0001.jpg,False,False,False,full,0.12141865491867065,chenyi
adaptive,yeyiqian,C:\Users\tahak\ogproject\adaptiveface\data\rmfd\AFDB_face_dataset\yeyiqian\0_0_yeyiqian_0155.jpg,False,True,False,full,0.39791691303253174,yeyiqian
adaptive,huozun,C:\Users\tahak\ogproject\adaptiveface\data\rmfd\AFDB_face_dataset\huozun\1_0_huozun_0172.jpg,False,True,False,full,0.41543155908584595,huozun
adaptive,Bernard_Law,C:\Users\tahak\ogproject\adaptiveface\data\lfw\Bernard_Law\Bernard_Law_0002.jpg,False,False,False,full,0.12316510081291199,raowei
adaptive,Martha_Lucia_Ramirez,C:\Users\tahak\ogproject\adaptiveface\data\lfw\Martha_Lucia_Ramirez\Martha_Lucia_Ramirez_0004.jpg,False,False,False,full,0.12160826474428177,lixiang
adaptive,zhourunfa,C:\Users\tahak\ogproject\adaptiveface\data\rmfd\AFDB_face_dataset\zhourunfa\0_0_zhourunfa_0148.jpg,False,True,False,full,0.5321828126907349,zhourunfa
adaptive,yanyikuan,C:\Users\tahak\ogproject\adaptiveface\data\rmfd\AFDB_face_dataset\yanyikuan\1_0_yanyikuan_0142.jpg,False,True,False,full,0.4179530143737793,yanyikuan
adaptive,gongbeibi,C:\Users\tahak\ogproject\adaptiveface\data\rmfd\AFDB_face_dataset\gongbeibi\1_0_gongbeibi_0179.jpg,False,True,False,full,0.4774118661880493,gongbeibi
adaptive,zhuowenxuan,C:\Users\tahak\ogproject\adaptiveface\data\rmfd\AFDB_face_dataset\zhuowenxuan\1_0_zhuowenxuan_0053.jpg,False,True,False,full,0.5717974901199341,zhuowenxuan
adaptive,xuezhiqian,C:\Users\tahak\ogproject\adaptiveface\data\rmfd\AFDB_masked_face_dataset\xuezhiqian\0_0_2.jpg,True,True,True,upper,0.2471664845943451,qiuze
adaptive,Eliane_Karp,C:\Users\tahak\ogproject\adaptiveface\data\lfw\Eliane_Karp\Eliane_Karp_0002.jpg,False,False,False,full,0.13688822090625763,jiangjinfu
adaptive,mowenwei,C:\Users\tahak\ogproject\adaptiveface\data\rmfd\AFDB_masked_face_dataset\mowenwei\0_0_7.jpg,True,True,True,upper,0.25461992621421814,mowenwei
adaptive,caiguoqing,C:\Users\tahak\ogproject\adaptiveface\data\rmfd\AFDB_face_dataset\caiguoqing\1_0_caiguoqing_0039.jpg,False,True,False,full,0.5752897262573242,caiguoqing
adaptive,zhuowenxuan,C:\Users\tahak\ogproject\adaptiveface\data\rmfd\AFDB_masked_face_dataset\zhuowenxuan\0_0_0.jpg,True,True,True,upper,0.2464609146118164,zhangyi
adaptive,jianailiang,C:\Users\tahak\ogproject\adaptiveface\data\rmfd\AFDB_face_dataset\jianailiang\1_0_jianailiang_0043.jpg,False,True,False,full,0.26329705119132996,chenkun
adaptive,tanweiwei,C:\Users\tahak\ogproject\adaptiveface\data\rmfd\AFDB_face_dataset\tanweiwei\1_0_tanweiwei_0020.jpg,False,True,False,full,0.2743765413761139,tanweiwei
adaptive,yinzheng,C:\Users\tahak\ogproject\adaptiveface\data\rmfd\AFDB_face_dataset\yinzheng\1_0_yinzheng_0046.jpg,False,True,False,full,0.508796215057373,yinzheng
adaptive,ruanjingtian,C:\Users\tahak\ogproject\adaptiveface\data\rmfd\AFDB_face_dataset\ruanjingtian\0_0_ruanjingtian_0052.jpg,False,True,False,full,0.517296314239502,ruanjingtian
adaptive,jiangkaitong,C:\Users\tahak\ogproject\adaptiveface\data\rmfd\AFDB_face_dataset\jiangkaitong\1_0_jiangkaitong_0206.jpg,False,True,False,full,0.29523831605911255,jiangkaitong
adaptive,zhangtianai,C:\Users\tahak\ogproject\adaptiveface\data\rmfd\AFDB_face_dataset\zhangtianai\1_0_zhangtianai_0168.jpg,False,True,False,full,0.40002256631851196,zhangtianai
adaptive,xiongnaijin,C:\Users\tahak\ogproject\adaptiveface\data\rmfd\AFDB_face_dataset\xiongnaijin\1_0_xiongnaijin_0201.jpg,False,True,False,full,0.37855401635169983,shenmengchen
adaptive,xinzhilei,C:\Users\tahak\ogproject\adaptiveface\data\rmfd\AFDB_face_dataset\xinzhilei\0_0_xinzhilei_0064.jpg,False,True,False,full,0.48127424716949463,xinzhilei
adaptive,linyichen,C:\Users\tahak\ogproject\adaptiveface\data\rmfd\AFDB_face_dataset\linyichen\1_0_linyichen_0222.jpg,False,True,False,full,0.22277048230171204,zhaoliying
adaptive,huangzhongkun,C:\Users\tahak\ogproject\adaptiveface\data\rmfd\AFDB_face_dataset\huangzhongkun\1_0_huangzhongkun_0046.jpg,False,True,False,full,0.5966377258300781,huangzhongkun
adaptive,chenyi,C:\Users\tahak\ogproject\adaptiveface\data\rmfd\AFDB_masked_face_dataset\chenyi\0_0_0.jpg,True,True,True,upper,0.4331594705581665,chenyi
adaptive,sunyizhou,C:\Users\tahak\ogproject\adaptiveface\data\rmfd\AFDB_masked_face_dataset\sunyizhou\1_0_0.jpg,True,True,False,full,0.23739677667617798,sunyizhou
adaptive,caizhuoyan,C:\Users\tahak\ogproject\adaptiveface\data\rmfd\AFDB_masked_face_dataset\caizhuoyan\1_0_14.jpg,True,True,True,upper,0.3449746370315552,jianghongbo
adaptive,wangqing,C:\Users\tahak\ogproject\adaptiveface\data\rmfd\AFDB_masked_face_dataset\wangqing\0_0_8.jpg,True,True,True,upper,0.39314574003219604,wangqing
adaptive,Carlos_Moya,C:\Users\tahak\ogproject\adaptiveface\data\lfw\Carlos_Moya\Carlos_Moya_0004.jpg,False,False,False,full,0.14978334307670593,lianghanwen
adaptive,liushishi,C:\Users\tahak\ogproject\adaptiveface\data\rmfd\AFDB_masked_face_dataset\liushishi\0_0_3.jpg,True,True,True,upper,0.29703325033187866,liuyifei
adaptive,zhaoliying,C:\Users\tahak\ogproject\adaptiveface\data\rmfd\AFDB_masked_face_dataset\zhaoliying\0_0_12.jpg,True,True,True,upper,0.35692906379699707,masichun
adaptive,yangqianhua,C:\Users\tahak\ogproject\adaptiveface\data\rmfd\AFDB_face_dataset\yangqianhua\1_0_yangqianhua_0047.jpg,False,True,False,full,0.43399232625961304,yangqianhua
adaptive,raowei,C:\Users\tahak\ogproject\adaptiveface\data\rmfd\AFDB_masked_face_dataset\raowei\0_0_1.jpg,True,True,True,upper,0.3265693783760071,qiuze
adaptive,lixiang,C:\Users\tahak\ogproject\adaptiveface\data\rmfd\AFDB_face_dataset\lixiang\1_0_lixiang_0157.jpg,False,True,False,full,0.24028626084327698,lixiang
adaptive,zhangdanfeng,C:\Users\tahak\ogproject\adaptiveface\data\rmfd\AFDB_face_dataset\zhangdanfeng\1_0_zhangdanfeng_0074.jpg,False,True,False,full,0.4440981447696686,zhangdanfeng
adaptive,Rod_Thorn,C:\Users\tahak\ogproject\adaptiveface\data\lfw\Rod_Thorn\Rod_Thorn_0001.jpg,False,False,False,full,0.10008226335048676,caizhuoyan
adaptive,chenxiang,C:\Users\tahak\ogproject\adaptiveface\data\rmfd\AFDB_masked_face_dataset\chenxiang\0_0_4.jpg,True,True,True,upper,0.33776432275772095,wangluodan
adaptive,pengjing,C:\Users\tahak\ogproject\adaptiveface\data\rmfd\AFDB_face_dataset\pengjing\1_0_pengjing_0013.jpg,False,True,False,full,0.2804647386074066,xiongnaijin
adaptive,qinjunjie,C:\Users\tahak\ogproject\adaptiveface\data\rmfd\AFDB_face_dataset\qinjunjie\0_0_qinjunjie_0130.jpg,False,True,False,full,0.39396101236343384,qinjunjie
adaptive,huangrihua,C:\Users\tahak\ogproject\adaptiveface\data\rmfd\AFDB_face_dataset\huangrihua\1_0_huangrihua_0073.jpg,False,True,False,full,0.5532026290893555,huangrihua
adaptive,yumenglong,C:\Users\tahak\ogproject\adaptiveface\data\rmfd\AFDB_masked_face_dataset\yumenglong\0_0_0.jpg,True,True,True,upper,0.30841392278671265,yumenglong
adaptive,maqiguang,C:\Users\tahak\ogproject\adaptiveface\data\rmfd\AFDB_masked_face_dataset\maqiguang\0_0_1.jpg,True,True,True,upper,0.48209869861602783,maqiguang
adaptive,huge,C:\Users\tahak\ogproject\adaptiveface\data\rmfd\AFDB_face_dataset\huge\1_0_huge_0082.jpg,False,True,False,full,0.5163528919219971,huge
adaptive,liuye,C:\Users\tahak\ogproject\adaptiveface\data\rmfd\AFDB_face_dataset\liuye\1_0_liuye_0103.jpg,False,True,False,full,0.6312289237976074,liuye
adaptive,yangqianhua,C:\Users\tahak\ogproject\adaptiveface\data\rmfd\AFDB_masked_face_dataset\yangqianhua\1_0_0.jpg,True,True,True,upper,0.22760197520256042,wangyuan
adaptive,zhanghanyun,C:\Users\tahak\ogproject\adaptiveface\data\rmfd\AFDB_face_dataset\zhanghanyun\1_0_zhanghanyun_0260.jpg,False,True,False,full,0.37761712074279785,zhanghanyun
adaptive,wangqing,C:\Users\tahak\ogproject\adaptiveface\data\rmfd\AFDB_face_dataset\wangqing\1_0_wangqing_0067.jpg,False,True,False,full,0.17032331228256226,xuxidi
adaptive,Mark_Hurlbert,C:\Users\tahak\ogproject\adaptiveface\data\lfw\Mark_Hurlbert\Mark_Hurlbert_0005.jpg,False,False,False,full,0.08059798926115036,zhangzifeng
adaptive,wangou,C:\Users\tahak\ogproject\adaptiveface\data\rmfd\AFDB_masked_face_dataset\wangou\0_0_16.jpg,True,True,True,upper,0.2665155529975891,lixirui
adaptive,yangqianhua,C:\Users\tahak\ogproject\adaptiveface\data\rmfd\AFDB_masked_face_dataset\yangqianhua\0_0_2.jpg,True,True,True,upper,0.3547288775444031,zhaoyazhi
adaptive,xudongdong,C:\Users\tahak\ogproject\adaptiveface\data\rmfd\AFDB_masked_face_dataset\xudongdong\0_0_0.jpg,True,True,True,upper,0.2851604223251343,chenxiang
adaptive,zhengyecheng,C:\Users\tahak\ogproject\adaptiveface\data\rmfd\AFDB_face_dataset\zhengyecheng\1_0_zhengyecheng_0129.jpg,False,True,False,full,0.61100172996521,zhengyecheng
adaptive,Carlos_Moya,C:\Users\tahak\ogproject\adaptiveface\data\lfw\Carlos_Moya\Carlos_Moya_0017.jpg,False,False,False,full,0.1129864901304245,gongbeibi
adaptive,liudehua,C:\Users\tahak\ogproject\adaptiveface\data\rmfd\AFDB_face_dataset\liudehua\1_0_liudehua_0238.jpg,False,True,False,full,0.3992358446121216,liudehua
adaptive,Carlos_Moya,C:\Users\tahak\ogproject\adaptiveface\data\lfw\Carlos_Moya\Carlos_Moya_0005.jpg,False,False,False,full,0.1606096476316452,wangqing
adaptive,Dereck_Whittenburg,C:\Users\tahak\ogproject\adaptiveface\data\lfw\Dereck_Whittenburg\Dereck_Whittenburg_0001.jpg,False,False,False,full,0.2169945240020752,yuyi
adaptive,zhuowenxuan,C:\Users\tahak\ogproject\adaptiveface\data\rmfd\AFDB_face_dataset\zhuowenxuan\0_0_zhuowenxuan_0046.jpg,False,True,False,full,0.3138153553009033,zhuowenxuan
adaptive,Billy_Sollie,C:\Users\tahak\ogproject\adaptiveface\data\lfw\Billy_Sollie\Billy_Sollie_0001.jpg,False,False,False,full,0.15744943916797638,hanqingzi
adaptive,huangrihua,C:\Users\tahak\ogproject\adaptiveface\data\rmfd\AFDB_face_dataset\huangrihua\1_0_huangrihua_0019.jpg,False,True,False,full,0.6806657314300537,huangrihua
adaptive,handongjun,C:\Users\tahak\ogproject\adaptiveface\data\rmfd\AFDB_face_dataset\handongjun\1_0_handongjun_0032.jpg,False,True,False,full,0.267425537109375,maqiguang
adaptive,zhangzifeng,C:\Users\tahak\ogproject\adaptiveface\data\rmfd\AFDB_face_dataset\zhangzifeng\1_0_zhangzifeng_0126.jpg,False,True,False,full,0.519951581954956,zhangzifeng
adaptive,lufangsheng,C:\Users\tahak\ogproject\adaptiveface\data\rmfd\AFDB_face_dataset\lufangsheng\1_0_lufangsheng_0194.jpg,False,True,False,full,0.5386401414871216,lufangsheng
adaptive,zhourunfa,C:\Users\tahak\ogproject\adaptiveface\data\rmfd\AFDB_masked_face_dataset\zhourunfa\0_0_3.jpg,True,True,True,upper,0.2890140116214752,xuzheng
adaptive,chenkun,C:\Users\tahak\ogproject\adaptiveface\data\rmfd\AFDB_face_dataset\chenkun\1_0_chenkun_0056.jpg,False,True,False,full,0.3908148407936096,chenkun
adaptive,chenkun,C:\Users\tahak\ogproject\adaptiveface\data\rmfd\AFDB_masked_face_dataset\chenkun\0_0_10.jpg,True,True,True,upper,0.2429313063621521,jiangkaitong
adaptive,wangkai,C:\Users\tahak\ogproject\adaptiveface\data\rmfd\AFDB_face_dataset\wangkai\1_0_wangkai_0109.jpg,False,True,False,full,0.45528703927993774,wangkai
adaptive,jiangyiyi,C:\Users\tahak\ogproject\adaptiveface\data\rmfd\AFDB_masked_face_dataset\jiangyiyi\0_0_0.jpg,True,True,True,upper,0.41112539172172546,zhangxueying
adaptive,yangzi,C:\Users\tahak\ogproject\adaptiveface\data\rmfd\AFDB_face_dataset\yangzi\1_0_yangzi_0181.jpg,False,True,False,full,0.5050724744796753,yangzi
adaptive,caizhuoyan,C:\Users\tahak\ogproject\adaptiveface\data\rmfd\AFDB_masked_face_dataset\caizhuoyan\0_0_1.jpg,True,True,True,upper,0.44595131278038025,jianghongbo
adaptive,weidaxun,C:\Users\tahak\ogproject\adaptiveface\data\rmfd\AFDB_face_dataset\weidaxun\0_0_weidaxun_0154.jpg,False,True,False,full,0.2879401445388794,weidaxun
adaptive,linyuan,C:\Users\tahak\ogproject\adaptiveface\data\rmfd\AFDB_face_dataset\linyuan\1_0_linyuan_0085.jpg,False,True,False,full,0.3335411846637726,linyuan
adaptive,zhengkai,C:\Users\tahak\ogproject\adaptiveface\data\rmfd\AFDB_face_dataset\zhengkai\1_0_zhengkai_0174.jpg,False,True,False,full,0.2068430483341217,liuruilin
adaptive,zhaoyazhi,C:\Users\tahak\ogproject\adaptiveface\data\rmfd\AFDB_masked_face_dataset\zhaoyazhi\0_0_0.jpg,True,True,True,upper,0.40959784388542175,yeyiqian
adaptive,Stephane_Rousseau,C:\Users\tahak\ogproject\adaptiveface\data\lfw\Stephane_Rousseau\Stephane_Rousseau_0001.jpg,False,False,False,full,0.12354396283626556,zhangtianai
adaptive,zhaoliying,C:\Users\tahak\ogproject\adaptiveface\data\rmfd\AFDB_face_dataset\zhaoliying\1_0_zhaoliying_0057.jpg,False,True,False,full,0.44209936261177063,zhaoliying
adaptive,Zoran_Djindjic,C:\Users\tahak\ogproject\adaptiveface\data\lfw\Zoran_Djindjic\Zoran_Djindjic_0002.jpg,False,False,False,full,0.10249555110931396,yinzheng
adaptive,xuezhiqian,C:\Users\tahak\ogproject\adaptiveface\data\rmfd\AFDB_face_dataset\xuezhiqian\1_0_xuezhiqian_0030.jpg,False,True,False,full,0.27670595049858093,wulei
adaptive,wangzuxian,C:\Users\tahak\ogproject\adaptiveface\data\rmfd\AFDB_face_dataset\wangzuxian\1_0_wangzuxian_0224.jpg,False,True,False,full,0.5480756163597107,wangzuxian
adaptive,wangqing,C:\Users\tahak\ogproject\adaptiveface\data\rmfd\AFDB_face_dataset\wangqing\1_0_wangqing_0077.jpg,False,True,False,full,0.4406415522098541,wangqing
adaptive,zhouxun,C:\Users\tahak\ogproject\adaptiveface\data\rmfd\AFDB_masked_face_dataset\zhouxun\0_0_10.jpg,True,True,True,upper,0.19243532419204712,zhaoyazhi
adaptive,lixirui,C:\Users\tahak\ogproject\adaptiveface\data\rmfd\AFDB_face_dataset\lixirui\1_0_lixirui_0058.jpg,False,True,False,full,0.367212176322937,lixirui
adaptive,guanxiaotong,C:\Users\tahak\ogproject\adaptiveface\data\rmfd\AFDB_masked_face_dataset\guanxiaotong\1_0_2.jpg,True,True,True,upper,0.3321406841278076,songqian
adaptive,wangzuxian,C:\Users\tahak\ogproject\adaptiveface\data\rmfd\AFDB_face_dataset\wangzuxian\1_0_wangzuxian_0068.jpg,False,True,False,full,0.45238131284713745,wangzuxian
adaptive,lixirui,C:\Users\tahak\ogproject\adaptiveface\data\rmfd\AFDB_face_dataset\lixirui\1_0_lixirui_0189.jpg,False,True,False,full,0.26267772912979126,lixirui
adaptive,yanyikuan,C:\Users\tahak\ogproject\adaptiveface\data\rmfd\AFDB_face_dataset\yanyikuan\1_0_yanyikuan_0057.jpg,False,True,False,full,0.42785775661468506,yanyikuan
adaptive,zhangguoli,C:\Users\tahak\ogproject\adaptiveface\data\rmfd\AFDB_face_dataset\zhangguoli\1_0_zhangguoli_0034.jpg,False,True,False,full,0.5560118556022644,zhangguoli
adaptive,Celso_Amorim,C:\Users\tahak\ogproject\adaptiveface\data\lfw\Celso_Amorim\Celso_Amorim_0001.jpg,False,False,False,full,0.11913155764341354,wangyuan
adaptive,zhangxueyou,C:\Users\tahak\ogproject\adaptiveface\data\rmfd\AFDB_face_dataset\zhangxueyou\1_0_zhangxueyou_0020.jpg,False,True,False,full,0.5892666578292847,zhangxueyou
adaptive,huozun,C:\Users\tahak\ogproject\adaptiveface\data\rmfd\AFDB_masked_face_dataset\huozun\0_0_7.jpg,True,True,True,upper,0.4715031087398529,huozun
adaptive,hanqingzi,C:\Users\tahak\ogproject\adaptiveface\data\rmfd\AFDB_masked_face_dataset\hanqingzi\0_0_0.jpg,True,True,True,upper,0.3235045075416565,wangzuxian
adaptive,Nicanor_Duarte_Frutos,C:\Users\tahak\ogproject\adaptiveface\data\lfw\Nicanor_Duarte_Frutos\Nicanor_Duarte_Frutos_0002.jpg,False,False,False,full,0.12013012170791626,fanwei
adaptive,songqian,C:\Users\tahak\ogproject\adaptiveface\data\rmfd\AFDB_masked_face_dataset\songqian\0_0_0.jpg,True,True,True,upper,0.2591027021408081,zhangjingjing
adaptive,huashao,C:\Users\tahak\ogproject\adaptiveface\data\rmfd\AFDB_masked_face_dataset\huashao\0_0_3.jpg,True,True,True,upper,0.24780574440956116,caiguoqing
adaptive,zhengyecheng,C:\Users\tahak\ogproject\adaptiveface\data\rmfd\AFDB_masked_face_dataset\zhengyecheng\0_0_2.jpg,True,True,True,upper,0.42862552404403687,xiaozhan
adaptive,Michael_Chiklis,C:\Users\tahak\ogproject\adaptiveface\data\lfw\Michael_Chiklis\Michael_Chiklis_0005.jpg,False,False,False,full,0.13417823612689972,yinzheng
adaptive,xuhaiqiao,C:\Users\tahak\ogproject\adaptiveface\data\rmfd\AFDB_masked_face_dataset\xuhaiqiao\0_0_17.jpg,True,True,True,upper,0.24723371863365173,zhangluyi
adaptive,lidaimo,C:\Users\tahak\ogproject\adaptiveface\data\rmfd\AFDB_masked_face_dataset\lidaimo\0_0_3.jpg,True,True,True,upper,0.23718330264091492,lidaimo
adaptive,Carlo_Ancelotti,C:\Users\tahak\ogproject\adaptiveface\data\lfw\Carlo_Ancelotti\Carlo_Ancelotti_0003.jpg,False,False,False,full,0.13766932487487793,mali
adaptive,daipeini,C:\Users\tahak\ogproject\adaptiveface\data\rmfd\AFDB_masked_face_dataset\daipeini\0_0_5.jpg,True,True,True,upper,0.31758028268814087,xiongnaijin
adaptive,Bernard_Landry,C:\Users\tahak\ogproject\adaptiveface\data\lfw\Bernard_Landry\Bernard_Landry_0004.jpg,False,False,False,full,0.13886898756027222,licaihua
adaptive,masu,C:\Users\tahak\ogproject\adaptiveface\data\rmfd\AFDB_masked_face_dataset\masu\0_0_23.jpg,True,True,True,upper,0.22404848039150238,lanyingying
adaptive,xuxidi,C:\Users\tahak\ogproject\adaptiveface\data\rmfd\AFDB_face_dataset\xuxidi\1_0_xuxidi_0034.jpg,False,True,False,full,0.3844623565673828,xuxidi
adaptive,lidaimo,C:\Users\tahak\ogproject\adaptiveface\data\rmfd\AFDB_face_dataset\lidaimo\1_0_lidaimo_0094.jpg,False,True,False,full,0.5765314102172852,lidaimo
adaptive,chenxiang,C:\Users\tahak\ogproject\adaptiveface\data\rmfd\AFDB_face_dataset\chenxiang\0_0_chenxiang_0006.jpg,False,True,False,full,0.4460340738296509,chenxiang
adaptive,wangyuan,C:\Users\tahak\ogproject\adaptiveface\data\rmfd\AFDB_masked_face_dataset\wangyuan\0_0_24.jpg,True,True,True,upper,0.3586007356643677,huangxuan
adaptive,yinzheng,C:\Users\tahak\ogproject\adaptiveface\data\rmfd\AFDB_masked_face_dataset\yinzheng\0_0_1.png,True,True,True,upper,0.43904900550842285,yinzheng
adaptive,xuxidi,C:\Users\tahak\ogproject\adaptiveface\data\rmfd\AFDB_masked_face_dataset\xuxidi\1_0_1.jpg,True,True,True,upper,0.3643687665462494,xuxidi
adaptive,yumenglong,C:\Users\tahak\ogproject\adaptiveface\data\rmfd\AFDB_face_dataset\yumenglong\1_0_yumenglong_0058.jpg,False,True,False,full,0.3112342357635498,yumenglong
adaptive,Romario_Farias,C:\Users\tahak\ogproject\adaptiveface\data\lfw\Romario_Farias\Romario_Farias_0001.jpg,False,False,False,full,0.12878762185573578,yumenglong
adaptive,yingcaier,C:\Users\tahak\ogproject\adaptiveface\data\rmfd\AFDB_masked_face_dataset\yingcaier\0_0_0.jpg,True,True,True,upper,0.20749905705451965,xiongdailin
adaptive,matianyu,C:\Users\tahak\ogproject\adaptiveface\data\rmfd\AFDB_masked_face_dataset\matianyu\0_0_20.jpg,True,True,True,upper,0.36941003799438477,matianyu
adaptive,yumenglong,C:\Users\tahak\ogproject\adaptiveface\data\rmfd\AFDB_face_dataset\yumenglong\1_0_yumenglong_0063.jpg,False,True,False,full,0.5656452775001526,yumenglong
adaptive,jingbairan,C:\Users\tahak\ogproject\adaptiveface\data\rmfd\AFDB_face_dataset\jingbairan\1_0_jingbairan_0193.jpg,False,True,False,full,0.425351619720459,jingbairan
adaptive,wangyuan,C:\Users\tahak\ogproject\adaptiveface\data\rmfd\AFDB_face_dataset\wangyuan\1_0_wangyuan_0152.jpg,False,True,False,full,0.4258018732070923,wangyuan
adaptive,zhangxueying,C:\Users\tahak\ogproject\adaptiveface\data\rmfd\AFDB_masked_face_dataset\zhangxueying\0_0_4.jpg,True,True,True,upper,0.328402578830719,xiaozhan
adaptive,chenfarong,C:\Users\tahak\ogproject\adaptiveface\data\rmfd\AFDB_face_dataset\chenfarong\1_0_chenfarong_0137.jpg,False,True,False,full,0.3714245557785034,chenfarong
adaptive,Khaled_Sawalhi,C:\Users\tahak\ogproject\adaptiveface\data\lfw\Khaled_Sawalhi\Khaled_Sawalhi_0001.jpg,False,False,False,full,0.1610446274280548,wangluodan
adaptive,zhaoliying,C:\Users\tahak\ogproject\adaptiveface\data\rmfd\AFDB_face_dataset\zhaoliying\1_0_zhaoliying_0172.jpg,False,True,False,full,0.589627206325531,zhaoliying
adaptive,Russell_Crowe,C:\Users\tahak\ogproject\adaptiveface\data\lfw\Russell_Crowe\Russell_Crowe_0002.jpg,False,False,False,full,0.13856324553489685,chenxiang
adaptive,zhaoyihuan,C:\Users\tahak\ogproject\adaptiveface\data\rmfd\AFDB_face_dataset\zhaoyihuan\1_0_zhaoyihuan_0195.jpg,False,True,False,full,0.5442334413528442,zhaoyihuan
adaptive,huangxuan,C:\Users\tahak\ogproject\adaptiveface\data\rmfd\AFDB_masked_face_dataset\huangxuan\0_0_22.jpg,True,True,True,upper,0.3868497312068939,huangxuan
adaptive,zhangliangying,C:\Users\tahak\ogproject\adaptiveface\data\rmfd\AFDB_face_dataset\zhangliangying\1_0_zhangliangying_0021.jpg,False,True,False,full,0.5969184637069702,zhangliangying
adaptive,jianailiang,C:\Users\tahak\ogproject\adaptiveface\data\rmfd\AFDB_masked_face_dataset\jianailiang\0_0_5.jpg,True,True,True,upper,0.32903167605400085,zhangluyi
adaptive,xiongnaijin,C:\Users\tahak\ogproject\adaptiveface\data\rmfd\AFDB_face_dataset\xiongnaijin\1_0_xiongnaijin_0219.jpg,False,True,False,full,0.31772685050964355,zhangjingjing
adaptive,yinengjing,C:\Users\tahak\ogproject\adaptiveface\data\rmfd\AFDB_masked_face_dataset\yinengjing\0_0_1.jpg,True,True,True,upper,0.3546113967895508,zhangshaohan
adaptive,wangou,C:\Users\tahak\ogproject\adaptiveface\data\rmfd\AFDB_face_dataset\wangou\1_0_wangou_0285.jpg,False,True,False,full,0.3206883668899536,wangou
adaptive,guojingjing,C:\Users\tahak\ogproject\adaptiveface\data\rmfd\AFDB_masked_face_dataset\guojingjing\1_0_3.jpg,True,True,True,upper,0.3793569803237915,huangxuan
adaptive,yuyi,C:\Users\tahak\ogproject\adaptiveface\data\rmfd\AFDB_masked_face_dataset\yuyi\0_0_1.jpg,True,True,True,upper,0.5445139408111572,yuyi
adaptive,fanwei,C:\Users\tahak\ogproject\adaptiveface\data\rmfd\AFDB_face_dataset\fanwei\1_0_fanwei_0016.jpg,False,True,False,full,0.5139646530151367,fanwei
adaptive,huangrihua,C:\Users\tahak\ogproject\adaptiveface\data\rmfd\AFDB_masked_face_dataset\huangrihua\0_0_2.jpg,True,True,True,upper,0.3962228298187256,huangrihua
adaptive,liushishi,C:\Users\tahak\ogproject\adaptiveface\data\rmfd\AFDB_masked_face_dataset\liushishi\0_0_5.jpg,True,True,True,upper,0.25193899869918823,lvyi
adaptive,John_Goold,C:\Users\tahak\ogproject\adaptiveface\data\lfw\John_Goold\John_Goold_0001.jpg,False,False,False,full,0.12618054449558258,yangqianhua
adaptive,Patricia_Johnson,C:\Users\tahak\ogproject\adaptiveface\data\lfw\Patricia_Johnson\Patricia_Johnson_0001.jpg,False,False,False,full,0.18712443113327026,yangzi
adaptive,xiongdailin,C:\Users\tahak\ogproject\adaptiveface\data\rmfd\AFDB_masked_face_dataset\xiongdailin\0_0_1.jpeg,True,True,True,upper,0.3761555552482605,xiongdailin
adaptive,yuyi,C:\Users\tahak\ogproject\adaptiveface\data\rmfd\AFDB_face_dataset\yuyi\1_0_yuyi_0098.jpg,False,True,False,full,0.5156644582748413,yuyi
adaptive,weidaxun,C:\Users\tahak\ogproject\adaptiveface\data\rmfd\AFDB_masked_face_dataset\weidaxun\0_0_6.jpg,True,True,True,upper,0.37692004442214966,weidaxun
adaptive,zhaoyazhi,C:\Users\tahak\ogproject\adaptiveface\data\rmfd\AFDB_face_dataset\zhaoyazhi\1_0_zhaoyazhi_0175.jpg,False,True,False,full,0.5484371781349182,zhaoyazhi
adaptive,lanyingying,C:\Users\tahak\ogproject\adaptiveface\data\rmfd\AFDB_face_dataset\lanyingying\1_0_lanyingying_0040.jpg,False,True,False,full,0.5265089273452759,lanyingying
adaptive,zhangbinbin,C:\Users\tahak\ogproject\adaptiveface\data\rmfd\AFDB_face_dataset\zhangbinbin\1_0_zhangbinbin_0170.jpg,False,True,False,full,0.5686715841293335,zhangbinbin
adaptive,guojingfei,C:\Users\tahak\ogproject\adaptiveface\data\rmfd\AFDB_masked_face_dataset\guojingfei\0_1_6.jpg,True,True,True,upper,0.27650928497314453,guanxiaotong
adaptive,zhangxueying,C:\Users\tahak\ogproject\adaptiveface\data\rmfd\AFDB_face_dataset\zhangxueying\1_0_zhangxueying_0065.jpg,False,True,False,full,0.252187579870224,zhangxueying
adaptive,Stephen_Cooper,C:\Users\tahak\ogproject\adaptiveface\data\lfw\Stephen_Cooper\Stephen_Cooper_0001.jpg,False,False,False,full,0.13495437800884247,jiangjinfu
adaptive,tongliya,C:\Users\tahak\ogproject\adaptiveface\data\rmfd\AFDB_masked_face_dataset\tongliya\0_0_2.jpg,True,True,True,upper,0.30883684754371643,yangqianhua
adaptive,xiongdailin,C:\Users\tahak\ogproject\adaptiveface\data\rmfd\AFDB_masked_face_dataset\xiongdailin\0_0_0.jpg,True,True,True,upper,0.3794350028038025,xiongdailin
adaptive,yanyikuan,C:\Users\tahak\ogproject\adaptiveface\data\rmfd\AFDB_masked_face_dataset\yanyikuan\0_0_2.jpg,True,True,True,upper,0.37395909428596497,fengjianyu
adaptive,John_Elway,C:\Users\tahak\ogproject\adaptiveface\data\lfw\John_Elway\John_Elway_0001.jpg,False,False,False,full,0.1602454036474228,zhangshaohan
adaptive,Tim_Conway,C:\Users\tahak\ogproject\adaptiveface\data\lfw\Tim_Conway\Tim_Conway_0003.jpg,False,False,False,full,0.15564341843128204,liyifeng
adaptive,zhangxueyou,C:\Users\tahak\ogproject\adaptiveface\data\rmfd\AFDB_face_dataset\zhangxueyou\1_0_zhangxueyou_0200.jpg,False,True,False,full,0.4135945737361908,zhangxueyou
adaptive,Sammy_Sosa,C:\Users\tahak\ogproject\adaptiveface\data\lfw\Sammy_Sosa\Sammy_Sosa_0002.jpg,False,False,False,full,0.18131843209266663,zhangguoli
adaptive,zhangzifeng,C:\Users\tahak\ogproject\adaptiveface\data\rmfd\AFDB_masked_face_dataset\zhangzifeng\0_1_53.jpg,True,True,False,full,0.2966685891151428,yangqianhua
adaptive,tongliya,C:\Users\tahak\ogproject\adaptiveface\data\rmfd\AFDB_face_dataset\tongliya\1_0_tongliya_0148.jpg,False,True,False,full,0.4582575559616089,tongliya
adaptive,tongliya,C:\Users\tahak\ogproject\adaptiveface\data\rmfd\AFDB_masked_face_dataset\tongliya\0_0_0.jpg,True,True,True,upper,0.24022166430950165,shenmengchen
adaptive,qiuze,C:\Users\tahak\ogproject\adaptiveface\data\rmfd\AFDB_face_dataset\qiuze\1_0_qiuze_0097.jpg,False,True,False,full,0.5568944215774536,qiuze
adaptive,xieanqi,C:\Users\tahak\ogproject\adaptiveface\data\rmfd\AFDB_masked_face_dataset\xieanqi\0_1_10.jpg,True,True,True,upper,0.23574329912662506,masu
adaptive,Alexandra_Spann,C:\Users\tahak\ogproject\adaptiveface\data\lfw\Alexandra_Spann\Alexandra_Spann_0001.jpg,False,False,False,full,0.1323372721672058,tangwei
adaptive,jingbairan,C:\Users\tahak\ogproject\adaptiveface\data\rmfd\AFDB_masked_face_dataset\jingbairan\0_0_0.jpg,True,True,True,upper,0.3760077953338623,linyuan
adaptive,tanweiwei,C:\Users\tahak\ogproject\adaptiveface\data\rmfd\AFDB_masked_face_dataset\tanweiwei\0_0_3.jpg,True,True,False,full,0.20779505372047424,mowenwei
adaptive,liuruilin,C:\Users\tahak\ogproject\adaptiveface\data\rmfd\AFDB_face_dataset\liuruilin\1_0_liuruilin_0241.jpg,False,True,False,full,0.45184391736984253,liuruilin
adaptive,yingcaier,C:\Users\tahak\ogproject\adaptiveface\data\rmfd\AFDB_masked_face_dataset\yingcaier\0_0_4.jpg,True,True,True,upper,0.2612975239753723,lanyingying
adaptive,shaofeng,C:\Users\tahak\ogproject\adaptiveface\data\rmfd\AFDB_masked_face_dataset\shaofeng\0_0_0.png,True,True,True,upper,0.44204652309417725,shaofeng
adaptive,chenjiaqi,C:\Users\tahak\ogproject\adaptiveface\data\rmfd\AFDB_face_dataset\chenjiaqi\1_0_chenjiaqi_0007.jpg,False,True,False,full,0.47453755140304565,chenjiaqi
adaptive,huangzhongkun,C:\Users\tahak\ogproject\adaptiveface\data\rmfd\AFDB_masked_face_dataset\huangzhongkun\0_0_0.png,True,True,True,upper,0.4009025990962982,huangzhongkun
adaptive,Bernard_Landry,C:\Users\tahak\ogproject\adaptiveface\data\lfw\Bernard_Landry\Bernard_Landry_0003.jpg,False,False,False,full,0.18146967887878418,licaihua
adaptive,zhangliangying,C:\Users\tahak\ogproject\adaptiveface\data\rmfd\AFDB_masked_face_dataset\zhangliangying\0_0_1.jpg,True,True,True,upper,0.33461183309555054,zhangliangying
adaptive,huojianhua,C:\Users\tahak\ogproject\adaptiveface\data\rmfd\AFDB_face_dataset\huojianhua\1_0_huojianhua_0129.jpg,False,True,False,full,0.4859229326248169,huojianhua
adaptive,linxinru,C:\Users\tahak\ogproject\adaptiveface\data\rmfd\AFDB_masked_face_dataset\linxinru\0_0_16.jpg,True,True,True,upper,0.41769927740097046,linxinru
adaptive,Carlos_Moya,C:\Users\tahak\ogproject\adaptiveface\data\lfw\Carlos_Moya\Carlos_Moya_0015.jpg,False,False,False,full,0.1494094878435135,lianghanwen
adaptive,sunyizhou,C:\Users\tahak\ogproject\adaptiveface\data\rmfd\AFDB_masked_face_dataset\sunyizhou\0_0_1.jpg,True,True,True,upper,0.3166244924068451,liusongren
adaptive,zhourunfa,C:\Users\tahak\ogproject\adaptiveface\data\rmfd\AFDB_masked_face_dataset\zhourunfa\0_0_2.jpg,True,True,True,upper,0.2571089267730713,yangzi
adaptive,huge,C:\Users\tahak\ogproject\adaptiveface\data\rmfd\AFDB_masked_face_dataset\huge\0_0_3.jpg,True,True,False,full,0.1692916303873062,liuxiang
fusion_max,huojianhua,C:\Users\tahak\ogproject\adaptiveface\data\rmfd\AFDB_masked_face_dataset\huojianhua\0_0_21.jpg,True,True,True,both,0.30408990383148193,liushishi
fusion_max,zhaoyazhi,C:\Users\tahak\ogproject\adaptiveface\data\rmfd\AFDB_face_dataset\zhaoyazhi\1_0_zhaoyazhi_0198.jpg,False,True,False,both,0.46311020851135254,zhaoyazhi
fusion_max,Carlos_Moya,C:\Users\tahak\ogproject\adaptiveface\data\lfw\Carlos_Moya\Carlos_Moya_0002.jpg,False,False,False,both,0.13287749886512756,mowenwei
fusion_max,xiaozhan,C:\Users\tahak\ogproject\adaptiveface\data\rmfd\AFDB_masked_face_dataset\xiaozhan\0_0_28.jpg,True,True,True,both,0.36305665969848633,xiaozhan
fusion_max,zhangshaohan,C:\Users\tahak\ogproject\adaptiveface\data\rmfd\AFDB_masked_face_dataset\zhangshaohan\0_0_3.jpg,True,True,True,both,0.20758754014968872,zhuowenxuan
fusion_max,lvyi,C:\Users\tahak\ogproject\adaptiveface\data\rmfd\AFDB_face_dataset\lvyi\1_0_lvyi_0136.jpg,False,True,False,both,0.4488130807876587,jiangyiyi
fusion_max,daipeini,C:\Users\tahak\ogproject\adaptiveface\data\rmfd\AFDB_face_dataset\daipeini\1_0_daipeini_0001.jpg,False,True,False,both,0.48775428533554077,daipeini
fusion_max,linyichen,C:\Users\tahak\ogproject\adaptiveface\data\rmfd\AFDB_face_dataset\linyichen\1_0_linyichen_0328.jpg,False,True,False,both,0.3982704281806946,zhanghanyun
fusion_max,Bernard_Law,C:\Users\tahak\ogproject\adaptiveface\data\lfw\Bernard_Law\Bernard_Law_0005.jpg,False,False,False,both,0.151045024394989,zhaoyazhi
fusion_max,huangzitao,C:\Users\tahak\ogproject\adaptiveface\data\rmfd\AFDB_face_dataset\huangzitao\1_0_huangzitao_0108.jpg,False,True,False,both,0.6773836016654968,huangzitao
fusion_max,Ben_Betts,C:\Users\tahak\ogproject\adaptiveface\data\lfw\Ben_Betts\Ben_Betts_0001.jpg,False,False,False,both,0.23464816808700562,liyapeng
fusion_max,shaofeng,C:\Users\tahak\ogproject\adaptiveface\data\rmfd\AFDB_face_dataset\shaofeng\1_0_shaofeng_0001.jpg,False,True,False,both,0.530182957649231,shaofeng
fusion_max,Thomas_Bjorn,C:\Users\tahak\ogproject\adaptiveface\data\lfw\Thomas_Bjorn\Thomas_Bjorn_0002.jpg,False,False,False,both,0.13941580057144165,maoxiaotong
fusion_max,Intisar_Ajouri,C:\Users\tahak\ogproject\adaptiveface\data\lfw\Intisar_Ajouri\Intisar_Ajouri_0003.jpg,False,False,False,both,0.19198045134544373,weidaxun
fusion_max,Elena_Tihomirova,C:\Users\tahak\ogproject\adaptiveface\data\lfw\Elena_Tihomirova\Elena_Tihomirova_0001.jpg,False,False,False,both,0.16381163895130157,zhangxueying
fusion_max,Nicanor_Duarte_Frutos,C:\Users\tahak\ogproject\adaptiveface\data\lfw\Nicanor_Duarte_Frutos\Nicanor_Duarte_Frutos_0010.jpg,False,False,False,both,0.22244428098201752,liuxiang
fusion_max,huangzitao,C:\Users\tahak\ogproject\adaptiveface\data\rmfd\AFDB_masked_face_dataset\huangzitao\0_0_2.jpg,True,True,False,both,0.33795803785324097,huangzitao
fusion_max,zhangtianai,C:\Users\tahak\ogproject\adaptiveface\data\rmfd\AFDB_masked_face_dataset\zhangtianai\0_0_8.jpg,True,True,True,both,0.2426854372024536,zhangshaohan
fusion_max,Bernard_Law,C:\Users\tahak\ogproject\adaptiveface\data\lfw\Bernard_Law\Bernard_Law_0001.jpg,False,False,False,both,0.15064913034439087,ruanjingtian
fusion_max,Tyra_Banks,C:\Users\tahak\ogproject\adaptiveface\data\lfw\Tyra_Banks\Tyra_Banks_0002.jpg,False,False,False,both,0.15491023659706116,wulei
fusion_max,Michael_Phelps,C:\Users\tahak\ogproject\adaptiveface\data\lfw\Michael_Phelps\Michael_Phelps_0002.jpg,False,False,False,both,0.19442707300186157,huge
fusion_max,Martha_Lucia_Ramirez,C:\Users\tahak\ogproject\adaptiveface\data\lfw\Martha_Lucia_Ramirez\Martha_Lucia_Ramirez_0002.jpg,False,False,False,both,0.2502337098121643,caiyilin
fusion_max,zhangyi,C:\Users\tahak\ogproject\adaptiveface\data\rmfd\AFDB_masked_face_dataset\zhangyi\0_0_0.jpg,True,True,True,both,0.25010138750076294,zhangyi
fusion_max,xuhao,C:\Users\tahak\ogproject\adaptiveface\data\rmfd\AFDB_masked_face_dataset\xuhao\0_0_0.jpg,True,True,False,both,0.6444494724273682,xuhao
fusion_max,Boris_Henry,C:\Users\tahak\ogproject\adaptiveface\data\lfw\Boris_Henry\Boris_Henry_0001.jpg,False,False,False,both,0.16112366318702698,zhangjingjing
fusion_max,lianghanwen,C:\Users\tahak\ogproject\adaptiveface\data\rmfd\AFDB_face_dataset\lianghanwen\1_0_lianghanwen_0181.jpg,False,True,False,both,0.33116304874420166,zhangguoli
fusion_max,zhangluyi,C:\Users\tahak\ogproject\adaptiveface\data\rmfd\AFDB_masked_face_dataset\zhangluyi\0_0_0.png,True,True,True,both,0.4391372799873352,zhangluyi
fusion_max,maqiguang,C:\Users\tahak\ogproject\adaptiveface\data\rmfd\AFDB_face_dataset\maqiguang\1_0_maqiguang_0041.jpg,False,True,False,both,0.40018829703330994,zhangzifeng
fusion_max,liushishi,C:\Users\tahak\ogproject\adaptiveface\data\rmfd\AFDB_face_dataset\liushishi\1_0_liushishi_0149.jpg,False,True,False,both,0.5286473035812378,hanqingzi
fusion_max,guojingjing,C:\Users\tahak\ogproject\adaptiveface\data\rmfd\AFDB_face_dataset\guojingjing\0_0_guojingjing_0211.jpg,False,True,False,both,0.4261454939842224,guojingjing
fusion_max,luozhixiang,C:\Users\tahak\ogproject\adaptiveface\data\rmfd\AFDB_masked_face_dataset\luozhixiang\0_0_4.jpg,True,True,True,both,0.33687132596969604,yangqianhua
fusion_max,jianghongbo,C:\Users\tahak\ogproject\adaptiveface\data\rmfd\AFDB_masked_face_dataset\jianghongbo\0_0_0.jpg,True,True,True,both,0.35820382833480835,jianghongbo
fusion_max,yingcaier,C:\Users\tahak\ogproject\adaptiveface\data\rmfd\AFDB_face_dataset\yingcaier\1_0_yingcaier_0018.jpg,False,True,False,both,0.4499726891517639,xudongdong
fusion_max,xudongdong,C:\Users\tahak\ogproject\adaptiveface\data\rmfd\AFDB_face_dataset\xudongdong\1_0_xudongdong_0234.jpg,False,True,False,both,0.47476547956466675,wangxiaomin
fusion_max,zhaoyihuan,C:\Users\tahak\ogproject\adaptiveface\data\rmfd\AFDB_face_dataset\zhaoyihuan\1_0_zhaoyihuan_0177.jpg,False,True,False,both,0.5244989991188049,zhuowenxuan
fusion_max,Ivan_Helguera,C:\Users\tahak\ogproject\adaptiveface\data\lfw\Ivan_Helguera\Ivan_Helguera_0001.jpg,False,False,False,both,0.18576101958751678,lixiang
fusion_max,jingbairan,C:\Users\tahak\ogproject\adaptiveface\data\rmfd\AFDB_masked_face_dataset\jingbairan\0_0_3.jpg,True,True,True,both,0.33702951669692993,wangluodan
fusion_max,luozhixiang,C:\Users\tahak\ogproject\adaptiveface\data\rmfd\AFDB_face_dataset\luozhixiang\0_0_luozhixiang_0011.jpg,False,True,False,both,0.35151010751724243,yanyikuan
fusion_max,lvjiarong,C:\Users\tahak\ogproject\adaptiveface\data\rmfd\AFDB_face_dataset\lvjiarong\0_0_lvjiarong_0130.jpg,False,True,False,both,0.37426406145095825,lvjiarong
fusion_max,zhengyecheng,C:\Users\tahak\ogproject\adaptiveface\data\rmfd\AFDB_face_dataset\zhengyecheng\1_0_zhengyecheng_0174.jpg,False,True,False,both,0.5356742143630981,zhengyecheng
fusion_max,Michael_Chiklis,C:\Users\tahak\ogproject\adaptiveface\data\lfw\Michael_Chiklis\Michael_Chiklis_0004.jpg,False,False,False,both,0.2429848313331604,raowei
fusion_max,tanweiwei,C:\Users\tahak\ogproject\adaptiveface\data\rmfd\AFDB_masked_face_dataset\tanweiwei\1_0_2.jpg,True,True,True,both,0.3612765073776245,lianghanwen
fusion_max,wangkai,C:\Users\tahak\ogproject\adaptiveface\data\rmfd\AFDB_face_dataset\wangkai\1_0_wangkai_0090.jpg,False,True,False,both,0.4946138262748718,wangkai
fusion_max,zhangbo,C:\Users\tahak\ogproject\adaptiveface\data\rmfd\AFDB_face_dataset\zhangbo\1_0_zhangbo_0212.jpg,False,True,False,both,0.4504786729812622,xietingfeng
fusion_max,Asif_Hanif,C:\Users\tahak\ogproject\adaptiveface\data\lfw\Asif_Hanif\Asif_Hanif_0001.jpg,False,False,False,both,0.17639237642288208,liushishi
fusion_max,jiangkaitong,C:\Users\tahak\ogproject\adaptiveface\data\rmfd\AFDB_masked_face_dataset\jiangkaitong\0_0_10.jpg,True,True,False,both,0.4195401072502136,zhaoliying
fusion_max,panyueming,C:\Users\tahak\ogproject\adaptiveface\data\rmfd\AFDB_face_dataset\panyueming\1_0_panyueming_0150.jpg,False,True,False,both,0.5572409629821777,panyueming
fusion_max,hujing,C:\Users\tahak\ogproject\adaptiveface\data\rmfd\AFDB_face_dataset\hujing\1_0_hujing_0236.jpg,False,True,False,both,0.4286532402038574,masichun
fusion_max,lvjiarong,C:\Users\tahak\ogproject\adaptiveface\data\rmfd\AFDB_face_dataset\lvjiarong\0_0_lvjiarong_0002.jpg,False,True,False,both,0.4230831265449524,lvjiarong
fusion_max,Eduardo_Romero,C:\Users\tahak\ogproject\adaptiveface\data\lfw\Eduardo_Romero\Eduardo_Romero_0001.jpg,False,False,False,both,0.244278222322464,lixiang
fusion_max,Celso_Amorim,C:\Users\tahak\ogproject\adaptiveface\data\lfw\Celso_Amorim\Celso_Amorim_0002.jpg,False,False,False,both,0.24003617465496063,liyapeng
fusion_max,zhouxun,C:\Users\tahak\ogproject\adaptiveface\data\rmfd\AFDB_masked_face_dataset\zhouxun\0_0_7.jpg,True,True,True,both,0.2409261167049408,zhouxun
fusion_max,Paul_Reiser,C:\Users\tahak\ogproject\adaptiveface\data\lfw\Paul_Reiser\Paul_Reiser_0001.jpg,False,False,False,both,0.19502471387386322,huangrihua
fusion_max,guojingfei,C:\Users\tahak\ogproject\adaptiveface\data\rmfd\AFDB_masked_face_dataset\guojingfei\0_0_0.jpg,True,True,True,both,0.29012781381607056,liuqianhan
fusion_max,yinzheng,C:\Users\tahak\ogproject\adaptiveface\data\rmfd\AFDB_face_dataset\yinzheng\1_0_yinzheng_0093.jpg,False,True,False,both,0.4444524049758911,yinzheng
fusion_max,songxiaobo,C:\Users\tahak\ogproject\adaptiveface\data\rmfd\AFDB_face_dataset\songxiaobo\0_0_songxiaobo_0175.jpg,False,True,False,both,0.4616858959197998,zhengyecheng
fusion_max,hanqingzi,C:\Users\tahak\ogproject\adaptiveface\data\rmfd\AFDB_face_dataset\hanqingzi\1_0_hanqingzi_0029.jpg,False,True,False,both,0.5072441697120667,zhaoliying
fusion_max,yinengjing,C:\Users\tahak\ogproject\adaptiveface\data\rmfd\AFDB_masked_face_dataset\yinengjing\0_0_30.jpg,True,True,True,both,0.3214702010154724,yinengjing
fusion_max,lixiang,C:\Users\tahak\ogproject\adaptiveface\data\rmfd\AFDB_masked_face_dataset\lixiang\1_0_19.jpg,True,True,True,both,0.23137259483337402,zhangjingjing
fusion_max,dazhangwei,C:\Users\tahak\ogproject\adaptiveface\data\rmfd\AFDB_masked_face_dataset\dazhangwei\1_1_16.jpg,True,True,True,both,0.2938230037689209,jiangkaitong
fusion_max,liyifeng,C:\Users\tahak\ogproject\adaptiveface\data\rmfd\AFDB_masked_face_dataset\liyifeng\0_0_3.jpg,True,True,True,both,0.3281501531600952,xiaozhan
fusion_max,liushishi,C:\Users\tahak\ogproject\adaptiveface\data\rmfd\AFDB_face_dataset\liushishi\0_0_liushishi_0037.jpg,False,True,False,both,0.47390276193618774,gongbeibi
fusion_max,Eliane_Karp,C:\Users\tahak\ogproject\adaptiveface\data\lfw\Eliane_Karp\Eliane_Karp_0001.jpg,False,False,False,both,0.17546474933624268,zhangxueyou
fusion_max,weidaxun,C:\Users\tahak\ogproject\adaptiveface\data\rmfd\AFDB_masked_face_dataset\weidaxun\0_0_16.jpg,True,True,True,both,0.3420078158378601,liuxiang
fusion_max,zhangguoli,C:\Users\tahak\ogproject\adaptiveface\data\rmfd\AFDB_masked_face_dataset\zhangguoli\1_1_1.jpg,True,True,False,both,0.3297852873802185,chenkun
fusion_max,Carlos_Moya,C:\Users\tahak\ogproject\adaptiveface\data\lfw\Carlos_Moya\Carlos_Moya_0012.jpg,False,False,False,both,0.15130123496055603,liuxiang
fusion_max,wangyu,C:\Users\tahak\ogproject\adaptiveface\data\rmfd\AFDB_face_dataset\wangyu\0_0_wangyu_0164.jpg,False,True,False,both,0.46196240186691284,wuzhenyu
fusion_max,zhangjingjing,C:\Users\tahak\ogproject\adaptiveface\data\rmfd\AFDB_face_dataset\zhangjingjing\1_0_zhangjingjing_0014.jpg,False,True,False,both,0.41120460629463196,jingbairan
fusion_max,linxinru,C:\Users\tahak\ogproject\adaptiveface\data\rmfd\AFDB_face_dataset\linxinru\0_0_linxinru_0135.jpg,False,True,False,both,0.5016037821769714,linxinru
fusion_max,qiuze,C:\Users\tahak\ogproject\adaptiveface\data\rmfd\AFDB_face_dataset\qiuze\1_0_qiuze_0011.jpg,False,True,False,both,0.6461423635482788,qiuze
fusion_max,zhangshaohan,C:\Users\tahak\ogproject\adaptiveface\data\rmfd\AFDB_face_dataset\zhangshaohan\1_0_zhangshaohan_0144.jpg,False,True,False,both,0.44382795691490173,zhangshaohan
fusion_max,Jimmy_Smits,C:\Users\tahak\ogproject\adaptiveface\data\lfw\Jimmy_Smits\Jimmy_Smits_0001.jpg,False,False,False,both,0.1877635419368744,huangzhongkun
fusion_max,xieanqi,C:\Users\tahak\ogproject\adaptiveface\data\rmfd\AFDB_face_dataset\xieanqi\1_0_xieanqi_0048.jpg,False,True,False,both,0.41754835844039917,zhuowenxuan
fusion_max,hejiong,C:\Users\tahak\ogproject\adaptiveface\data\rmfd\AFDB_masked_face_dataset\hejiong\0_0_3.jpg,True,True,True,both,0.3421775698661804,lixirui
fusion_max,zhaoyihuan,C:\Users\tahak\ogproject\adaptiveface\data\rmfd\AFDB_masked_face_dataset\zhaoyihuan\0_0_1.jpg,True,True,True,both,0.4676550626754761,liuyifei
fusion_max,huangxiaoming,C:\Users\tahak\ogproject\adaptiveface\data\rmfd\AFDB_masked_face_dataset\huangxiaoming\0_0_5.jpg,True,True,True,both,0.3211515247821808,lixiang
fusion_max,gongbeibi,C:\Users\tahak\ogproject\adaptiveface\data\rmfd\AFDB_face_dataset\gongbeibi\0_0_gongbeibi_0071.jpg,False,True,False,both,0.48260122537612915,gongbeibi
fusion_max,liuxiang,C:\Users\tahak\ogproject\adaptiveface\data\rmfd\AFDB_face_dataset\liuxiang\1_0_liuxiang_0156.jpg,False,True,False,both,0.5376016497612,guojingfei
fusion_max,Roberto_Cercelletta,C:\Users\tahak\ogproject\adaptiveface\data\lfw\Roberto_Cercelletta\Roberto_Cercelletta_0001.jpg,False,False,False,both,0.22342781722545624,tongliya
fusion_max,linyuan,C:\Users\tahak\ogproject\adaptiveface\data\rmfd\AFDB_face_dataset\linyuan\1_0_linyuan_0170.jpg,False,True,False,both,0.46887969970703125,tongliya
fusion_max,Nicanor_Duarte_Frutos,C:\Users\tahak\ogproject\adaptiveface\data\lfw\Nicanor_Duarte_Frutos\Nicanor_Duarte_Frutos_0007.jpg,False,False,False,both,0.2637065649032593,zhangguoli
fusion_max,Zoran_Djindjic,C:\Users\tahak\ogproject\adaptiveface\data\lfw\Zoran_Djindjic\Zoran_Djindjic_0001.jpg,False,False,False,both,0.1388196498155594,lanyingying
fusion_max,qiuze,C:\Users\tahak\ogproject\adaptiveface\data\rmfd\AFDB_masked_face_dataset\qiuze\0_0_0.jpg,True,True,True,both,0.561363697052002,qiuze
fusion_max,chenxiang,C:\Users\tahak\ogproject\adaptiveface\data\rmfd\AFDB_masked_face_dataset\chenxiang\0_0_1.jpg,True,True,True,both,0.35777807235717773,chenxiang
fusion_max,Sammy_Sosa,C:\Users\tahak\ogproject\adaptiveface\data\lfw\Sammy_Sosa\Sammy_Sosa_0001.jpg,False,False,False,both,0.15849678218364716,liudehua
fusion_max,zhangluyi,C:\Users\tahak\ogproject\adaptiveface\data\rmfd\AFDB_face_dataset\zhangluyi\1_0_zhangluyi_0047.jpg,False,True,False,both,0.6534512639045715,zhangluyi
fusion_max,Mel_Gibson,C:\Users\tahak\ogproject\adaptiveface\data\lfw\Mel_Gibson\Mel_Gibson_0002.jpg,False,False,False,both,0.21354958415031433,chenjiaqi
fusion_max,liuyifei,C:\Users\tahak\ogproject\adaptiveface\data\rmfd\AFDB_masked_face_dataset\liuyifei\0_0_0.jpg,True,True,True,both,0.41190165281295776,liuyifei
fusion_max,Ascencion_Barajas,C:\Users\tahak\ogproject\adaptiveface\data\lfw\Ascencion_Barajas\Ascencion_Barajas_0001.jpg,False,False,False,both,0.177774578332901,liuruilin
fusion_max,Nicanor_Duarte_Frutos,C:\Users\tahak\ogproject\adaptiveface\data\lfw\Nicanor_Duarte_Frutos\Nicanor_Duarte_Frutos_0011.jpg,False,False,False,both,0.25627756118774414,zhangguoli
fusion_max,Jason_Statham,C:\Users\tahak\ogproject\adaptiveface\data\lfw\Jason_Statham\Jason_Statham_0001.jpg,False,False,False,both,0.1302040070295334,zhangtianai
fusion_max,Brandon_Lloyd,C:\Users\tahak\ogproject\adaptiveface\data\lfw\Brandon_Lloyd\Brandon_Lloyd_0001.jpg,False,False,False,both,0.17163711786270142,jianailiang
fusion_max,jiangkaitong,C:\Users\tahak\ogproject\adaptiveface\data\rmfd\AFDB_masked_face_dataset\jiangkaitong\0_0_4.jpg,True,True,False,both,0.3091120719909668,masichun
fusion_max,liuye,C:\Users\tahak\ogproject\adaptiveface\data\rmfd\AFDB_masked_face_dataset\liuye\0_0_0.jpg,True,True,True,both,0.4931369423866272,liuye
fusion_max,Nicanor_Duarte_Frutos,C:\Users\tahak\ogproject\adaptiveface\data\lfw\Nicanor_Duarte_Frutos\Nicanor_Duarte_Frutos_0001.jpg,False,False,False,both,0.21748465299606323,xiaozhan
fusion_max,Ian_McKellen,C:\Users\tahak\ogproject\adaptiveface\data\lfw\Ian_McKellen\Ian_McKellen_0001.jpg,False,False,False,both,0.18292281031608582,ruanjingtian
fusion_max,Tommy_Amaker,C:\Users\tahak\ogproject\adaptiveface\data\lfw\Tommy_Amaker\Tommy_Amaker_0001.jpg,False,False,False,both,0.16106979548931122,huangbo
fusion_max,maoxiaotong,C:\Users\tahak\ogproject\adaptiveface\data\rmfd\AFDB_masked_face_dataset\maoxiaotong\0_0_19.jpg,True,True,True,both,0.35580962896347046,wangyuan
fusion_max,mali,C:\Users\tahak\ogproject\adaptiveface\data\rmfd\AFDB_masked_face_dataset\mali\0_0_2.jpg,True,True,True,both,0.4882674217224121,mali
fusion_max,liusongren,C:\Users\tahak\ogproject\adaptiveface\data\rmfd\AFDB_face_dataset\liusongren\1_0_liusongren_0104.jpg,False,True,False,both,0.6008325815200806,liusongren
fusion_max,liuqianhan,C:\Users\tahak\ogproject\adaptiveface\data\rmfd\AFDB_masked_face_dataset\liuqianhan\1_0_0.jpg,True,True,True,both,0.389115571975708,liuqianhan
fusion_max,jiangyiyi,C:\Users\tahak\ogproject\adaptiveface\data\rmfd\AFDB_face_dataset\jiangyiyi\1_0_jiangyiyi_0067.jpg,False,True,False,both,0.40262630581855774,zhangxueying
fusion_max,matianyu,C:\Users\tahak\ogproject\adaptiveface\data\rmfd\AFDB_face_dataset\matianyu\1_0_matianyu_0069.jpg,False,True,False,both,0.6051818132400513,matianyu
fusion_max,jianailiang,C:\Users\tahak\ogproject\adaptiveface\data\rmfd\AFDB_masked_face_dataset\jianailiang\1_0_1.jpg,True,True,True,both,0.24323123693466187,jiangkaitong
fusion_max,Bernard_Law,C:\Users\tahak\ogproject\adaptiveface\data\lfw\Bernard_Law\Bernard_Law_0004.jpg,False,False,False,both,0.16764125227928162,huangbo
fusion_max,chenkun,C:\Users\tahak\ogproject\adaptiveface\data\rmfd\AFDB_face_dataset\chenkun\1_0_chenkun_0050.jpg,False,True,False,both,0.4848344922065735,chenkun
fusion_max,licaihua,C:\Users\tahak\ogproject\adaptiveface\data\rmfd\AFDB_masked_face_dataset\licaihua\0_0_0.jpg,True,True,True,both,0.3364955186843872,licaihua
fusion_max,Bernard_Siegel,C:\Users\tahak\ogproject\adaptiveface\data\lfw\Bernard_Siegel\Bernard_Siegel_0001.jpg,False,False,False,both,0.14533710479736328,chenjiaqi
fusion_max,Kifah_Ajouri,C:\Users\tahak\ogproject\adaptiveface\data\lfw\Kifah_Ajouri\Kifah_Ajouri_0001.jpg,False,False,False,both,0.1626242697238922,huozun
fusion_max,guofucheng,C:\Users\tahak\ogproject\adaptiveface\data\rmfd\AFDB_masked_face_dataset\guofucheng\1_0_6.jpg,True,True,True,both,0.3463589549064636,wangkai
fusion_max,wangkai,C:\Users\tahak\ogproject\adaptiveface\data\rmfd\AFDB_masked_face_dataset\wangkai\0_0_0.jpg,True,True,True,both,0.3930422067642212,wangkai
fusion_max,wangzuxian,C:\Users\tahak\ogproject\adaptiveface\data\rmfd\AFDB_masked_face_dataset\wangzuxian\0_0_16.jpg,True,True,True,both,0.3867385983467102,zhangtianai
fusion_max,tangwei,C:\Users\tahak\ogproject\adaptiveface\data\rmfd\AFDB_masked_face_dataset\tangwei\0_0_0.jpg,True,True,True,both,0.3281397223472595,tangwei
fusion_max,Carlos_Moya,C:\Users\tahak\ogproject\adaptiveface\data\lfw\Carlos_Moya\Carlos_Moya_0006.jpg,False,False,False,both,0.16184009611606598,jianghongbo
fusion_max,Martha_Lucia_Ramirez,C:\Users\tahak\ogproject\adaptiveface\data\lfw\Martha_Lucia_Ramirez\Martha_Lucia_Ramirez_0001.jpg,False,False,False,both,0.2467624545097351,caiyilin
fusion_max,zhangzifeng,C:\Users\tahak\ogproject\adaptiveface\data\rmfd\AFDB_masked_face_dataset\zhangzifeng\1_0_19.jpg,True,True,False,both,0.4193984866142273,zhangzifeng
fusion_max,caobingkun,C:\Users\tahak\ogproject\adaptiveface\data\rmfd\AFDB_masked_face_dataset\caobingkun\0_0_11.jpg,True,True,True,both,0.4055090546607971,caobingkun
fusion_max,liuruilin,C:\Users\tahak\ogproject\adaptiveface\data\rmfd\AFDB_face_dataset\liuruilin\1_0_liuruilin_0293.jpg,False,True,False,both,0.5146563649177551,wangyuan
fusion_max,fengjianyu,C:\Users\tahak\ogproject\adaptiveface\data\rmfd\AFDB_face_dataset\fengjianyu\1_0_fengjianyu_0103.jpg,False,True,False,both,0.3099531829357147,yanyikuan
fusion_max,handongjun,C:\Users\tahak\ogproject\adaptiveface\data\rmfd\AFDB_masked_face_dataset\handongjun\0_0_3.jpg,True,True,True,both,0.3894553780555725,zhengkai
fusion_max,shenmengchen,C:\Users\tahak\ogproject\adaptiveface\data\rmfd\AFDB_masked_face_dataset\shenmengchen\0_0_13.jpg,True,True,True,both,0.2525829076766968,lixirui
fusion_max,zhangluyi,C:\Users\tahak\ogproject\adaptiveface\data\rmfd\AFDB_face_dataset\zhangluyi\1_0_zhangluyi_0103.jpg,False,True,False,both,0.6163477897644043,zhangluyi
fusion_max,mali,C:\Users\tahak\ogproject\adaptiveface\data\rmfd\AFDB_masked_face_dataset\mali\0_0_0.jpg,True,True,True,both,0.5451459884643555,mali
fusion_max,lufangsheng,C:\Users\tahak\ogproject\adaptiveface\data\rmfd\AFDB_masked_face_dataset\lufangsheng\0_0_0.jpg,True,True,True,both,0.4313480257987976,lufangsheng
fusion_max,Zoran_Djindjic,C:\Users\tahak\ogproject\adaptiveface\data\lfw\Zoran_Djindjic\Zoran_Djindjic_0004.jpg,False,False,False,both,0.13114017248153687,shaofeng
fusion_max,xuzheng,C:\Users\tahak\ogproject\adaptiveface\data\rmfd\AFDB_face_dataset\xuzheng\1_0_xuzheng_0059.jpg,False,True,False,both,0.43980687856674194,xuzheng
fusion_max,huojianhua,C:\Users\tahak\ogproject\adaptiveface\data\rmfd\AFDB_face_dataset\huojianhua\1_0_huojianhua_0128.jpg,False,True,False,both,0.4629639983177185,liuruilin
fusion_max,xietingfeng,C:\Users\tahak\ogproject\adaptiveface\data\rmfd\AFDB_masked_face_dataset\xietingfeng\0_0_2.jpg,True,True,True,both,0.2854377329349518,xuhao
fusion_max,zhaoliying,C:\Users\tahak\ogproject\adaptiveface\data\rmfd\AFDB_masked_face_dataset\zhaoliying\1_1_23.jpg,True,True,True,both,0.38272184133529663,xiongnaijin
fusion_max,zhangguoli,C:\Users\tahak\ogproject\adaptiveface\data\rmfd\AFDB_face_dataset\zhangguoli\1_0_zhangguoli_0139.jpg,False,True,False,both,0.5507221221923828,zhangguoli
fusion_max,guofucheng,C:\Users\tahak\ogproject\adaptiveface\data\rmfd\AFDB_face_dataset\guofucheng\1_0_guofucheng_0024.jpg,False,True,False,both,0.4781399965286255,guofucheng
fusion_max,liuqianhan,C:\Users\tahak\ogproject\adaptiveface\data\rmfd\AFDB_face_dataset\liuqianhan\1_0_liuqianhan_0032.jpg,False,True,False,both,0.5065343379974365,mowenwei
fusion_max,huashao,C:\Users\tahak\ogproject\adaptiveface\data\rmfd\AFDB_masked_face_dataset\huashao\0_0_0.jpg,True,True,True,both,0.22446778416633606,caiguoqing
fusion_max,xiena,C:\Users\tahak\ogproject\adaptiveface\data\rmfd\AFDB_masked_face_dataset\xiena\0_0_8.jpg,True,True,True,both,0.2525032162666321,xuhao
fusion_max,linxinru,C:\Users\tahak\ogproject\adaptiveface\data\rmfd\AFDB_face_dataset\linxinru\1_0_linxinru_0242.jpg,False,True,False,both,0.49112027883529663,linxinru
fusion_max,guanxiaotong,C:\Users\tahak\ogproject\adaptiveface\data\rmfd\AFDB_face_dataset\guanxiaotong\1_0_guanxiaotong_0016.jpg,False,True,False,both,0.41212576627731323,guanxiaotong
fusion_max,shuqi,C:\Users\tahak\ogproject\adaptiveface\data\rmfd\AFDB_face_dataset\shuqi\1_0_shuqi_0023.jpg,False,True,False,both,0.529994785785675,xiongnaijin
fusion_max,lixirui,C:\Users\tahak\ogproject\adaptiveface\data\rmfd\AFDB_masked_face_dataset\lixirui\1_0_0.jpg,True,True,True,both,0.30144232511520386,lvyi
fusion_max,songqian,C:\Users\tahak\ogproject\adaptiveface\data\rmfd\AFDB_masked_face_dataset\songqian\1_0_17.jpg,True,True,True,both,0.36011841893196106,tongkeke
fusion_max,ruanjingtian,C:\Users\tahak\ogproject\adaptiveface\data\rmfd\AFDB_masked_face_dataset\ruanjingtian\0_0_1.jpg,True,True,True,both,0.3658687472343445,jiangjinfu
fusion_max,liyifeng,C:\Users\tahak\ogproject\adaptiveface\data\rmfd\AFDB_face_dataset\liyifeng\1_0_liyifeng_0142.jpg,False,True,False,both,0.47581374645233154,liyifeng
fusion_max,yanni,C:\Users\tahak\ogproject\adaptiveface\data\rmfd\AFDB_masked_face_dataset\yanni\0_0_13.jpg,True,True,True,both,0.23566395044326782,liusongren
fusion_max,caobingkun,C:\Users\tahak\ogproject\adaptiveface\data\rmfd\AFDB_face_dataset\caobingkun\1_0_caobingkun_0234.jpg,False,True,False,both,0.44730284810066223,caobingkun
fusion_max,chenfarong,C:\Users\tahak\ogproject\adaptiveface\data\rmfd\AFDB_face_dataset\chenfarong\1_0_chenfarong_0152.jpg,False,True,False,both,0.5322214365005493,chenfarong
fusion_max,yanni,C:\Users\tahak\ogproject\adaptiveface\data\rmfd\AFDB_face_dataset\yanni\1_0_yanni_0039.jpg,False,True,False,both,0.4501532316207886,mali
fusion_max,tongliya,C:\Users\tahak\ogproject\adaptiveface\data\rmfd\AFDB_face_dataset\tongliya\0_0_tongliya_0169.jpg,False,True,False,both,0.6388838291168213,tongliya
fusion_max,zhengkai,C:\Users\tahak\ogproject\adaptiveface\data\rmfd\AFDB_masked_face_dataset\zhengkai\0_1_10.jpg,True,True,True,both,0.37002652883529663,huangxuan
fusion_max,huangbo,C:\Users\tahak\ogproject\adaptiveface\data\rmfd\AFDB_masked_face_dataset\huangbo\0_0_0.jpg,True,True,True,both,0.4084174335002899,huangbo
fusion_max,hujing,C:\Users\tahak\ogproject\adaptiveface\data\rmfd\AFDB_masked_face_dataset\hujing\0_0_33.jpg,True,True,True,both,0.4143829345703125,hujing
fusion_max,chenxiang,C:\Users\tahak\ogproject\adaptiveface\data\rmfd\AFDB_face_dataset\chenxiang\1_0_chenxiang_0002.jpg,False,True,False,both,0.4292030930519104,liyifeng
fusion_max,mowenwei,C:\Users\tahak\ogproject\adaptiveface\data\rmfd\AFDB_masked_face_dataset\mowenwei\0_0_1.jpg,True,True,True,both,0.24266336858272552,liusongren
fusion_max,huangbo,C:\Users\tahak\ogproject\adaptiveface\data\rmfd\AFDB_masked_face_dataset\huangbo\0_0_1.jpg,True,True,True,both,0.38332599401474,huangbo
fusion_max,masichun,C:\Users\tahak\ogproject\adaptiveface\data\rmfd\AFDB_face_dataset\masichun\1_0_masichun_0171.jpg,False,True,False,both,0.44564616680145264,masichun
fusion_max,caizhuoyan,C:\Users\tahak\ogproject\adaptiveface\data\rmfd\AFDB_face_dataset\caizhuoyan\1_0_caizhuoyan_0077.jpg,False,True,False,both,0.49761125445365906,gongbeibi
fusion_max,chenjiaqi,C:\Users\tahak\ogproject\adaptiveface\data\rmfd\AFDB_masked_face_dataset\chenjiaqi\0_0_0.jpg,True,True,True,both,0.29664215445518494,wangxiaomin
fusion_max,Ian_McKellen,C:\Users\tahak\ogproject\adaptiveface\data\lfw\Ian_McKellen\Ian_McKellen_0003.jpg,False,False,False,both,0.17643806338310242,chenkun
fusion_max,shuqi,C:\Users\tahak\ogproject\adaptiveface\data\rmfd\AFDB_masked_face_dataset\shuqi\0_0_3.jpg,True,True,True,both,0.31987452507019043,zhouxun
fusion_max,Carlos_Moya,C:\Users\tahak\ogproject\adaptiveface\data\lfw\Carlos_Moya\Carlos_Moya_0011.jpg,False,False,False,both,0.16908933222293854,caizhuoyan
fusion_max,linxinru,C:\Users\tahak\ogproject\adaptiveface\data\rmfd\AFDB_masked_face_dataset\linxinru\0_0_9.jpg,True,True,True,both,0.320245623588562,linxinru
fusion_max,liuxiang,C:\Users\tahak\ogproject\adaptiveface\data\rmfd\AFDB_masked_face_dataset\liuxiang\1_0_11.jpg,True,True,True,both,0.2888438105583191,liuxiang
fusion_max,xiongdailin,C:\Users\tahak\ogproject\adaptiveface\data\rmfd\AFDB_face_dataset\xiongdailin\1_0_xiongdailin_0027.jpg,False,True,False,both,0.5883896946907043,xiongdailin
fusion_max,lidaimo,C:\Users\tahak\ogproject\adaptiveface\data\rmfd\AFDB_face_dataset\lidaimo\1_0_lidaimo_0207.jpg,False,True,False,both,0.38674935698509216,lidaimo
fusion_max,Nicanor_Duarte_Frutos,C:\Users\tahak\ogproject\adaptiveface\data\lfw\Nicanor_Duarte_Frutos\Nicanor_Duarte_Frutos_0008.jpg,False,False,False,both,0.22945398092269897,weidaxun
fusion_max,fengjianyu,C:\Users\tahak\ogproject\adaptiveface\data\rmfd\AFDB_face_dataset\fengjianyu\0_0_fengjianyu_0016.jpg,False,True,False,both,0.307451069355011,lvjiarong
fusion_max,Kenneth_Brill,C:\Users\tahak\ogproject\adaptiveface\data\lfw\Kenneth_Brill\Kenneth_Brill_0001.jpg,False,False,False,both,0.14964008331298828,wangyu
fusion_max,panyueming,C:\Users\tahak\ogproject\adaptiveface\data\rmfd\AFDB_masked_face_dataset\panyueming\0_0_0.jpg,True,True,True,both,0.2600700557231903,huangzhongkun
fusion_max,caiguoqing,C:\Users\tahak\ogproject\adaptiveface\data\rmfd\AFDB_face_dataset\caiguoqing\1_0_caiguoqing_0126.jpg,False,True,False,both,0.5705762505531311,caiguoqing
fusion_max,xiongdailin,C:\Users\tahak\ogproject\adaptiveface\data\rmfd\AFDB_face_dataset\xiongdailin\1_0_xiongdailin_0083.jpg,False,True,False,both,0.6826940178871155,xiongdailin
fusion_max,liuruilin,C:\Users\tahak\ogproject\adaptiveface\data\rmfd\AFDB_masked_face_dataset\liuruilin\0_0_0.jpg,True,True,True,both,0.33230942487716675,liuxiang
fusion_max,masichun,C:\Users\tahak\ogproject\adaptiveface\data\rmfd\AFDB_masked_face_dataset\masichun\0_0_4.png,True,True,True,both,0.4310860335826874,xuhao
fusion_max,Carlo_Ancelotti,C:\Users\tahak\ogproject\adaptiveface\data\lfw\Carlo_Ancelotti\Carlo_Ancelotti_0001.jpg,False,False,False,both,0.17097896337509155,zhangjingjing
fusion_max,lanyingying,C:\Users\tahak\ogproject\adaptiveface\data\rmfd\AFDB_masked_face_dataset\lanyingying\1_1_2.jpg,True,True,True,both,0.3749047517776489,lanyingying
fusion_max,sunyizhou,C:\Users\tahak\ogproject\adaptiveface\data\rmfd\AFDB_face_dataset\sunyizhou\0_0_sunyizhou_0046.jpg,False,True,False,both,0.5243880748748779,sunyizhou
fusion_max,xudongdong,C:\Users\tahak\ogproject\adaptiveface\data\rmfd\AFDB_face_dataset\xudongdong\1_0_xudongdong_0188.jpg,False,True,False,both,0.4324142038822174,xudongdong
fusion_max,huangxiaoming,C:\Users\tahak\ogproject\adaptiveface\data\rmfd\AFDB_face_dataset\huangxiaoming\1_0_huangxiaoming_0199.jpg,False,True,False,both,0.4263812303543091,jiangjinfu
fusion_max,gulinazha,C:\Users\tahak\ogproject\adaptiveface\data\rmfd\AFDB_face_dataset\gulinazha\0_0_gulinazha_0104.jpg,False,True,False,both,0.47816455364227295,wangxiaomin
fusion_max,chenyi,C:\Users\tahak\ogproject\adaptiveface\data\rmfd\AFDB_face_dataset\chenyi\1_0_chenyi_0076.jpg,False,True,False,both,0.5605204105377197,chenyi
fusion_max,Zach_Safrin,C:\Users\tahak\ogproject\adaptiveface\data\lfw\Zach_Safrin\Zach_Safrin_0001.jpg,False,False,False,both,0.14149533212184906,lvjiarong
fusion_max,Pascal_Rheaume,C:\Users\tahak\ogproject\adaptiveface\data\lfw\Pascal_Rheaume\Pascal_Rheaume_0001.jpg,False,False,False,both,0.20242199301719666,xiongnaijin
fusion_max,jingbairan,C:\Users\tahak\ogproject\adaptiveface\data\rmfd\AFDB_face_dataset\jingbairan\1_0_jingbairan_0103.jpg,False,True,False,both,0.5064787864685059,jingbairan
fusion_max,zhangxueying,C:\Users\tahak\ogproject\adaptiveface\data\rmfd\AFDB_masked_face_dataset\zhangxueying\0_0_1.jpg,True,True,True,both,0.3842821717262268,zhangxueying
fusion_max,xuzheng,C:\Users\tahak\ogproject\adaptiveface\data\rmfd\AFDB_masked_face_dataset\xuzheng\0_0_11.jpg,True,True,False,both,0.2525537610054016,zhangguoli
fusion_max,huashao,C:\Users\tahak\ogproject\adaptiveface\data\rmfd\AFDB_face_dataset\huashao\0_0_huashao_0109.jpg,False,True,False,both,0.3796039819717407,zhangdanfeng
fusion_max,guojingjing,C:\Users\tahak\ogproject\adaptiveface\data\rmfd\AFDB_face_dataset\guojingjing\0_0_guojingjing_0005.jpg,False,True,False,both,0.4686123728752136,guojingjing
fusion_max,Carlo_Ancelotti,C:\Users\tahak\ogproject\adaptiveface\data\lfw\Carlo_Ancelotti\Carlo_Ancelotti_0002.jpg,False,False,False,both,0.14564839005470276,mali
fusion_max,Keith_Bogans,C:\Users\tahak\ogproject\adaptiveface\data\lfw\Keith_Bogans\Keith_Bogans_0002.jpg,False,False,False,both,0.15561597049236298,fengjianyu
fusion_max,fengjianyu,C:\Users\tahak\ogproject\adaptiveface\data\rmfd\AFDB_masked_face_dataset\fengjianyu\0_0_0.jpg,True,True,True,both,0.2965296506881714,fengjianyu
fusion_max,zhangxueyou,C:\Users\tahak\ogproject\adaptiveface\data\rmfd\AFDB_masked_face_dataset\zhangxueyou\0_0_0.jpg,True,True,True,both,0.4154609441757202,zhangxueyou
fusion_max,maoxiaotong,C:\Users\tahak\ogproject\adaptiveface\data\rmfd\AFDB_face_dataset\maoxiaotong\1_0_maoxiaotong_0037.jpg,False,True,False,both,0.4088079333305359,tongkeke
fusion_max,wulei,C:\Users\tahak\ogproject\adaptiveface\data\rmfd\AFDB_face_dataset\wulei\1_0_wulei_0131.jpg,False,True,False,both,0.5088208317756653,yanyikuan
fusion_max,gutianle,C:\Users\tahak\ogproject\adaptiveface\data\rmfd\AFDB_masked_face_dataset\gutianle\0_1_6.jpg,True,True,True,both,0.3905550241470337,gutianle
fusion_max,gutianle,C:\Users\tahak\ogproject\adaptiveface\data\rmfd\AFDB_face_dataset\gutianle\1_0_gutianle_0124.jpg,False,True,False,both,0.5728063583374023,gutianle
fusion_max,liuqianhan,C:\Users\tahak\ogproject\adaptiveface\data\rmfd\AFDB_face_dataset\liuqianhan\1_0_liuqianhan_0255.jpg,False,True,False,both,0.5300392508506775,liuqianhan
fusion_max,huangzitao,C:\Users\tahak\ogproject\adaptiveface\data\rmfd\AFDB_masked_face_dataset\huangzitao\0_0_11.jpg,True,True,False,both,0.38867294788360596,xuhao
fusion_max,Carlos_Moya,C:\Users\tahak\ogproject\adaptiveface\data\lfw\Carlos_Moya\Carlos_Moya_0008.jpg,False,False,False,both,0.13979238271713257,zhaoliying
fusion_max,Rafeeuddin_Ahmed,C:\Users\tahak\ogproject\adaptiveface\data\lfw\Rafeeuddin_Ahmed\Rafeeuddin_Ahmed_0001.jpg,False,False,False,both,0.14060364663600922,wangkai
fusion_max,zhouxun,C:\Users\tahak\ogproject\adaptiveface\data\rmfd\AFDB_face_dataset\zhouxun\0_0_zhouxun_0157.jpg,False,True,False,both,0.46814966201782227,wangou
fusion_max,zhaoyihuan,C:\Users\tahak\ogproject\adaptiveface\data\rmfd\AFDB_masked_face_dataset\zhaoyihuan\0_0_0.jpg,True,True,True,both,0.4013291895389557,zhaoyihuan
fusion_max,wangou,C:\Users\tahak\ogproject\adaptiveface\data\rmfd\AFDB_face_dataset\wangou\1_0_wangou_0203.jpg,False,True,False,both,0.43882864713668823,daipeini
fusion_max,licaihua,C:\Users\tahak\ogproject\adaptiveface\data\rmfd\AFDB_face_dataset\licaihua\0_0_licaihua_0197.jpg,False,True,False,both,0.49243417382240295,licaihua
fusion_max,mowenwei,C:\Users\tahak\ogproject\adaptiveface\data\rmfd\AFDB_face_dataset\mowenwei\1_0_mowenwei_0050.jpg,False,True,False,both,0.4391159415245056,mowenwei
fusion_max,caobingkun,C:\Users\tahak\ogproject\adaptiveface\data\rmfd\AFDB_face_dataset\caobingkun\0_0_caobingkun_0198.jpg,False,True,False,both,0.5550582408905029,caobingkun
fusion_max,liusongren,C:\Users\tahak\ogproject\adaptiveface\data\rmfd\AFDB_face_dataset\liusongren\1_0_liusongren_0081.jpg,False,True,False,both,0.6217477917671204,liusongren
fusion_max,wulei,C:\Users\tahak\ogproject\adaptiveface\data\rmfd\AFDB_face_dataset\wulei\1_0_wulei_0069.jpg,False,True,False,both,0.40196138620376587,panyueming
fusion_max,guanxiaotong,C:\Users\tahak\ogproject\adaptiveface\data\rmfd\AFDB_masked_face_dataset\guanxiaotong\0_0_29.jpg,True,True,True,both,0.27874961495399475,huangbo
fusion_max,yangzi,C:\Users\tahak\ogproject\adaptiveface\data\rmfd\AFDB_masked_face_dataset\yangzi\0_0_25.jpg,True,True,True,both,0.2790905833244324,zhengkai
fusion_max,tongkeke,C:\Users\tahak\ogproject\adaptiveface\data\rmfd\AFDB_masked_face_dataset\tongkeke\0_0_3.jpg,True,True,True,both,0.7315682172775269,tongkeke
fusion_max,Tyrone_Medley,C:\Users\tahak\ogproject\adaptiveface\data\lfw\Tyrone_Medley\Tyrone_Medley_0001.jpg,False,False,False,both,0.14720270037651062,liuruilin
fusion_max,dingding,C:\Users\tahak\ogproject\adaptiveface\data\rmfd\AFDB_face_dataset\dingding\1_0_dingding_0011.jpg,False,True,False,both,0.39011552929878235,liuyifei
fusion_max,Tim_Conway,C:\Users\tahak\ogproject\adaptiveface\data\lfw\Tim_Conway\Tim_Conway_0002.jpg,False,False,False,both,0.13476525247097015,matianyu
fusion_max,Lawrence_MacAulay,C:\Users\tahak\ogproject\adaptiveface\data\lfw\Lawrence_MacAulay\Lawrence_MacAulay_0001.jpg,False,False,False,both,0.15773726999759674,xuhao
fusion_max,lanyingying,C:\Users\tahak\ogproject\adaptiveface\data\rmfd\AFDB_masked_face_dataset\lanyingying\1_0_2.jpg,True,True,True,both,0.2532058358192444,wangqing
fusion_max,matianyu,C:\Users\tahak\ogproject\adaptiveface\data\rmfd\AFDB_masked_face_dataset\matianyu\0_0_0.jpg,True,True,True,both,0.3098311722278595,yangqianhua
fusion_max,linjing,C:\Users\tahak\ogproject\adaptiveface\data\rmfd\AFDB_masked_face_dataset\linjing\0_0_0.jpeg,True,True,False,both,0.3481430411338806,gulinazha
fusion_max,wangluodan,C:\Users\tahak\ogproject\adaptiveface\data\rmfd\AFDB_face_dataset\wangluodan\1_0_wangluodan_0010.jpg,False,True,False,both,0.459405779838562,wangluodan
fusion_max,Mark_Hurlbert,C:\Users\tahak\ogproject\adaptiveface\data\lfw\Mark_Hurlbert\Mark_Hurlbert_0003.jpg,False,False,False,both,0.16334044933319092,chenkun
fusion_max,songxiaobo,C:\Users\tahak\ogproject\adaptiveface\data\rmfd\AFDB_masked_face_dataset\songxiaobo\0_0_1.jpg,True,True,True,both,0.3588392436504364,liuxiang
fusion_max,raowei,C:\Users\tahak\ogproject\adaptiveface\data\rmfd\AFDB_face_dataset\raowei\1_0_raowei_0010.jpg,False,True,False,both,0.5658636093139648,huangzitao
fusion_max,hanqingzi,C:\Users\tahak\ogproject\adaptiveface\data\rmfd\AFDB_face_dataset\hanqingzi\1_0_hanqingzi_0133.jpg,False,True,False,both,0.45017069578170776,guanxiaotong
fusion_max,Billy_Sollie,C:\Users\tahak\ogproject\adaptiveface\data\lfw\Billy_Sollie\Billy_Sollie_0002.jpg,False,False,False,both,0.1977347880601883,zhangdanfeng
fusion_max,huangxiaoming,C:\Users\tahak\ogproject\adaptiveface\data\rmfd\AFDB_face_dataset\huangxiaoming\1_0_huangxiaoming_0088.jpg,False,True,False,both,0.4679238796234131,huangxiaoming
fusion_max,lianghanwen,C:\Users\tahak\ogproject\adaptiveface\data\rmfd\AFDB_face_dataset\lianghanwen\1_0_lianghanwen_0210.jpg,False,True,False,both,0.4692614674568176,lianghanwen
fusion_max,Carlos_Moya,C:\Users\tahak\ogproject\adaptiveface\data\lfw\Carlos_Moya\Carlos_Moya_0013.jpg,False,False,False,both,0.1619773656129837,liushishi
fusion_max,zhaoyazhi,C:\Users\tahak\ogproject\adaptiveface\data\rmfd\AFDB_masked_face_dataset\zhaoyazhi\1_1_6.jpg,True,True,True,both,0.2798030376434326,mali
fusion_max,liyifeng,C:\Users\tahak\ogproject\adaptiveface\data\rmfd\AFDB_masked_face_dataset\liyifeng\0_0_13.jpg,True,True,True,both,0.34368032217025757,xiaozhan
fusion_max,xiaozhan,C:\Users\tahak\ogproject\adaptiveface\data\rmfd\AFDB_face_dataset\xiaozhan\0_0_xiaozhan_0191.jpg,False,True,False,both,0.5110211372375488,xiaozhan
fusion_max,Carlos_Moya,C:\Users\tahak\ogproject\adaptiveface\data\lfw\Carlos_Moya\Carlos_Moya_0001.jpg,False,False,False,both,0.14044414460659027,wangqing
fusion_max,zhangyi,C:\Users\tahak\ogproject\adaptiveface\data\rmfd\AFDB_face_dataset\zhangyi\1_0_zhangyi_0256.jpg,False,True,False,both,0.4726923704147339,zhangyi
fusion_max,zhangxinyu,C:\Users\tahak\ogproject\adaptiveface\data\rmfd\AFDB_masked_face_dataset\zhangxinyu\1_0_0.jpg,True,True,False,both,0.384692519903183,lanyingying
fusion_max,Keith_Bogans,C:\Users\tahak\ogproject\adaptiveface\data\lfw\Keith_Bogans\Keith_Bogans_0003.jpg,False,False,False,both,0.2370692640542984,fengjianyu
fusion_max,xinzhilei,C:\Users\tahak\ogproject\adaptiveface\data\rmfd\AFDB_face_dataset\xinzhilei\1_0_xinzhilei_0068.jpg,False,True,False,both,0.39936402440071106,xinzhilei
fusion_max,Nicanor_Duarte_Frutos,C:\Users\tahak\ogproject\adaptiveface\data\lfw\Nicanor_Duarte_Frutos\Nicanor_Duarte_Frutos_0004.jpg,False,False,False,both,0.24479854106903076,zhangguoli
fusion_max,zhanghuiwen,C:\Users\tahak\ogproject\adaptiveface\data\rmfd\AFDB_masked_face_dataset\zhanghuiwen\0_0_2.jpg,True,True,True,both,0.333091139793396,zhanghuiwen
fusion_max,Claudia_Coslovich,C:\Users\tahak\ogproject\adaptiveface\data\lfw\Claudia_Coslovich\Claudia_Coslovich_0001.jpg,False,False,False,both,0.16743433475494385,yangzi
fusion_max,Intisar_Ajouri,C:\Users\tahak\ogproject\adaptiveface\data\lfw\Intisar_Ajouri\Intisar_Ajouri_0002.jpg,False,False,False,both,0.2405344694852829,lidaimo
fusion_max,Carlos_Moya,C:\Users\tahak\ogproject\adaptiveface\data\lfw\Carlos_Moya\Carlos_Moya_0016.jpg,False,False,False,both,0.11972913146018982,zhanghuiwen
fusion_max,wangxiaomin,C:\Users\tahak\ogproject\adaptiveface\data\rmfd\AFDB_face_dataset\wangxiaomin\0_0_wangxiaomin_0179.jpg,False,True,False,both,0.4265667796134949,guanxiaotong
fusion_max,weidaxun,C:\Users\tahak\ogproject\adaptiveface\data\rmfd\AFDB_face_dataset\weidaxun\1_0_weidaxun_0097.jpg,False,True,False,both,0.4349740147590637,jingbairan
fusion_max,tangwei,C:\Users\tahak\ogproject\adaptiveface\data\rmfd\AFDB_face_dataset\tangwei\1_0_tangwei_0239.jpg,False,True,False,both,0.5763522386550903,tangwei
fusion_max,Thomas_Bjorn,C:\Users\tahak\ogproject\adaptiveface\data\lfw\Thomas_Bjorn\Thomas_Bjorn_0001.jpg,False,False,False,both,0.1778378039598465,tangwei
fusion_max,Carlos_Moya,C:\Users\tahak\ogproject\adaptiveface\data\lfw\Carlos_Moya\Carlos_Moya_0007.jpg,False,False,False,both,0.1330450475215912,liuruilin
fusion_max,zhouhuimin,C:\Users\tahak\ogproject\adaptiveface\data\rmfd\AFDB_masked_face_dataset\zhouhuimin\0_0_0.jpg,True,True,True,both,0.43689966201782227,lvjiarong
fusion_max,Russell_Crowe,C:\Users\tahak\ogproject\adaptiveface\data\lfw\Russell_Crowe\Russell_Crowe_0001.jpg,False,False,False,both,0.23147180676460266,zhangbo
fusion_max,zhanghuiwen,C:\Users\tahak\ogproject\adaptiveface\data\rmfd\AFDB_face_dataset\zhanghuiwen\1_0_zhanghuiwen_0016.jpg,False,True,False,both,0.4153081774711609,zhanghuiwen
fusion_max,dingding,C:\Users\tahak\ogproject\adaptiveface\data\rmfd\AFDB_masked_face_dataset\dingding\0_0_5.jpg,True,True,False,both,0.3654633164405823,liudehua
fusion_max,lianghanwen,C:\Users\tahak\ogproject\adaptiveface\data\rmfd\AFDB_masked_face_dataset\lianghanwen\0_0_0.jpg,True,True,True,both,0.29662638902664185,zhangxueyou
fusion_max,caiyilin,C:\Users\tahak\ogproject\adaptiveface\data\rmfd\AFDB_face_dataset\caiyilin\1_0_caiyilin_0132.jpg,False,True,False,both,0.4510883688926697,tongliya
fusion_max,Carlos_Moya,C:\Users\tahak\ogproject\adaptiveface\data\lfw\Carlos_Moya\Carlos_Moya_0019.jpg,False,False,False,both,0.15126295387744904,liuxiang
fusion_max,tongkeke,C:\Users\tahak\ogproject\adaptiveface\data\rmfd\AFDB_face_dataset\tongkeke\1_0_tongkeke_0067.jpg,False,True,False,both,0.4690958261489868,tongkeke
fusion_max,Pete_Rose,C:\Users\tahak\ogproject\adaptiveface\data\lfw\Pete_Rose\Pete_Rose_0002.jpg,False,False,False,both,0.16580399870872498,jiangjinfu
fusion_max,zhouhuimin,C:\Users\tahak\ogproject\adaptiveface\data\rmfd\AFDB_face_dataset\zhouhuimin\1_0_zhouhuimin_0212.jpg,False,True,False,both,0.5421979427337646,zhouhuimin
fusion_max,wangou,C:\Users\tahak\ogproject\adaptiveface\data\rmfd\AFDB_masked_face_dataset\wangou\0_0_0.jpg,True,True,True,both,0.30376753211021423,lanyingying
fusion_max,Carlos_Moya,C:\Users\tahak\ogproject\adaptiveface\data\lfw\Carlos_Moya\Carlos_Moya_0009.jpg,False,False,False,both,0.17483589053153992,jianghongbo
fusion_max,Tim_Conway,C:\Users\tahak\ogproject\adaptiveface\data\lfw\Tim_Conway\Tim_Conway_0001.jpg,False,False,False,both,0.1912384033203125,wangkai
fusion_max,Martha_Lucia_Ramirez,C:\Users\tahak\ogproject\adaptiveface\data\lfw\Martha_Lucia_Ramirez\Martha_Lucia_Ramirez_0003.jpg,False,False,False,both,0.21592015027999878,yuyi
fusion_max,Nicanor_Duarte_Frutos,C:\Users\tahak\ogproject\adaptiveface\data\lfw\Nicanor_Duarte_Frutos\Nicanor_Duarte_Frutos_0009.jpg,False,False,False,both,0.16844460368156433,xiaozhan
fusion_max,Nicolas_Kiefer,C:\Users\tahak\ogproject\adaptiveface\data\lfw\Nicolas_Kiefer\Nicolas_Kiefer_0001.jpg,False,False,False,both,0.22040267288684845,wangkai
fusion_max,qinjunjie,C:\Users\tahak\ogproject\adaptiveface\data\rmfd\AFDB_face_dataset\qinjunjie\1_0_qinjunjie_0079.jpg,False,True,False,both,0.4117495119571686,lufangsheng
fusion_max,guofucheng,C:\Users\tahak\ogproject\adaptiveface\data\rmfd\AFDB_masked_face_dataset\guofucheng\0_0_7.jpg,True,True,True,both,0.42673730850219727,wangluodan
fusion_max,Bilal_Erdogan,C:\Users\tahak\ogproject\adaptiveface\data\lfw\Bilal_Erdogan\Bilal_Erdogan_0001.jpg,False,False,False,both,0.1694641262292862,liusongren
fusion_max,Robert_Wagner,C:\Users\tahak\ogproject\adaptiveface\data\lfw\Robert_Wagner\Robert_Wagner_0001.jpg,False,False,False,both,0.18571457266807556,huge
fusion_max,xinzhilei,C:\Users\tahak\ogproject\adaptiveface\data\rmfd\AFDB_masked_face_dataset\xinzhilei\0_0_0.jpg,True,True,True,both,0.23280727863311768,wangxiaomin
fusion_max,huozun,C:\Users\tahak\ogproject\adaptiveface\data\rmfd\AFDB_masked_face_dataset\huozun\0_0_4.jpg,True,True,True,both,0.34757524728775024,huozun
fusion_max,qiuze,C:\Users\tahak\ogproject\adaptiveface\data\rmfd\AFDB_masked_face_dataset\qiuze\0_0_2.jpg,True,True,True,both,0.48223358392715454,qiuze
fusion_max,gulinazha,C:\Users\tahak\ogproject\adaptiveface\data\rmfd\AFDB_face_dataset\gulinazha\1_0_gulinazha_0027.jpg,False,True,False,both,0.461162269115448,lvjiarong
fusion_max,jiangjinfu,C:\Users\tahak\ogproject\adaptiveface\data\rmfd\AFDB_face_dataset\jiangjinfu\1_0_jiangjinfu_0043.jpg,False,True,False,both,0.5296190977096558,jiangjinfu
fusion_max,chenfarong,C:\Users\tahak\ogproject\adaptiveface\data\rmfd\AFDB_masked_face_dataset\chenfarong\0_0_0.jpg,True,True,True,both,0.403983473777771,yangzi
fusion_max,yeyiqian,C:\Users\tahak\ogproject\adaptiveface\data\rmfd\AFDB_face_dataset\yeyiqian\1_0_yeyiqian_0040.jpg,False,True,False,both,0.4687882661819458,mali
fusion_max,caiyilin,C:\Users\tahak\ogproject\adaptiveface\data\rmfd\AFDB_face_dataset\caiyilin\1_0_caiyilin_0047.jpg,False,True,False,both,0.5920162200927734,caiyilin
fusion_max,Eliane_Karp,C:\Users\tahak\ogproject\adaptiveface\data\lfw\Eliane_Karp\Eliane_Karp_0004.jpg,False,False,False,both,0.21059298515319824,hujing
fusion_max,yanni,C:\Users\tahak\ogproject\adaptiveface\data\rmfd\AFDB_face_dataset\yanni\1_0_yanni_0106.jpg,False,True,False,both,0.5516252517700195,yanni
fusion_max,luozhixiang,C:\Users\tahak\ogproject\adaptiveface\data\rmfd\AFDB_face_dataset\luozhixiang\1_0_luozhixiang_0057.jpg,False,True,False,both,0.5326491594314575,zhangdanfeng
fusion_max,liyapeng,C:\Users\tahak\ogproject\adaptiveface\data\rmfd\AFDB_masked_face_dataset\liyapeng\0_0_0.jpg,True,True,True,both,0.3541640043258667,liyapeng
fusion_max,liuyifei,C:\Users\tahak\ogproject\adaptiveface\data\rmfd\AFDB_face_dataset\liuyifei\1_0_liuyifei_0098.jpg,False,True,False,both,0.34909600019454956,liushishi
fusion_max,gulinazha,C:\Users\tahak\ogproject\adaptiveface\data\rmfd\AFDB_masked_face_dataset\gulinazha\0_0_18.jpg,True,True,True,both,0.4521721303462982,gulinazha
fusion_max,Lawrence_MacAulay,C:\Users\tahak\ogproject\adaptiveface\data\lfw\Lawrence_MacAulay\Lawrence_MacAulay_0002.jpg,False,False,False,both,0.2234993577003479,huangzhongkun
fusion_max,Bernard_Landry,C:\Users\tahak\ogproject\adaptiveface\data\lfw\Bernard_Landry\Bernard_Landry_0002.jpg,False,False,False,both,0.17941568791866302,qiuze
fusion_max,wulei,C:\Users\tahak\ogproject\adaptiveface\data\rmfd\AFDB_masked_face_dataset\wulei\0_0_1.jpg,True,True,True,both,0.2751767039299011,wulei
fusion_max,guojingfei,C:\Users\tahak\ogproject\adaptiveface\data\rmfd\AFDB_face_dataset\guojingfei\1_0_guojingfei_0126.jpg,False,True,False,both,0.4864136576652527,zhangdanfeng
fusion_max,xuezhiqian,C:\Users\tahak\ogproject\adaptiveface\data\rmfd\AFDB_masked_face_dataset\xuezhiqian\1_0_14.jpg,True,True,True,both,0.23144368827342987,guojingfei
fusion_max,Michael_Phelps,C:\Users\tahak\ogproject\adaptiveface\data\lfw\Michael_Phelps\Michael_Phelps_0001.jpg,False,False,False,both,0.19312836229801178,huangxiaoming
fusion_max,Dino_Risi,C:\Users\tahak\ogproject\adaptiveface\data\lfw\Dino_Risi\Dino_Risi_0001.jpg,False,False,False,both,0.168523907661438,yeyiqian
fusion_max,huangxuan,C:\Users\tahak\ogproject\adaptiveface\data\rmfd\AFDB_masked_face_dataset\huangxuan\0_0_11.jpg,True,True,True,both,0.2223227620124817,huangbo
fusion_max,zhangtianai,C:\Users\tahak\ogproject\adaptiveface\data\rmfd\AFDB_face_dataset\zhangtianai\1_0_zhangtianai_0017.jpg,False,True,False,both,0.6596031188964844,zhangtianai
fusion_max,liyapeng,C:\Users\tahak\ogproject\adaptiveface\data\rmfd\AFDB_face_dataset\liyapeng\1_0_liyapeng_0074.jpg,False,True,False,both,0.4978052079677582,liyapeng
fusion_max,linyuan,C:\Users\tahak\ogproject\adaptiveface\data\rmfd\AFDB_masked_face_dataset\linyuan\0_0_0.jpg,True,True,True,both,0.29326099157333374,linyuan
fusion_max,xuezhiqian,C:\Users\tahak\ogproject\adaptiveface\data\rmfd\AFDB_face_dataset\xuezhiqian\0_0_xuezhiqian_0039.jpg,False,True,False,both,0.34422188997268677,huojianhua
fusion_max,wangxiaomin,C:\Users\tahak\ogproject\adaptiveface\data\rmfd\AFDB_face_dataset\wangxiaomin\1_0_wangxiaomin_0135.jpg,False,True,False,both,0.56158047914505,xiongnaijin
fusion_max,Ann_Landers,C:\Users\tahak\ogproject\adaptiveface\data\lfw\Ann_Landers\Ann_Landers_0001.jpg,False,False,False,both,0.22385726869106293,yuyi
fusion_max,panyueming,C:\Users\tahak\ogproject\adaptiveface\data\rmfd\AFDB_face_dataset\panyueming\1_0_panyueming_0051.jpg,False,True,False,both,0.5432426929473877,panyueming
fusion_max,fanwei,C:\Users\tahak\ogproject\adaptiveface\data\rmfd\AFDB_face_dataset\fanwei\1_0_fanwei_0036.jpg,False,True,False,both,0.4976835250854492,fanwei
fusion_max,shuqi,C:\Users\tahak\ogproject\adaptiveface\data\rmfd\AFDB_face_dataset\shuqi\1_0_shuqi_0004.jpg,False,True,False,both,0.4484429359436035,zhouhuimin
fusion_max,dazhangwei,C:\Users\tahak\ogproject\adaptiveface\data\rmfd\AFDB_face_dataset\dazhangwei\1_0_dazhangwei_0019.jpg,False,True,False,both,0.4202231168746948,zhengyecheng
fusion_max,masu,C:\Users\tahak\ogproject\adaptiveface\data\rmfd\AFDB_masked_face_dataset\masu\0_0_19.jpg,True,True,True,both,0.2558390498161316,lanyingying
fusion_max,pengjing,C:\Users\tahak\ogproject\adaptiveface\data\rmfd\AFDB_face_dataset\pengjing\1_0_pengjing_0017.jpg,False,True,False,both,0.5452663898468018,tongliya
fusion_max,jiangyiyi,C:\Users\tahak\ogproject\adaptiveface\data\rmfd\AFDB_face_dataset\jiangyiyi\1_0_jiangyiyi_0202.jpg,False,True,False,both,0.4742881655693054,jiangyiyi
fusion_max,xuxidi,C:\Users\tahak\ogproject\adaptiveface\data\rmfd\AFDB_face_dataset\xuxidi\1_0_xuxidi_0002.jpg,False,True,False,both,0.5180283784866333,xuxidi
fusion_max,Darryl_McDaniels,C:\Users\tahak\ogproject\adaptiveface\data\lfw\Darryl_McDaniels\Darryl_McDaniels_0001.jpg,False,False,False,both,0.151753768324852,lidaimo
fusion_max,hejiong,C:\Users\tahak\ogproject\adaptiveface\data\rmfd\AFDB_face_dataset\hejiong\0_0_hejiong_0165.jpg,False,True,False,both,0.4399884045124054,hejiong
fusion_max,xuhaiqiao,C:\Users\tahak\ogproject\adaptiveface\data\rmfd\AFDB_face_dataset\xuhaiqiao\1_0_xuhaiqiao_0058.jpg,False,True,False,both,0.49671289324760437,zhangbinbin
fusion_max,xiongnaijin,C:\Users\tahak\ogproject\adaptiveface\data\rmfd\AFDB_masked_face_dataset\xiongnaijin\1_1_2.jpg,True,True,True,both,0.42251497507095337,lanyingying
fusion_max,Zoran_Djindjic,C:\Users\tahak\ogproject\adaptiveface\data\lfw\Zoran_Djindjic\Zoran_Djindjic_0003.jpg,False,False,False,both,0.1476835310459137,lanyingying
fusion_max,Mel_Gibson,C:\Users\tahak\ogproject\adaptiveface\data\lfw\Mel_Gibson\Mel_Gibson_0001.jpg,False,False,False,both,0.1723499596118927,wangqing
fusion_max,lixiang,C:\Users\tahak\ogproject\adaptiveface\data\rmfd\AFDB_face_dataset\lixiang\1_0_lixiang_0118.jpg,False,True,False,both,0.614072322845459,lixiang
fusion_max,zhanghanyun,C:\Users\tahak\ogproject\adaptiveface\data\rmfd\AFDB_masked_face_dataset\zhanghanyun\0_0_6.jpg,True,True,True,both,0.3645097613334656,zhanghanyun
fusion_max,jianghongbo,C:\Users\tahak\ogproject\adaptiveface\data\rmfd\AFDB_masked_face_dataset\jianghongbo\0_0_1.jpg,True,True,True,both,0.43839216232299805,jianghongbo
fusion_max,songxiaobo,C:\Users\tahak\ogproject\adaptiveface\data\rmfd\AFDB_masked_face_dataset\songxiaobo\0_0_0.jpg,True,True,True,both,0.41040104627609253,liyifeng
fusion_max,Michael_Phelps,C:\Users\tahak\ogproject\adaptiveface\data\lfw\Michael_Phelps\Michael_Phelps_0004.jpg,False,False,False,both,0.1970822960138321,jianghongbo
fusion_max,yeyiqian,C:\Users\tahak\ogproject\adaptiveface\data\rmfd\AFDB_masked_face_dataset\yeyiqian\0_0_20.jpg,True,True,True,both,0.4430459141731262,mali
fusion_max,wangyuan,C:\Users\tahak\ogproject\adaptiveface\data\rmfd\AFDB_face_dataset\wangyuan\1_0_wangyuan_0057.jpg,False,True,False,both,0.7230573892593384,wangyuan
fusion_max,zhangxinyu,C:\Users\tahak\ogproject\adaptiveface\data\rmfd\AFDB_face_dataset\zhangxinyu\1_0_zhangxinyu_0002.jpg,False,True,False,both,0.5740972757339478,zhanghuiwen
fusion_max,wangzuxian,C:\Users\tahak\ogproject\adaptiveface\data\rmfd\AFDB_masked_face_dataset\wangzuxian\0_0_18.jpg,True,True,True,both,0.42609357833862305,zhangtianai
fusion_max,zhangdanfeng,C:\Users\tahak\ogproject\adaptiveface\data\rmfd\AFDB_masked_face_dataset\zhangdanfeng\0_0_0.png,True,True,True,both,0.3619192838668823,huge
fusion_max,wuzhenyu,C:\Users\tahak\ogproject\adaptiveface\data\rmfd\AFDB_face_dataset\wuzhenyu\1_0_wuzhenyu_0010.jpg,False,True,False,both,0.5522273182868958,wuzhenyu
fusion_max,fanwei,C:\Users\tahak\ogproject\adaptiveface\data\rmfd\AFDB_masked_face_dataset\fanwei\0_0_1.png,True,True,True,both,0.3353096842765808,fanwei
fusion_max,sunyizhou,C:\Users\tahak\ogproject\adaptiveface\data\rmfd\AFDB_face_dataset\sunyizhou\0_0_sunyizhou_0152.jpg,False,True,False,both,0.5111813545227051,sunyizhou
fusion_max,lvyi,C:\Users\tahak\ogproject\adaptiveface\data\rmfd\AFDB_face_dataset\lvyi\1_0_lvyi_0012.jpg,False,True,False,both,0.3814043402671814,lvyi
fusion_max,xiaozhan,C:\Users\tahak\ogproject\adaptiveface\data\rmfd\AFDB_masked_face_dataset\xiaozhan\0_0_5.jpg,True,True,True,both,0.3787193298339844,zhangbinbin
fusion_max,guofucheng,C:\Users\tahak\ogproject\adaptiveface\data\rmfd\AFDB_face_dataset\guofucheng\0_0_guofucheng_0128.jpg,False,True,False,both,0.43637868762016296,guofucheng
fusion_max,jianghongbo,C:\Users\tahak\ogproject\adaptiveface\data\rmfd\AFDB_face_dataset\jianghongbo\1_0_jianghongbo_0235.jpg,False,True,False,both,0.45700621604919434,yanni
fusion_max,wuzhenyu,C:\Users\tahak\ogproject\adaptiveface\data\rmfd\AFDB_masked_face_dataset\wuzhenyu\0_0_6.jpg,True,True,True,both,0.3725889027118683,wuzhenyu
fusion_max,zhangtianai,C:\Users\tahak\ogproject\adaptiveface\data\rmfd\AFDB_masked_face_dataset\zhangtianai\0_0_1.jpg,True,True,True,both,0.2446361482143402,caiyilin
fusion_max,lvjiarong,C:\Users\tahak\ogproject\adaptiveface\data\rmfd\AFDB_masked_face_dataset\lvjiarong\0_0_0.jpg,True,True,True,both,0.3635423183441162,hujing
fusion_max,huge,C:\Users\tahak\ogproject\adaptiveface\data\rmfd\AFDB_masked_face_dataset\huge\1_0_10.jpg,True,True,True,both,0.2945409119129181,lvyi
fusion_max,zhangshaohan,C:\Users\tahak\ogproject\adaptiveface\data\rmfd\AFDB_face_dataset\zhangshaohan\1_0_zhangshaohan_0146.jpg,False,True,False,both,0.47743967175483704,zhouhuimin
fusion_max,Carlos_Moya,C:\Users\tahak\ogproject\adaptiveface\data\lfw\Carlos_Moya\Carlos_Moya_0003.jpg,False,False,False,both,0.1595083475112915,gongbeibi
fusion_max,xuhao,C:\Users\tahak\ogproject\adaptiveface\data\rmfd\AFDB_face_dataset\xuhao\1_0_xuhao_0191.jpg,False,True,False,both,0.5999839305877686,xuhao
fusion_max,hejiong,C:\Users\tahak\ogproject\adaptiveface\data\rmfd\AFDB_face_dataset\hejiong\1_0_hejiong_0101.jpg,False,True,False,both,0.3785746395587921,hejiong
fusion_max,zhangshaohan,C:\Users\tahak\ogproject\adaptiveface\data\rmfd\AFDB_masked_face_dataset\zhangshaohan\0_0_0.jpg,True,True,True,both,0.22804862260818481,fanwei
fusion_max,caiyilin,C:\Users\tahak\ogproject\adaptiveface\data\rmfd\AFDB_masked_face_dataset\caiyilin\0_0_5.jpg,True,True,True,both,0.17654506862163544,tanweiwei
fusion_max,Kifah_Ajouri,C:\Users\tahak\ogproject\adaptiveface\data\lfw\Kifah_Ajouri\Kifah_Ajouri_0002.jpg,False,False,False,both,0.2100447416305542,xuzheng
fusion_max,huashao,C:\Users\tahak\ogproject\adaptiveface\data\rmfd\AFDB_face_dataset\huashao\0_0_huashao_0073.jpg,False,True,False,both,0.2769628167152405,yangzi
fusion_max,zhangliangying,C:\Users\tahak\ogproject\adaptiveface\data\rmfd\AFDB_masked_face_dataset\zhangliangying\0_0_2.jpg,True,True,True,both,0.2914341688156128,zhangliangying
fusion_max,wangyu,C:\Users\tahak\ogproject\adaptiveface\data\rmfd\AFDB_masked_face_dataset\wangyu\0_1_0.jpg,True,True,True,both,0.3048253357410431,zhangbinbin
fusion_max,jianailiang,C:\Users\tahak\ogproject\adaptiveface\data\rmfd\AFDB_face_dataset\jianailiang\1_0_jianailiang_0167.jpg,False,True,False,both,0.4847825765609741,zhangdanfeng
fusion_max,zhangjingjing,C:\Users\tahak\ogproject\adaptiveface\data\rmfd\AFDB_masked_face_dataset\zhangjingjing\0_0_0.jpg,True,True,True,both,0.40786266326904297,liushishi
fusion_max,wangqing,C:\Users\tahak\ogproject\adaptiveface\data\rmfd\AFDB_masked_face_dataset\wangqing\0_0_33.jpg,True,True,True,both,0.4231124818325043,xuhao
fusion_max,Carlos_Moya,C:\Users\tahak\ogproject\adaptiveface\data\lfw\Carlos_Moya\Carlos_Moya_0010.jpg,False,False,False,both,0.13861891627311707,zhaoliying
fusion_max,Charles_Richardson,C:\Users\tahak\ogproject\adaptiveface\data\lfw\Charles_Richardson\Charles_Richardson_0001.jpg,False,False,False,both,0.22888118028640747,yuyi
fusion_max,yingcaier,C:\Users\tahak\ogproject\adaptiveface\data\rmfd\AFDB_face_dataset\yingcaier\1_0_yingcaier_0128.jpg,False,True,False,both,0.5938998460769653,zhouhuimin
fusion_max,shaofeng,C:\Users\tahak\ogproject\adaptiveface\data\rmfd\AFDB_face_dataset\shaofeng\1_0_shaofeng_0057.jpg,False,True,False,both,0.6172088384628296,shaofeng
fusion_max,dazhangwei,C:\Users\tahak\ogproject\adaptiveface\data\rmfd\AFDB_face_dataset\dazhangwei\1_0_dazhangwei_0079.jpg,False,True,False,both,0.4609858989715576,yanyikuan
fusion_max,Ian_McKellen,C:\Users\tahak\ogproject\adaptiveface\data\lfw\Ian_McKellen\Ian_McKellen_0002.jpg,False,False,False,both,0.21098271012306213,hujing
fusion_max,liuyifei,C:\Users\tahak\ogproject\adaptiveface\data\rmfd\AFDB_face_dataset\liuyifei\1_0_liuyifei_0137.jpg,False,True,False,both,0.6179869174957275,liuyifei
fusion_max,linyichen,C:\Users\tahak\ogproject\adaptiveface\data\rmfd\AFDB_masked_face_dataset\linyichen\1_0_2.jpg,True,True,True,both,0.3596210479736328,jianghongbo
fusion_max,zhouhuimin,C:\Users\tahak\ogproject\adaptiveface\data\rmfd\AFDB_face_dataset\zhouhuimin\1_0_zhouhuimin_0226.jpg,False,True,False,both,0.4863775372505188,zhouhuimin
fusion_max,Bernard_Law,C:\Users\tahak\ogproject\adaptiveface\data\lfw\Bernard_Law\Bernard_Law_0003.jpg,False,False,False,both,0.1619558036327362,lianghanwen
fusion_max,shuqi,C:\Users\tahak\ogproject\adaptiveface\data\rmfd\AFDB_masked_face_dataset\shuqi\1_0_1.jpg,True,True,False,both,0.3242163062095642,zhouxun
fusion_max,Mark_Hurlbert,C:\Users\tahak\ogproject\adaptiveface\data\lfw\Mark_Hurlbert\Mark_Hurlbert_0002.jpg,False,False,False,both,0.13838399946689606,chenkun
fusion_max,liudehua,C:\Users\tahak\ogproject\adaptiveface\data\rmfd\AFDB_masked_face_dataset\liudehua\0_0_8.jpg,True,True,True,both,0.4055549204349518,liudehua
fusion_max,wangyu,C:\Users\tahak\ogproject\adaptiveface\data\rmfd\AFDB_face_dataset\wangyu\1_0_wangyu_0210.jpg,False,True,False,both,0.5337835550308228,gutianle
fusion_max,zhanghanyun,C:\Users\tahak\ogproject\adaptiveface\data\rmfd\AFDB_masked_face_dataset\zhanghanyun\0_0_11.jpg,True,True,True,both,0.33831900358200073,zhanghanyun
fusion_max,liudehua,C:\Users\tahak\ogproject\adaptiveface\data\rmfd\AFDB_masked_face_dataset\liudehua\0_1_1.jpg,True,True,True,both,0.38151898980140686,liudehua
fusion_max,wuzhenyu,C:\Users\tahak\ogproject\adaptiveface\data\rmfd\AFDB_masked_face_dataset\wuzhenyu\0_1_5.jpg,True,True,True,both,0.6211044788360596,wuzhenyu
fusion_max,tanweiwei,C:\Users\tahak\ogproject\adaptiveface\data\rmfd\AFDB_face_dataset\tanweiwei\1_0_tanweiwei_0024.jpg,False,True,False,both,0.3382861018180847,xuxidi
fusion_max,yanyikuan,C:\Users\tahak\ogproject\adaptiveface\data\rmfd\AFDB_masked_face_dataset\yanyikuan\0_0_3.jpg,True,True,True,both,0.31668680906295776,yanyikuan
fusion_max,zhangxueying,C:\Users\tahak\ogproject\adaptiveface\data\rmfd\AFDB_face_dataset\zhangxueying\1_0_zhangxueying_0181.jpg,False,True,False,both,0.5519120693206787,zhangxueying
fusion_max,xuzheng,C:\Users\tahak\ogproject\adaptiveface\data\rmfd\AFDB_face_dataset\xuzheng\1_0_xuzheng_0147.jpg,False,True,False,both,0.49354028701782227,xuzheng
fusion_max,Michael_Phelps,C:\Users\tahak\ogproject\adaptiveface\data\lfw\Michael_Phelps\Michael_Phelps_0003.jpg,False,False,False,both,0.23600199818611145,huangrihua
fusion_max,zhangbinbin,C:\Users\tahak\ogproject\adaptiveface\data\rmfd\AFDB_face_dataset\zhangbinbin\1_0_zhangbinbin_0194.jpg,False,True,False,both,0.5745962858200073,zhangbinbin
fusion_max,hanqingzi,C:\Users\tahak\ogproject\adaptiveface\data\rmfd\AFDB_masked_face_dataset\hanqingzi\0_0_1.jpg,True,True,True,both,0.3013996183872223,zhaoliying
fusion_max,zhouxun,C:\Users\tahak\ogproject\adaptiveface\data\rmfd\AFDB_face_dataset\zhouxun\0_0_zhouxun_0089.jpg,False,True,False,both,0.44337400794029236,zhouxun
fusion_max,yanni,C:\Users\tahak\ogproject\adaptiveface\data\rmfd\AFDB_masked_face_dataset\yanni\0_0_17.jpg,True,True,True,both,0.19138582050800323,hejiong
fusion_max,zhangxinyu,C:\Users\tahak\ogproject\adaptiveface\data\rmfd\AFDB_masked_face_dataset\zhangxinyu\1_0_21.jpg,True,True,False,both,0.4076578617095947,lanyingying
fusion_max,masu,C:\Users\tahak\ogproject\adaptiveface\data\rmfd\AFDB_face_dataset\masu\1_0_masu_0145.jpg,False,True,False,both,0.5171847343444824,masu
fusion_max,benxi,C:\Users\tahak\ogproject\adaptiveface\data\rmfd\AFDB_face_dataset\benxi\1_0_benxi_0100.jpg,False,True,False,both,0.41005074977874756,xieanqi
fusion_max,pengjing,C:\Users\tahak\ogproject\adaptiveface\data\rmfd\AFDB_masked_face_dataset\pengjing\0_0_20.jpg,True,True,True,both,0.19903022050857544,gulinazha
fusion_max,zhanghanyun,C:\Users\tahak\ogproject\adaptiveface\data\rmfd\AFDB_face_dataset\zhanghanyun\0_0_zhanghanyun_0149.jpg,False,True,False,both,0.5136770009994507,zhaoliying
fusion_max,tangwei,C:\Users\tahak\ogproject\adaptiveface\data\rmfd\AFDB_face_dataset\tangwei\1_0_tangwei_0004.jpg,False,True,False,both,0.44643574953079224,tanweiwei
fusion_max,Keith_Bogans,C:\Users\tahak\ogproject\adaptiveface\data\lfw\Keith_Bogans\Keith_Bogans_0001.jpg,False,False,False,both,0.20463308691978455,huozun
fusion_max,maqiguang,C:\Users\tahak\ogproject\adaptiveface\data\rmfd\AFDB_face_dataset\maqiguang\1_0_maqiguang_0003.jpg,False,True,False,both,0.4380853772163391,maqiguang
fusion_max,guanxiaotong,C:\Users\tahak\ogproject\adaptiveface\data\rmfd\AFDB_face_dataset\guanxiaotong\1_0_guanxiaotong_0080.jpg,False,True,False,both,0.5906795263290405,guanxiaotong
fusion_max,hujing,C:\Users\tahak\ogproject\adaptiveface\data\rmfd\AFDB_face_dataset\hujing\1_0_hujing_0176.jpg,False,True,False,both,0.4886649549007416,wangxiaomin
fusion_max,Diego_Colorado,C:\Users\tahak\ogproject\adaptiveface\data\lfw\Diego_Colorado\Diego_Colorado_0001.jpg,False,False,False,both,0.1675826758146286,chenxiang
fusion_max,zhangbo,C:\Users\tahak\ogproject\adaptiveface\data\rmfd\AFDB_masked_face_dataset\zhangbo\0_0_0.jpg,True,True,True,both,0.3950354754924774,zhangbo
fusion_max,linjing,C:\Users\tahak\ogproject\adaptiveface\data\rmfd\AFDB_face_dataset\linjing\1_0_linjing_0053.jpg,False,True,False,both,0.559014081954956,linjing
fusion_max,Yoon_Young-kwan,C:\Users\tahak\ogproject\adaptiveface\data\lfw\Yoon_Young-kwan\Yoon_Young-kwan_0001.jpg,False,False,False,both,0.24293506145477295,xietingfeng
fusion_max,huxia,C:\Users\tahak\ogproject\adaptiveface\data\rmfd\AFDB_face_dataset\huxia\1_0_huxia_0078.jpg,False,True,False,both,0.44083264470100403,pengjing
fusion_max,luozhixiang,C:\Users\tahak\ogproject\adaptiveface\data\rmfd\AFDB_masked_face_dataset\luozhixiang\0_0_0.jpg,True,True,True,both,0.23860307037830353,matianyu
fusion_max,yangzi,C:\Users\tahak\ogproject\adaptiveface\data\rmfd\AFDB_face_dataset\yangzi\0_0_yangzi_0076.jpg,False,True,False,both,0.46361231803894043,yangzi
fusion_max,liyapeng,C:\Users\tahak\ogproject\adaptiveface\data\rmfd\AFDB_face_dataset\liyapeng\1_0_liyapeng_0138.jpg,False,True,False,both,0.357166051864624,liyapeng
fusion_max,yinengjing,C:\Users\tahak\ogproject\adaptiveface\data\rmfd\AFDB_face_dataset\yinengjing\1_0_yinengjing_0051.jpg,False,True,False,both,0.5029679536819458,yinengjing
fusion_max,Michael_Chiklis,C:\Users\tahak\ogproject\adaptiveface\data\lfw\Michael_Chiklis\Michael_Chiklis_0001.jpg,False,False,False,both,0.1734936684370041,zhangguoli
fusion_max,Omar_Vizquel,C:\Users\tahak\ogproject\adaptiveface\data\lfw\Omar_Vizquel\Omar_Vizquel_0001.jpg,False,False,False,both,0.1542271226644516,zhaoliying
fusion_max,maoxiaotong,C:\Users\tahak\ogproject\adaptiveface\data\rmfd\AFDB_face_dataset\maoxiaotong\0_0_maoxiaotong_0122.jpg,False,True,False,both,0.45906466245651245,masu
fusion_max,huxia,C:\Users\tahak\ogproject\adaptiveface\data\rmfd\AFDB_masked_face_dataset\huxia\0_0_18.jpg,True,True,True,both,0.32654738426208496,chenfarong
fusion_max,zhanghuiwen,C:\Users\tahak\ogproject\adaptiveface\data\rmfd\AFDB_face_dataset\zhanghuiwen\1_0_zhanghuiwen_0035.jpg,False,True,False,both,0.6654486656188965,zhanghuiwen
fusion_max,mowenwei,C:\Users\tahak\ogproject\adaptiveface\data\rmfd\AFDB_face_dataset\mowenwei\1_0_mowenwei_0016.jpg,False,True,False,both,0.40858638286590576,mowenwei
fusion_max,jiangjinfu,C:\Users\tahak\ogproject\adaptiveface\data\rmfd\AFDB_masked_face_dataset\jiangjinfu\1_0_15.jpg,True,True,True,both,0.4514670968055725,jiangjinfu
fusion_max,raowei,C:\Users\tahak\ogproject\adaptiveface\data\rmfd\AFDB_masked_face_dataset\raowei\0_0_3.jpg,True,True,False,both,0.3451758027076721,linyuan
fusion_max,jianghongbo,C:\Users\tahak\ogproject\adaptiveface\data\rmfd\AFDB_face_dataset\jianghongbo\1_0_jianghongbo_0127.jpg,False,True,False,both,0.46021872758865356,jianghongbo
fusion_max,guojingjing,C:\Users\tahak\ogproject\adaptiveface\data\rmfd\AFDB_masked_face_dataset\guojingjing\0_0_4.jpg,True,True,True,both,0.3996020555496216,huangxuan
fusion_max,huangzhongkun,C:\Users\tahak\ogproject\adaptiveface\data\rmfd\AFDB_face_dataset\huangzhongkun\1_0_huangzhongkun_0117.jpg,False,True,False,both,0.5310254096984863,huangzhongkun
fusion_max,zhangxueyou,C:\Users\tahak\ogproject\adaptiveface\data\rmfd\AFDB_masked_face_dataset\zhangxueyou\0_0_1.jpg,True,True,True,both,0.3586169481277466,chenxiang
fusion_max,huangxuan,C:\Users\tahak\ogproject\adaptiveface\data\rmfd\AFDB_face_dataset\huangxuan\1_0_huangxuan_0020.jpg,False,True,False,both,0.4895283877849579,huangxuan
fusion_max,handongjun,C:\Users\tahak\ogproject\adaptiveface\data\rmfd\AFDB_face_dataset\handongjun\1_0_handongjun_0209.jpg,False,True,False,both,0.35160914063453674,zhangbinbin
fusion_max,xiena,C:\Users\tahak\ogproject\adaptiveface\data\rmfd\AFDB_face_dataset\xiena\1_0_xiena_0233.jpg,False,True,False,both,0.5094208717346191,xiongnaijin
fusion_max,lvyi,C:\Users\tahak\ogproject\adaptiveface\data\rmfd\AFDB_masked_face_dataset\lvyi\0_0_0.png,True,True,True,both,0.27402976155281067,jianghongbo
fusion_max,caizhuoyan,C:\Users\tahak\ogproject\adaptiveface\data\rmfd\AFDB_face_dataset\caizhuoyan\1_0_caizhuoyan_0053.jpg,False,True,False,both,0.5217955708503723,linxinru
fusion_max,Sean_Patrick_Thomas,C:\Users\tahak\ogproject\adaptiveface\data\lfw\Sean_Patrick_Thomas\Sean_Patrick_Thomas_0001.jpg,False,False,False,both,0.2244274616241455,hejiong
fusion_max,raowei,C:\Users\tahak\ogproject\adaptiveface\data\rmfd\AFDB_face_dataset\raowei\1_0_raowei_0019.jpg,False,True,False,both,0.37159639596939087,wangyu
fusion_max,jiangjinfu,C:\Users\tahak\ogproject\adaptiveface\data\rmfd\AFDB_face_dataset\jiangjinfu\1_0_jiangjinfu_0233.jpg,False,True,False,both,0.44162243604660034,jiangjinfu
fusion_max,Michael_Chiklis,C:\Users\tahak\ogproject\adaptiveface\data\lfw\Michael_Chiklis\Michael_Chiklis_0003.jpg,False,False,False,both,0.16628411412239075,wuzhenyu
fusion_max,Carlos_Moya,C:\Users\tahak\ogproject\adaptiveface\data\lfw\Carlos_Moya\Carlos_Moya_0018.jpg,False,False,False,both,0.1552000492811203,wangyuan
fusion_max,maqiguang,C:\Users\tahak\ogproject\adaptiveface\data\rmfd\AFDB_masked_face_dataset\maqiguang\0_0_0.jpg,True,True,True,both,0.3104954659938812,yinzheng
fusion_max,zhanghuiwen,C:\Users\tahak\ogproject\adaptiveface\data\rmfd\AFDB_masked_face_dataset\zhanghuiwen\1_0_8.jpg,True,True,False,both,0.45390188694000244,zhanghuiwen
fusion_max,gongbeibi,C:\Users\tahak\ogproject\adaptiveface\data\rmfd\AFDB_masked_face_dataset\gongbeibi\0_0_0.jpg,True,True,True,both,0.41960471868515015,gongbeibi
fusion_max,Terry_Lynn_Barton,C:\Users\tahak\ogproject\adaptiveface\data\lfw\Terry_Lynn_Barton\Terry_Lynn_Barton_0001.jpg,False,False,False,both,0.24539053440093994,zhangxueyou
fusion_max,huangzitao,C:\Users\tahak\ogproject\adaptiveface\data\rmfd\AFDB_face_dataset\huangzitao\1_0_huangzitao_0117.jpg,False,True,False,both,0.5113412737846375,huangzitao
fusion_max,yuyi,C:\Users\tahak\ogproject\adaptiveface\data\rmfd\AFDB_face_dataset\yuyi\1_0_yuyi_0040.jpg,False,True,False,both,0.6655364036560059,yuyi
fusion_max,huojianhua,C:\Users\tahak\ogproject\adaptiveface\data\rmfd\AFDB_masked_face_dataset\huojianhua\0_1_26.jpg,True,True,True,both,0.4175318777561188,huojianhua
fusion_max,xuhao,C:\Users\tahak\ogproject\adaptiveface\data\rmfd\AFDB_face_dataset\xuhao\1_0_xuhao_0135.jpg,False,True,False,both,0.4498159885406494,xuhao
fusion_max,zhangbinbin,C:\Users\tahak\ogproject\adaptiveface\data\rmfd\AFDB_masked_face_dataset\zhangbinbin\0_0_0.jpg,True,True,True,both,0.3701174259185791,zhangbinbin
fusion_max,huge,C:\Users\tahak\ogproject\adaptiveface\data\rmfd\AFDB_face_dataset\huge\1_0_huge_0004.jpg,False,True,False,both,0.6095410585403442,huge
fusion_max,wangluodan,C:\Users\tahak\ogproject\adaptiveface\data\rmfd\AFDB_masked_face_dataset\wangluodan\0_0_14.jpg,True,True,True,both,0.28934869170188904,wangluodan
fusion_max,mali,C:\Users\tahak\ogproject\adaptiveface\data\rmfd\AFDB_face_dataset\mali\1_0_mali_0011.jpg,False,True,False,both,0.4187116026878357,mali
fusion_max,liudehua,C:\Users\tahak\ogproject\adaptiveface\data\rmfd\AFDB_face_dataset\liudehua\0_0_liudehua_0095.jpg,False,True,False,both,0.6169050931930542,liudehua
fusion_max,duwenze,C:\Users\tahak\ogproject\adaptiveface\data\rmfd\AFDB_face_dataset\duwenze\1_0_duwenze_0004.jpg,False,True,False,both,0.6154628992080688,duwenze
fusion_max,Kellie_Coffey,C:\Users\tahak\ogproject\adaptiveface\data\lfw\Kellie_Coffey\Kellie_Coffey_0001.jpg,False,False,False,both,0.24887797236442566,zhaoyihuan
fusion_max,xiongnaijin,C:\Users\tahak\ogproject\adaptiveface\data\rmfd\AFDB_masked_face_dataset\xiongnaijin\0_0_2.jpg,True,True,True,both,0.42405974864959717,zhaoliying
fusion_max,fengjianyu,C:\Users\tahak\ogproject\adaptiveface\data\rmfd\AFDB_masked_face_dataset\fengjianyu\0_0_1.jpg,True,True,True,both,0.33808666467666626,fengjianyu
fusion_max,zhangdanfeng,C:\Users\tahak\ogproject\adaptiveface\data\rmfd\AFDB_face_dataset\zhangdanfeng\1_0_zhangdanfeng_0104.jpg,False,True,False,both,0.6642700433731079,zhangdanfeng
fusion_max,xuhaiqiao,C:\Users\tahak\ogproject\adaptiveface\data\rmfd\AFDB_masked_face_dataset\xuhaiqiao\0_0_11.jpg,True,True,True,both,0.2372918426990509,masichun
fusion_max,fanwei,C:\Users\tahak\ogproject\adaptiveface\data\rmfd\AFDB_masked_face_dataset\fanwei\0_0_0.png,True,True,True,both,0.381033718585968,fanwei
fusion_max,wangluodan,C:\Users\tahak\ogproject\adaptiveface\data\rmfd\AFDB_face_dataset\wangluodan\1_0_wangluodan_0014.jpg,False,True,False,both,0.48299163579940796,wangxiaomin
fusion_max,Nicanor_Duarte_Frutos,C:\Users\tahak\ogproject\adaptiveface\data\lfw\Nicanor_Duarte_Frutos\Nicanor_Duarte_Frutos_0003.jpg,False,False,False,both,0.2012391835451126,yinzheng
fusion_max,linjing,C:\Users\tahak\ogproject\adaptiveface\data\rmfd\AFDB_face_dataset\linjing\1_0_linjing_0106.jpg,False,True,False,both,0.3511609137058258,linjing
fusion_max,duwenze,C:\Users\tahak\ogproject\adaptiveface\data\rmfd\AFDB_face_dataset\duwenze\1_0_duwenze_0071.jpg,False,True,False,both,0.49173539876937866,duwenze
fusion_max,xietingfeng,C:\Users\tahak\ogproject\adaptiveface\data\rmfd\AFDB_face_dataset\xietingfeng\1_0_xietingfeng_0191.jpg,False,True,False,both,0.47315213084220886,xietingfeng
fusion_max,Carlos_Lordkipanitse,C:\Users\tahak\ogproject\adaptiveface\data\lfw\Carlos_Lordkipanitse\Carlos_Lordkipanitse_0001.jpg,False,False,False,both,0.13344106078147888,gulinazha
fusion_max,Duncan_Fletcher,C:\Users\tahak\ogproject\adaptiveface\data\lfw\Duncan_Fletcher\Duncan_Fletcher_0001.jpg,False,False,False,both,0.14291396737098694,lanyingying
fusion_max,handongjun,C:\Users\tahak\ogproject\adaptiveface\data\rmfd\AFDB_masked_face_dataset\handongjun\0_0_1.png,True,True,True,both,0.29011204838752747,lvjiarong
fusion_max,benxi,C:\Users\tahak\ogproject\adaptiveface\data\rmfd\AFDB_face_dataset\benxi\1_0_benxi_0042.jpg,False,True,False,both,0.448890745639801,zhuowenxuan
fusion_max,qinjunjie,C:\Users\tahak\ogproject\adaptiveface\data\rmfd\AFDB_masked_face_dataset\qinjunjie\0_0_5.jpg,True,True,True,both,0.2942546010017395,lanyingying
fusion_max,zhangjingjing,C:\Users\tahak\ogproject\adaptiveface\data\rmfd\AFDB_face_dataset\zhangjingjing\1_0_zhangjingjing_0006.jpg,False,True,False,both,0.4555725157260895,zhouhuimin
fusion_max,xieanqi,C:\Users\tahak\ogproject\adaptiveface\data\rmfd\AFDB_face_dataset\xieanqi\1_0_xieanqi_0059.jpg,False,True,False,both,0.43353527784347534,xieanqi
fusion_max,liuyifei,C:\Users\tahak\ogproject\adaptiveface\data\rmfd\AFDB_masked_face_dataset\liuyifei\1_0_1.jpg,True,True,True,both,0.33243346214294434,xuhao
fusion_max,huangxuan,C:\Users\tahak\ogproject\adaptiveface\data\rmfd\AFDB_face_dataset\huangxuan\1_0_huangxuan_0013.jpg,False,True,False,both,0.4980965256690979,huangxuan
fusion_max,yumenglong,C:\Users\tahak\ogproject\adaptiveface\data\rmfd\AFDB_masked_face_dataset\yumenglong\0_0_2.jpg,True,True,True,both,0.32722264528274536,lixiang
fusion_max,Mark_Broxmeyer,C:\Users\tahak\ogproject\adaptiveface\data\lfw\Mark_Broxmeyer\Mark_Broxmeyer_0001.jpg,False,False,False,both,0.24923816323280334,wuzhenyu
fusion_max,ruanjingtian,C:\Users\tahak\ogproject\adaptiveface\data\rmfd\AFDB_face_dataset\ruanjingtian\1_0_ruanjingtian_0125.jpg,False,True,False,both,0.5374565124511719,ruanjingtian
fusion_max,gutianle,C:\Users\tahak\ogproject\adaptiveface\data\rmfd\AFDB_face_dataset\gutianle\1_0_gutianle_0053.jpg,False,True,False,both,0.5873628854751587,gutianle
fusion_max,Bernard_Landry,C:\Users\tahak\ogproject\adaptiveface\data\lfw\Bernard_Landry\Bernard_Landry_0001.jpg,False,False,False,both,0.21178936958312988,qiuze
fusion_max,chenyi,C:\Users\tahak\ogproject\adaptiveface\data\rmfd\AFDB_face_dataset\chenyi\1_0_chenyi_0050.jpg,False,True,False,both,0.4763376712799072,chenyi
fusion_max,zhangzifeng,C:\Users\tahak\ogproject\adaptiveface\data\rmfd\AFDB_face_dataset\zhangzifeng\1_0_zhangzifeng_0074.jpg,False,True,False,both,0.5225834846496582,zhuowenxuan
fusion_max,Carlos_Moya,C:\Users\tahak\ogproject\adaptiveface\data\lfw\Carlos_Moya\Carlos_Moya_0014.jpg,False,False,False,both,0.1279222071170807,zhuowenxuan
fusion_max,xiena,C:\Users\tahak\ogproject\adaptiveface\data\rmfd\AFDB_masked_face_dataset\xiena\1_1_1.jpg,True,True,False,both,0.33998194336891174,xiongnaijin
fusion_max,xiaozhan,C:\Users\tahak\ogproject\adaptiveface\data\rmfd\AFDB_face_dataset\xiaozhan\1_0_xiaozhan_0156.jpg,False,True,False,both,0.514214277267456,xiaozhan
fusion_max,hejiong,C:\Users\tahak\ogproject\adaptiveface\data\rmfd\AFDB_masked_face_dataset\hejiong\0_0_1.jpg,True,True,False,both,0.1809612512588501,masichun
fusion_max,matianyu,C:\Users\tahak\ogproject\adaptiveface\data\rmfd\AFDB_face_dataset\matianyu\1_0_matianyu_0153.jpg,False,True,False,both,0.43639352917671204,zhengyecheng
fusion_max,zhangbo,C:\Users\tahak\ogproject\adaptiveface\data\rmfd\AFDB_face_dataset\zhangbo\1_0_zhangbo_0195.jpg,False,True,False,both,0.3906756043434143,zhangbo
fusion_max,Shania_Twain,C:\Users\tahak\ogproject\adaptiveface\data\lfw\Shania_Twain\Shania_Twain_0001.jpg,False,False,False,both,0.18674594163894653,chenyi
fusion_max,xietingfeng,C:\Users\tahak\ogproject\adaptiveface\data\rmfd\AFDB_face_dataset\xietingfeng\1_0_xietingfeng_0155.jpg,False,True,False,both,0.7128146290779114,xietingfeng
fusion_max,songqian,C:\Users\tahak\ogproject\adaptiveface\data\rmfd\AFDB_face_dataset\songqian\1_0_songqian_0200.jpg,False,True,False,both,0.3535051941871643,hanqingzi
fusion_max,jiangkaitong,C:\Users\tahak\ogproject\adaptiveface\data\rmfd\AFDB_face_dataset\jiangkaitong\1_0_jiangkaitong_0082.jpg,False,True,False,both,0.39728623628616333,wangxiaomin
fusion_max,Nicanor_Duarte_Frutos,C:\Users\tahak\ogproject\adaptiveface\data\lfw\Nicanor_Duarte_Frutos\Nicanor_Duarte_Frutos_0006.jpg,False,False,False,both,0.17735958099365234,liuruilin
fusion_max,huangbo,C:\Users\tahak\ogproject\adaptiveface\data\rmfd\AFDB_face_dataset\huangbo\1_0_huangbo_0110.jpg,False,True,False,both,0.5209176540374756,huangbo
fusion_max,huangrihua,C:\Users\tahak\ogproject\adaptiveface\data\rmfd\AFDB_masked_face_dataset\huangrihua\0_0_5.jpg,True,True,True,both,0.2751125693321228,huangbo
fusion_max,shenmengchen,C:\Users\tahak\ogproject\adaptiveface\data\rmfd\AFDB_face_dataset\shenmengchen\1_0_shenmengchen_0108.jpg,False,True,False,both,0.5618375539779663,shenmengchen
fusion_max,songxiaobo,C:\Users\tahak\ogproject\adaptiveface\data\rmfd\AFDB_face_dataset\songxiaobo\1_0_songxiaobo_0198.jpg,False,True,False,both,0.39130711555480957,liuruilin
fusion_max,xiena,C:\Users\tahak\ogproject\adaptiveface\data\rmfd\AFDB_face_dataset\xiena\1_0_xiena_0017.jpg,False,True,False,both,0.4652709662914276,zhanghanyun
fusion_max,tongkeke,C:\Users\tahak\ogproject\adaptiveface\data\rmfd\AFDB_face_dataset\tongkeke\0_0_tongkeke_0188.jpg,False,True,False,both,0.5649902820587158,tongkeke
fusion_max,Nicanor_Duarte_Frutos,C:\Users\tahak\ogproject\adaptiveface\data\lfw\Nicanor_Duarte_Frutos\Nicanor_Duarte_Frutos_0005.jpg,False,False,False,both,0.232240229845047,liuxiang
fusion_max,Mark_Hurlbert,C:\Users\tahak\ogproject\adaptiveface\data\lfw\Mark_Hurlbert\Mark_Hurlbert_0004.jpg,False,False,False,both,0.23046156764030457,zhourunfa
fusion_max,Virgina_Ruano_Pascal,C:\Users\tahak\ogproject\adaptiveface\data\lfw\Virgina_Ruano_Pascal\Virgina_Ruano_Pascal_0001.jpg,False,False,False,both,0.21498404443264008,hujing
fusion_max,gulinazha,C:\Users\tahak\ogproject\adaptiveface\data\rmfd\AFDB_masked_face_dataset\gulinazha\0_0_1.jpg,True,True,True,both,0.3457784056663513,yeyiqian
fusion_max,xuhaiqiao,C:\Users\tahak\ogproject\adaptiveface\data\rmfd\AFDB_face_dataset\xuhaiqiao\1_0_xuhaiqiao_0103.jpg,False,True,False,both,0.35233330726623535,qiuze
fusion_max,Michael_Phelps,C:\Users\tahak\ogproject\adaptiveface\data\lfw\Michael_Phelps\Michael_Phelps_0005.jpg,False,False,False,both,0.25415074825286865,lufangsheng
fusion_max,licaihua,C:\Users\tahak\ogproject\adaptiveface\data\rmfd\AFDB_face_dataset\licaihua\1_0_licaihua_0188.jpg,False,True,False,both,0.4614110589027405,wangxiaomin
fusion_max,masichun,C:\Users\tahak\ogproject\adaptiveface\data\rmfd\AFDB_face_dataset\masichun\1_0_masichun_0135.jpg,False,True,False,both,0.33102846145629883,xieanqi
fusion_max,xieanqi,C:\Users\tahak\ogproject\adaptiveface\data\rmfd\AFDB_masked_face_dataset\xieanqi\0_0_2.jpg,True,True,True,both,0.4086649417877197,shenmengchen
fusion_max,Pete_Rose,C:\Users\tahak\ogproject\adaptiveface\data\lfw\Pete_Rose\Pete_Rose_0001.jpg,False,False,False,both,0.18465447425842285,linjing
fusion_max,gutianle,C:\Users\tahak\ogproject\adaptiveface\data\rmfd\AFDB_masked_face_dataset\gutianle\0_0_17.jpg,True,True,False,both,0.3767462372779846,gutianle
fusion_max,zhangliangying,C:\Users\tahak\ogproject\adaptiveface\data\rmfd\AFDB_face_dataset\zhangliangying\1_0_zhangliangying_0140.jpg,False,True,False,both,0.4362257719039917,yangqianhua
fusion_max,yinengjing,C:\Users\tahak\ogproject\adaptiveface\data\rmfd\AFDB_face_dataset\yinengjing\1_0_yinengjing_0099.jpg,False,True,False,both,0.4799206256866455,yinengjing
fusion_max,lanyingying,C:\Users\tahak\ogproject\adaptiveface\data\rmfd\AFDB_face_dataset\lanyingying\0_0_lanyingying_0156.jpg,False,True,False,both,0.5437870025634766,shenmengchen
fusion_max,liuruilin,C:\Users\tahak\ogproject\adaptiveface\data\rmfd\AFDB_masked_face_dataset\liuruilin\0_0_4.jpg,True,True,True,both,0.3668009042739868,wangluodan
fusion_max,zhangbo,C:\Users\tahak\ogproject\adaptiveface\data\rmfd\AFDB_masked_face_dataset\zhangbo\0_0_1.jpg,True,True,True,both,0.40600496530532837,xiaozhan
fusion_max,zhangluyi,C:\Users\tahak\ogproject\adaptiveface\data\rmfd\AFDB_masked_face_dataset\zhangluyi\0_0_3.png,True,True,True,both,0.558059811592102,zhangluyi
fusion_max,mali,C:\Users\tahak\ogproject\adaptiveface\data\rmfd\AFDB_face_dataset\mali\1_0_mali_0040.jpg,False,True,False,both,0.48796847462654114,mali
fusion_max,panyueming,C:\Users\tahak\ogproject\adaptiveface\data\rmfd\AFDB_masked_face_dataset\panyueming\0_0_25.jpg,True,True,False,both,0.27165669202804565,wangyuan
fusion_max,Eliane_Karp,C:\Users\tahak\ogproject\adaptiveface\data\lfw\Eliane_Karp\Eliane_Karp_0003.jpg,False,False,False,both,0.2002388834953308,wulei
fusion_max,liuxiang,C:\Users\tahak\ogproject\adaptiveface\data\rmfd\AFDB_masked_face_dataset\liuxiang\0_0_3.jpg,True,True,False,both,0.3958766460418701,liuxiang
fusion_max,Stephen_Glassroth,C:\Users\tahak\ogproject\adaptiveface\data\lfw\Stephen_Glassroth\Stephen_Glassroth_0001.jpg,False,False,False,both,0.18753892183303833,tanweiwei
fusion_max,xuxidi,C:\Users\tahak\ogproject\adaptiveface\data\rmfd\AFDB_masked_face_dataset\xuxidi\1_0_19.jpg,True,True,True,both,0.32994216680526733,chenfarong
fusion_max,benxi,C:\Users\tahak\ogproject\adaptiveface\data\rmfd\AFDB_masked_face_dataset\benxi\0_0_27.jpg,True,True,True,both,0.39107203483581543,xieanqi
fusion_max,zhourunfa,C:\Users\tahak\ogproject\adaptiveface\data\rmfd\AFDB_face_dataset\zhourunfa\1_0_zhourunfa_0098.jpg,False,True,False,both,0.519172191619873,daipeini
fusion_max,tangwei,C:\Users\tahak\ogproject\adaptiveface\data\rmfd\AFDB_masked_face_dataset\tangwei\0_0_11.jpg,True,True,True,both,0.2632066607475281,yangzi
fusion_max,ruanjingtian,C:\Users\tahak\ogproject\adaptiveface\data\rmfd\AFDB_masked_face_dataset\ruanjingtian\0_0_0.jpg,True,True,True,both,0.4978483319282532,ruanjingtian
fusion_max,huangxiaoming,C:\Users\tahak\ogproject\adaptiveface\data\rmfd\AFDB_masked_face_dataset\huangxiaoming\0_0_1.jpg,True,True,True,both,0.24760568141937256,huangxiaoming
fusion_max,yangzi,C:\Users\tahak\ogproject\adaptiveface\data\rmfd\AFDB_masked_face_dataset\yangzi\0_0_23.jpg,True,True,True,both,0.3788365125656128,lanyingying
fusion_max,Sanjay_Chawla,C:\Users\tahak\ogproject\adaptiveface\data\lfw\Sanjay_Chawla\Sanjay_Chawla_0001.jpg,False,False,False,both,0.1708255112171173,huangbo
fusion_max,Intisar_Ajouri,C:\Users\tahak\ogproject\adaptiveface\data\lfw\Intisar_Ajouri\Intisar_Ajouri_0001.jpg,False,False,False,both,0.2060636281967163,hejiong
fusion_max,chenjiaqi,C:\Users\tahak\ogproject\adaptiveface\data\rmfd\AFDB_face_dataset\chenjiaqi\0_0_chenjiaqi_0004.jpg,False,True,False,both,0.38361698389053345,chenjiaqi
fusion_max,lufangsheng,C:\Users\tahak\ogproject\adaptiveface\data\rmfd\AFDB_face_dataset\lufangsheng\1_0_lufangsheng_0161.jpg,False,True,False,both,0.5323702096939087,lufangsheng
fusion_max,Clint_Howard,C:\Users\tahak\ogproject\adaptiveface\data\lfw\Clint_Howard\Clint_Howard_0001.jpg,False,False,False,both,0.173135906457901,jianghongbo
fusion_max,shenmengchen,C:\Users\tahak\ogproject\adaptiveface\data\rmfd\AFDB_face_dataset\shenmengchen\1_0_shenmengchen_0082.jpg,False,True,False,both,0.40392792224884033,zhengyecheng
fusion_max,Michael_Chiklis,C:\Users\tahak\ogproject\adaptiveface\data\lfw\Michael_Chiklis\Michael_Chiklis_0002.jpg,False,False,False,both,0.16952398419380188,liudehua
fusion_max,daipeini,C:\Users\tahak\ogproject\adaptiveface\data\rmfd\AFDB_face_dataset\daipeini\1_0_daipeini_0065.jpg,False,True,False,both,0.6230034828186035,daipeini
fusion_max,caobingkun,C:\Users\tahak\ogproject\adaptiveface\data\rmfd\AFDB_masked_face_dataset\caobingkun\0_0_15.jpg,True,True,True,both,0.3050385117530823,caobingkun
fusion_max,guojingfei,C:\Users\tahak\ogproject\adaptiveface\data\rmfd\AFDB_face_dataset\guojingfei\1_0_guojingfei_0087.jpg,False,True,False,both,0.5255576372146606,zhangdanfeng
fusion_max,wangkai,C:\Users\tahak\ogproject\adaptiveface\data\rmfd\AFDB_masked_face_dataset\wangkai\0_0_1.jpg,True,True,True,both,0.4902377128601074,wangkai
fusion_max,yuyi,C:\Users\tahak\ogproject\adaptiveface\data\rmfd\AFDB_masked_face_dataset\yuyi\0_0_2.png,True,True,True,both,0.5486831665039062,yuyi
fusion_max,zhangguoli,C:\Users\tahak\ogproject\adaptiveface\data\rmfd\AFDB_masked_face_dataset\zhangguoli\0_0_1.jpg,True,True,False,both,0.35714638233184814,lufangsheng
fusion_max,zhangyi,C:\Users\tahak\ogproject\adaptiveface\data\rmfd\AFDB_face_dataset\zhangyi\1_0_zhangyi_0008.jpg,False,True,False,both,0.43582165241241455,zhangyi
fusion_max,masichun,C:\Users\tahak\ogproject\adaptiveface\data\rmfd\AFDB_masked_face_dataset\masichun\0_0_2.png,True,True,True,both,0.3717343807220459,masichun
fusion_max,James_Phelps,C:\Users\tahak\ogproject\adaptiveface\data\lfw\James_Phelps\James_Phelps_0001.jpg,False,False,False,both,0.15650534629821777,yangqianhua
fusion_max,xudongdong,C:\Users\tahak\ogproject\adaptiveface\data\rmfd\AFDB_masked_face_dataset\xudongdong\0_0_1.jpg,True,True,False,both,0.28328877687454224,xudongdong
fusion_max,liyifeng,C:\Users\tahak\ogproject\adaptiveface\data\rmfd\AFDB_face_dataset\liyifeng\1_0_liyifeng_0006.jpg,False,True,False,both,0.49404603242874146,liyifeng
fusion_max,wangluodan,C:\Users\tahak\ogproject\adaptiveface\data\rmfd\AFDB_masked_face_dataset\wangluodan\0_0_2.jpg,True,True,True,both,0.3113904893398285,wangluodan
fusion_max,Lane_Odom,C:\Users\tahak\ogproject\adaptiveface\data\lfw\Lane_Odom\Lane_Odom_0001.jpg,False,False,False,both,0.17756938934326172,liuxiang
fusion_max,dazhangwei,C:\Users\tahak\ogproject\adaptiveface\data\rmfd\AFDB_masked_face_dataset\dazhangwei\1_0_21.jpg,True,True,True,both,0.39796435832977295,wangyuan
fusion_max,songqian,C:\Users\tahak\ogproject\adaptiveface\data\rmfd\AFDB_face_dataset\songqian\1_0_songqian_0240.jpg,False,True,False,both,0.3161521852016449,zhangjingjing
fusion_max,Tyra_Banks,C:\Users\tahak\ogproject\adaptiveface\data\lfw\Tyra_Banks\Tyra_Banks_0001.jpg,False,False,False,both,0.18639197945594788,yeyiqian
fusion_max,huozun,C:\Users\tahak\ogproject\adaptiveface\data\rmfd\AFDB_face_dataset\huozun\1_0_huozun_0205.jpg,False,True,False,both,0.5055413842201233,huozun
fusion_max,masu,C:\Users\tahak\ogproject\adaptiveface\data\rmfd\AFDB_face_dataset\masu\1_0_masu_0152.jpg,False,True,False,both,0.3462200164794922,masu
fusion_max,zhangxinyu,C:\Users\tahak\ogproject\adaptiveface\data\rmfd\AFDB_face_dataset\zhangxinyu\1_0_zhangxinyu_0102.jpg,False,True,False,both,0.42348113656044006,lanyingying
fusion_max,Collis_Temple_III,C:\Users\tahak\ogproject\adaptiveface\data\lfw\Collis_Temple_III\Collis_Temple_III_0001.jpg,False,False,False,both,0.1593349575996399,maoxiaotong
fusion_max,yangqianhua,C:\Users\tahak\ogproject\adaptiveface\data\rmfd\AFDB_face_dataset\yangqianhua\1_0_yangqianhua_0046.jpg,False,True,False,both,0.5121970176696777,yangqianhua
fusion_max,liuye,C:\Users\tahak\ogproject\adaptiveface\data\rmfd\AFDB_face_dataset\liuye\1_0_liuye_0039.jpg,False,True,False,both,0.569449782371521,liuye
fusion_max,David_Rivkin_Jr,C:\Users\tahak\ogproject\adaptiveface\data\lfw\David_Rivkin_Jr\David_Rivkin_Jr_0001.jpg,False,False,False,both,0.17868873476982117,yangzi
fusion_max,wuzhenyu,C:\Users\tahak\ogproject\adaptiveface\data\rmfd\AFDB_face_dataset\wuzhenyu\0_0_wuzhenyu_0138.jpg,False,True,False,both,0.7360581159591675,wuzhenyu
fusion_max,Mark_Hurlbert,C:\Users\tahak\ogproject\adaptiveface\data\lfw\Mark_Hurlbert\Mark_Hurlbert_0001.jpg,False,False,False,both,0.1463395655155182,ruanjingtian
fusion_max,yeyiqian,C:\Users\tahak\ogproject\adaptiveface\data\rmfd\AFDB_face_dataset\yeyiqian\0_0_yeyiqian_0155.jpg,False,True,False,both,0.5634282827377319,mali
fusion_max,huozun,C:\Users\tahak\ogproject\adaptiveface\data\rmfd\AFDB_face_dataset\huozun\1_0_huozun_0172.jpg,False,True,False,both,0.41543155908584595,huozun
fusion_max,Bernard_Law,C:\Users\tahak\ogproject\adaptiveface\data\lfw\Bernard_Law\Bernard_Law_0002.jpg,False,False,False,both,0.12316510081291199,raowei
fusion_max,Martha_Lucia_Ramirez,C:\Users\tahak\ogproject\adaptiveface\data\lfw\Martha_Lucia_Ramirez\Martha_Lucia_Ramirez_0004.jpg,False,False,False,both,0.26214760541915894,caiyilin
fusion_max,zhourunfa,C:\Users\tahak\ogproject\adaptiveface\data\rmfd\AFDB_face_dataset\zhourunfa\0_0_zhourunfa_0148.jpg,False,True,False,both,0.5321828126907349,zhourunfa
fusion_max,yanyikuan,C:\Users\tahak\ogproject\adaptiveface\data\rmfd\AFDB_face_dataset\yanyikuan\1_0_yanyikuan_0142.jpg,False,True,False,both,0.4179530143737793,yanyikuan
fusion_max,gongbeibi,C:\Users\tahak\ogproject\adaptiveface\data\rmfd\AFDB_face_dataset\gongbeibi\1_0_gongbeibi_0179.jpg,False,True,False,both,0.559262752532959,xiongnaijin
fusion_max,zhuowenxuan,C:\Users\tahak\ogproject\adaptiveface\data\rmfd\AFDB_face_dataset\zhuowenxuan\1_0_zhuowenxuan_0053.jpg,False,True,False,both,0.5717974901199341,zhuowenxuan
fusion_max,xuezhiqian,C:\Users\tahak\ogproject\adaptiveface\data\rmfd\AFDB_masked_face_dataset\xuezhiqian\0_0_2.jpg,True,True,True,both,0.2471664845943451,qiuze
fusion_max,Eliane_Karp,C:\Users\tahak\ogproject\adaptiveface\data\lfw\Eliane_Karp\Eliane_Karp_0002.jpg,False,False,False,both,0.14770054817199707,masichun
fusion_max,mowenwei,C:\Users\tahak\ogproject\adaptiveface\data\rmfd\AFDB_masked_face_dataset\mowenwei\0_0_7.jpg,True,True,True,both,0.25461992621421814,mowenwei
fusion_max,caiguoqing,C:\Users\tahak\ogproject\adaptiveface\data\rmfd\AFDB_face_dataset\caiguoqing\1_0_caiguoqing_0039.jpg,False,True,False,both,0.5771810412406921,caiguoqing
fusion_max,zhuowenxuan,C:\Users\tahak\ogproject\adaptiveface\data\rmfd\AFDB_masked_face_dataset\zhuowenxuan\0_0_0.jpg,True,True,True,both,0.2464609146118164,zhangyi
fusion_max,jianailiang,C:\Users\tahak\ogproject\adaptiveface\data\rmfd\AFDB_face_dataset\jianailiang\1_0_jianailiang_0043.jpg,False,True,False,both,0.4148905277252197,zhangdanfeng
fusion_max,tanweiwei,C:\Users\tahak\ogproject\adaptiveface\data\rmfd\AFDB_face_dataset\tanweiwei\1_0_tanweiwei_0020.jpg,False,True,False,both,0.48622778058052063,lvjiarong
fusion_max,yinzheng,C:\Users\tahak\ogproject\adaptiveface\data\rmfd\AFDB_face_dataset\yinzheng\1_0_yinzheng_0046.jpg,False,True,False,both,0.508796215057373,yinzheng
fusion_max,ruanjingtian,C:\Users\tahak\ogproject\adaptiveface\data\rmfd\AFDB_face_dataset\ruanjingtian\0_0_ruanjingtian_0052.jpg,False,True,False,both,0.517296314239502,ruanjingtian
fusion_max,jiangkaitong,C:\Users\tahak\ogproject\adaptiveface\data\rmfd\AFDB_face_dataset\jiangkaitong\1_0_jiangkaitong_0206.jpg,False,True,False,both,0.4111713767051697,gongbeibi
fusion_max,zhangtianai,C:\Users\tahak\ogproject\adaptiveface\data\rmfd\AFDB_face_dataset\zhangtianai\1_0_zhangtianai_0168.jpg,False,True,False,both,0.5789475440979004,zhangtianai
fusion_max,xiongnaijin,C:\Users\tahak\ogproject\adaptiveface\data\rmfd\AFDB_face_dataset\xiongnaijin\1_0_xiongnaijin_0201.jpg,False,True,False,both,0.45412302017211914,liuyifei
fusion_max,xinzhilei,C:\Users\tahak\ogproject\adaptiveface\data\rmfd\AFDB_face_dataset\xinzhilei\0_0_xinzhilei_0064.jpg,False,True,False,both,0.48127424716949463,xinzhilei
fusion_max,linyichen,C:\Users\tahak\ogproject\adaptiveface\data\rmfd\AFDB_face_dataset\linyichen\1_0_linyichen_0222.jpg,False,True,False,both,0.3989172875881195,zhaoliying
fusion_max,huangzhongkun,C:\Users\tahak\ogproject\adaptiveface\data\rmfd\AFDB_face_dataset\huangzhongkun\1_0_huangzhongkun_0046.jpg,False,True,False,both,0.5966377258300781,huangzhongkun
fusion_max,chenyi,C:\Users\tahak\ogproject\adaptiveface\data\rmfd\AFDB_masked_face_dataset\chenyi\0_0_0.jpg,True,True,True,both,0.4331594705581665,chenyi
fusion_max,sunyizhou,C:\Users\tahak\ogproject\adaptiveface\data\rmfd\AFDB_masked_face_dataset\sunyizhou\1_0_0.jpg,True,True,False,both,0.3710983395576477,caiguoqing
fusion_max,caizhuoyan,C:\Users\tahak\ogproject\adaptiveface\data\rmfd\AFDB_masked_face_dataset\caizhuoyan\1_0_14.jpg,True,True,True,both,0.3449746370315552,jianghongbo
fusion_max,wangqing,C:\Users\tahak\ogproject\adaptiveface\data\rmfd\AFDB_masked_face_dataset\wangqing\0_0_8.jpg,True,True,True,both,0.39314574003219604,wangqing
fusion_max,Carlos_Moya,C:\Users\tahak\ogproject\adaptiveface\data\lfw\Carlos_Moya\Carlos_Moya_0004.jpg,False,False,False,both,0.14978334307670593,lianghanwen
fusion_max,liushishi,C:\Users\tahak\ogproject\adaptiveface\data\rmfd\AFDB_masked_face_dataset\liushishi\0_0_3.jpg,True,True,True,both,0.29703325033187866,liuyifei
fusion_max,zhaoliying,C:\Users\tahak\ogproject\adaptiveface\data\rmfd\AFDB_masked_face_dataset\zhaoliying\0_0_12.jpg,True,True,True,both,0.35692906379699707,masichun
fusion_max,yangqianhua,C:\Users\tahak\ogproject\adaptiveface\data\rmfd\AFDB_face_dataset\yangqianhua\1_0_yangqianhua_0047.jpg,False,True,False,both,0.5095073580741882,zhuowenxuan
fusion_max,raowei,C:\Users\tahak\ogproject\adaptiveface\data\rmfd\AFDB_masked_face_dataset\raowei\0_0_1.jpg,True,True,True,both,0.3265693783760071,qiuze
fusion_max,lixiang,C:\Users\tahak\ogproject\adaptiveface\data\rmfd\AFDB_face_dataset\lixiang\1_0_lixiang_0157.jpg,False,True,False,both,0.38493239879608154,raowei
fusion_max,zhangdanfeng,C:\Users\tahak\ogproject\adaptiveface\data\rmfd\AFDB_face_dataset\zhangdanfeng\1_0_zhangdanfeng_0074.jpg,False,True,False,both,0.5803022384643555,zhangdanfeng
fusion_max,Rod_Thorn,C:\Users\tahak\ogproject\adaptiveface\data\lfw\Rod_Thorn\Rod_Thorn_0001.jpg,False,False,False,both,0.13743709027767181,yinzheng
fusion_max,chenxiang,C:\Users\tahak\ogproject\adaptiveface\data\rmfd\AFDB_masked_face_dataset\chenxiang\0_0_4.jpg,True,True,True,both,0.33776432275772095,wangluodan
fusion_max,pengjing,C:\Users\tahak\ogproject\adaptiveface\data\rmfd\AFDB_face_dataset\pengjing\1_0_pengjing_0013.jpg,False,True,False,both,0.5098680257797241,zhouhuimin
fusion_max,qinjunjie,C:\Users\tahak\ogproject\adaptiveface\data\rmfd\AFDB_face_dataset\qinjunjie\0_0_qinjunjie_0130.jpg,False,True,False,both,0.47104889154434204,linyuan
fusion_max,huangrihua,C:\Users\tahak\ogproject\adaptiveface\data\rmfd\AFDB_face_dataset\huangrihua\1_0_huangrihua_0073.jpg,False,True,False,both,0.5532026290893555,huangrihua
fusion_max,yumenglong,C:\Users\tahak\ogproject\adaptiveface\data\rmfd\AFDB_masked_face_dataset\yumenglong\0_0_0.jpg,True,True,True,both,0.3651009798049927,yumenglong
fusion_max,maqiguang,C:\Users\tahak\ogproject\adaptiveface\data\rmfd\AFDB_masked_face_dataset\maqiguang\0_0_1.jpg,True,True,True,both,0.48209869861602783,maqiguang
fusion_max,huge,C:\Users\tahak\ogproject\adaptiveface\data\rmfd\AFDB_face_dataset\huge\1_0_huge_0082.jpg,False,True,False,both,0.5163528919219971,huge
fusion_max,liuye,C:\Users\tahak\ogproject\adaptiveface\data\rmfd\AFDB_face_dataset\liuye\1_0_liuye_0103.jpg,False,True,False,both,0.6312289237976074,liuye
fusion_max,yangqianhua,C:\Users\tahak\ogproject\adaptiveface\data\rmfd\AFDB_masked_face_dataset\yangqianhua\1_0_0.jpg,True,True,True,both,0.3480191230773926,yangqianhua
fusion_max,zhanghanyun,C:\Users\tahak\ogproject\adaptiveface\data\rmfd\AFDB_face_dataset\zhanghanyun\1_0_zhanghanyun_0260.jpg,False,True,False,both,0.4676482081413269,zhanghanyun
fusion_max,wangqing,C:\Users\tahak\ogproject\adaptiveface\data\rmfd\AFDB_face_dataset\wangqing\1_0_wangqing_0067.jpg,False,True,False,both,0.26669085025787354,tanweiwei
fusion_max,Mark_Hurlbert,C:\Users\tahak\ogproject\adaptiveface\data\lfw\Mark_Hurlbert\Mark_Hurlbert_0005.jpg,False,False,False,both,0.13095076382160187,chenkun
fusion_max,wangou,C:\Users\tahak\ogproject\adaptiveface\data\rmfd\AFDB_masked_face_dataset\wangou\0_0_16.jpg,True,True,True,both,0.26672154664993286,lixirui
fusion_max,yangqianhua,C:\Users\tahak\ogproject\adaptiveface\data\rmfd\AFDB_masked_face_dataset\yangqianhua\0_0_2.jpg,True,True,True,both,0.3547288775444031,zhaoyazhi
fusion_max,xudongdong,C:\Users\tahak\ogproject\adaptiveface\data\rmfd\AFDB_masked_face_dataset\xudongdong\0_0_0.jpg,True,True,True,both,0.2851604223251343,chenxiang
fusion_max,zhengyecheng,C:\Users\tahak\ogproject\adaptiveface\data\rmfd\AFDB_face_dataset\zhengyecheng\1_0_zhengyecheng_0129.jpg,False,True,False,both,0.61100172996521,zhengyecheng
fusion_max,Carlos_Moya,C:\Users\tahak\ogproject\adaptiveface\data\lfw\Carlos_Moya\Carlos_Moya_0017.jpg,False,False,False,both,0.15627025067806244,mowenwei
fusion_max,liudehua,C:\Users\tahak\ogproject\adaptiveface\data\rmfd\AFDB_face_dataset\liudehua\1_0_liudehua_0238.jpg,False,True,False,both,0.4258740544319153,liudehua
fusion_max,Carlos_Moya,C:\Users\tahak\ogproject\adaptiveface\data\lfw\Carlos_Moya\Carlos_Moya_0005.jpg,False,False,False,both,0.21307338774204254,liushishi
fusion_max,Dereck_Whittenburg,C:\Users\tahak\ogproject\adaptiveface\data\lfw\Dereck_Whittenburg\Dereck_Whittenburg_0001.jpg,False,False,False,both,0.2169945240020752,yuyi
fusion_max,zhuowenxuan,C:\Users\tahak\ogproject\adaptiveface\data\rmfd\AFDB_face_dataset\zhuowenxuan\0_0_zhuowenxuan_0046.jpg,False,True,False,both,0.502858579158783,xiongnaijin
fusion_max,Billy_Sollie,C:\Users\tahak\ogproject\adaptiveface\data\lfw\Billy_Sollie\Billy_Sollie_0001.jpg,False,False,False,both,0.1993715912103653,chenyi
fusion_max,huangrihua,C:\Users\tahak\ogproject\adaptiveface\data\rmfd\AFDB_face_dataset\huangrihua\1_0_huangrihua_0019.jpg,False,True,False,both,0.6824402213096619,huangrihua
fusion_max,handongjun,C:\Users\tahak\ogproject\adaptiveface\data\rmfd\AFDB_face_dataset\handongjun\1_0_handongjun_0032.jpg,False,True,False,both,0.4795262813568115,huge
fusion_max,zhangzifeng,C:\Users\tahak\ogproject\adaptiveface\data\rmfd\AFDB_face_dataset\zhangzifeng\1_0_zhangzifeng_0126.jpg,False,True,False,both,0.519951581954956,zhangzifeng
fusion_max,lufangsheng,C:\Users\tahak\ogproject\adaptiveface\data\rmfd\AFDB_face_dataset\lufangsheng\1_0_lufangsheng_0194.jpg,False,True,False,both,0.5386401414871216,lufangsheng
fusion_max,zhourunfa,C:\Users\tahak\ogproject\adaptiveface\data\rmfd\AFDB_masked_face_dataset\zhourunfa\0_0_3.jpg,True,True,True,both,0.2890140116214752,xuzheng
fusion_max,chenkun,C:\Users\tahak\ogproject\adaptiveface\data\rmfd\AFDB_face_dataset\chenkun\1_0_chenkun_0056.jpg,False,True,False,both,0.3908148407936096,chenkun
fusion_max,chenkun,C:\Users\tahak\ogproject\adaptiveface\data\rmfd\AFDB_masked_face_dataset\chenkun\0_0_10.jpg,True,True,True,both,0.2429313063621521,jiangkaitong
fusion_max,wangkai,C:\Users\tahak\ogproject\adaptiveface\data\rmfd\AFDB_face_dataset\wangkai\1_0_wangkai_0109.jpg,False,True,False,both,0.5433112382888794,wangkai
fusion_max,jiangyiyi,C:\Users\tahak\ogproject\adaptiveface\data\rmfd\AFDB_masked_face_dataset\jiangyiyi\0_0_0.jpg,True,True,True,both,0.41112539172172546,zhangxueying
fusion_max,yangzi,C:\Users\tahak\ogproject\adaptiveface\data\rmfd\AFDB_face_dataset\yangzi\1_0_yangzi_0181.jpg,False,True,False,both,0.5050724744796753,yangzi
fusion_max,caizhuoyan,C:\Users\tahak\ogproject\adaptiveface\data\rmfd\AFDB_masked_face_dataset\caizhuoyan\0_0_1.jpg,True,True,True,both,0.44595131278038025,jianghongbo
fusion_max,weidaxun,C:\Users\tahak\ogproject\adaptiveface\data\rmfd\AFDB_face_dataset\weidaxun\0_0_weidaxun_0154.jpg,False,True,False,both,0.4852373003959656,tongkeke
fusion_max,linyuan,C:\Users\tahak\ogproject\adaptiveface\data\rmfd\AFDB_face_dataset\linyuan\1_0_linyuan_0085.jpg,False,True,False,both,0.5003818869590759,xiongnaijin
fusion_max,zhengkai,C:\Users\tahak\ogproject\adaptiveface\data\rmfd\AFDB_face_dataset\zhengkai\1_0_zhengkai_0174.jpg,False,True,False,both,0.45514804124832153,duwenze
fusion_max,zhaoyazhi,C:\Users\tahak\ogproject\adaptiveface\data\rmfd\AFDB_masked_face_dataset\zhaoyazhi\0_0_0.jpg,True,True,True,both,0.40959784388542175,yeyiqian
fusion_max,Stephane_Rousseau,C:\Users\tahak\ogproject\adaptiveface\data\lfw\Stephane_Rousseau\Stephane_Rousseau_0001.jpg,False,False,False,both,0.19160054624080658,zhangbo
fusion_max,zhaoliying,C:\Users\tahak\ogproject\adaptiveface\data\rmfd\AFDB_face_dataset\zhaoliying\1_0_zhaoliying_0057.jpg,False,True,False,both,0.5707724094390869,zhaoliying
fusion_max,Zoran_Djindjic,C:\Users\tahak\ogproject\adaptiveface\data\lfw\Zoran_Djindjic\Zoran_Djindjic_0002.jpg,False,False,False,both,0.12656833231449127,huozun
fusion_max,xuezhiqian,C:\Users\tahak\ogproject\adaptiveface\data\rmfd\AFDB_face_dataset\xuezhiqian\1_0_xuezhiqian_0030.jpg,False,True,False,both,0.3647520840167999,wulei
fusion_max,wangzuxian,C:\Users\tahak\ogproject\adaptiveface\data\rmfd\AFDB_face_dataset\wangzuxian\1_0_wangzuxian_0224.jpg,False,True,False,both,0.5480756163597107,wangzuxian
fusion_max,wangqing,C:\Users\tahak\ogproject\adaptiveface\data\rmfd\AFDB_face_dataset\wangqing\1_0_wangqing_0077.jpg,False,True,False,both,0.4406415522098541,wangqing
fusion_max,zhouxun,C:\Users\tahak\ogproject\adaptiveface\data\rmfd\AFDB_masked_face_dataset\zhouxun\0_0_10.jpg,True,True,True,both,0.21449056267738342,zhouxun
fusion_max,lixirui,C:\Users\tahak\ogproject\adaptiveface\data\rmfd\AFDB_face_dataset\lixirui\1_0_lixirui_0058.jpg,False,True,False,both,0.4365071654319763,zhangtianai
fusion_max,guanxiaotong,C:\Users\tahak\ogproject\adaptiveface\data\rmfd\AFDB_masked_face_dataset\guanxiaotong\1_0_2.jpg,True,True,True,both,0.3321406841278076,songqian
fusion_max,wangzuxian,C:\Users\tahak\ogproject\adaptiveface\data\rmfd\AFDB_face_dataset\wangzuxian\1_0_wangzuxian_0068.jpg,False,True,False,both,0.5348911285400391,daipeini
fusion_max,lixirui,C:\Users\tahak\ogproject\adaptiveface\data\rmfd\AFDB_face_dataset\lixirui\1_0_lixirui_0189.jpg,False,True,False,both,0.5202327966690063,linyuan
fusion_max,yanyikuan,C:\Users\tahak\ogproject\adaptiveface\data\rmfd\AFDB_face_dataset\yanyikuan\1_0_yanyikuan_0057.jpg,False,True,False,both,0.569372296333313,maqiguang
fusion_max,zhangguoli,C:\Users\tahak\ogproject\adaptiveface\data\rmfd\AFDB_face_dataset\zhangguoli\1_0_zhangguoli_0034.jpg,False,True,False,both,0.6275721788406372,zhangguoli
fusion_max,Celso_Amorim,C:\Users\tahak\ogproject\adaptiveface\data\lfw\Celso_Amorim\Celso_Amorim_0001.jpg,False,False,False,both,0.19730542600154877,liyapeng
fusion_max,zhangxueyou,C:\Users\tahak\ogproject\adaptiveface\data\rmfd\AFDB_face_dataset\zhangxueyou\1_0_zhangxueyou_0020.jpg,False,True,False,both,0.5892666578292847,zhangxueyou
fusion_max,huozun,C:\Users\tahak\ogproject\adaptiveface\data\rmfd\AFDB_masked_face_dataset\huozun\0_0_7.jpg,True,True,True,both,0.4715031087398529,huozun
fusion_max,hanqingzi,C:\Users\tahak\ogproject\adaptiveface\data\rmfd\AFDB_masked_face_dataset\hanqingzi\0_0_0.jpg,True,True,True,both,0.3235045075416565,wangzuxian
fusion_max,Nicanor_Duarte_Frutos,C:\Users\tahak\ogproject\adaptiveface\data\lfw\Nicanor_Duarte_Frutos\Nicanor_Duarte_Frutos_0002.jpg,False,False,False,both,0.20786553621292114,zhengkai
fusion_max,songqian,C:\Users\tahak\ogproject\adaptiveface\data\rmfd\AFDB_masked_face_dataset\songqian\0_0_0.jpg,True,True,True,both,0.2591027021408081,zhangjingjing
fusion_max,huashao,C:\Users\tahak\ogproject\adaptiveface\data\rmfd\AFDB_masked_face_dataset\huashao\0_0_3.jpg,True,True,True,both,0.24780574440956116,caiguoqing
fusion_max,zhengyecheng,C:\Users\tahak\ogproject\adaptiveface\data\rmfd\AFDB_masked_face_dataset\zhengyecheng\0_0_2.jpg,True,True,True,both,0.42862552404403687,xiaozhan
fusion_max,Michael_Chiklis,C:\Users\tahak\ogproject\adaptiveface\data\lfw\Michael_Chiklis\Michael_Chiklis_0005.jpg,False,False,False,both,0.22884675860404968,wuzhenyu
fusion_max,xuhaiqiao,C:\Users\tahak\ogproject\adaptiveface\data\rmfd\AFDB_masked_face_dataset\xuhaiqiao\0_0_17.jpg,True,True,True,both,0.24723371863365173,zhangluyi
fusion_max,lidaimo,C:\Users\tahak\ogproject\adaptiveface\data\rmfd\AFDB_masked_face_dataset\lidaimo\0_0_3.jpg,True,True,True,both,0.2702217698097229,lidaimo
fusion_max,Carlo_Ancelotti,C:\Users\tahak\ogproject\adaptiveface\data\lfw\Carlo_Ancelotti\Carlo_Ancelotti_0003.jpg,False,False,False,both,0.13766932487487793,mali
fusion_max,daipeini,C:\Users\tahak\ogproject\adaptiveface\data\rmfd\AFDB_masked_face_dataset\daipeini\0_0_5.jpg,True,True,True,both,0.31758028268814087,xiongnaijin
fusion_max,Bernard_Landry,C:\Users\tahak\ogproject\adaptiveface\data\lfw\Bernard_Landry\Bernard_Landry_0004.jpg,False,False,False,both,0.18013857305049896,zhangbo
fusion_max,masu,C:\Users\tahak\ogproject\adaptiveface\data\rmfd\AFDB_masked_face_dataset\masu\0_0_23.jpg,True,True,True,both,0.2429724931716919,zhangtianai
fusion_max,xuxidi,C:\Users\tahak\ogproject\adaptiveface\data\rmfd\AFDB_face_dataset\xuxidi\1_0_xuxidi_0034.jpg,False,True,False,both,0.5215375423431396,chenfarong
fusion_max,lidaimo,C:\Users\tahak\ogproject\adaptiveface\data\rmfd\AFDB_face_dataset\lidaimo\1_0_lidaimo_0094.jpg,False,True,False,both,0.5765314102172852,lidaimo
fusion_max,chenxiang,C:\Users\tahak\ogproject\adaptiveface\data\rmfd\AFDB_face_dataset\chenxiang\0_0_chenxiang_0006.jpg,False,True,False,both,0.4999798536300659,wangluodan
fusion_max,wangyuan,C:\Users\tahak\ogproject\adaptiveface\data\rmfd\AFDB_masked_face_dataset\wangyuan\0_0_24.jpg,True,True,True,both,0.3586007356643677,huangxuan
fusion_max,yinzheng,C:\Users\tahak\ogproject\adaptiveface\data\rmfd\AFDB_masked_face_dataset\yinzheng\0_0_1.png,True,True,True,both,0.43904900550842285,yinzheng
fusion_max,xuxidi,C:\Users\tahak\ogproject\adaptiveface\data\rmfd\AFDB_masked_face_dataset\xuxidi\1_0_1.jpg,True,True,True,both,0.3643687665462494,xuxidi
fusion_max,yumenglong,C:\Users\tahak\ogproject\adaptiveface\data\rmfd\AFDB_face_dataset\yumenglong\1_0_yumenglong_0058.jpg,False,True,False,both,0.5140753984451294,tanweiwei
fusion_max,Romario_Farias,C:\Users\tahak\ogproject\adaptiveface\data\lfw\Romario_Farias\Romario_Farias_0001.jpg,False,False,False,both,0.20351609587669373,zhourunfa
fusion_max,yingcaier,C:\Users\tahak\ogproject\adaptiveface\data\rmfd\AFDB_masked_face_dataset\yingcaier\0_0_0.jpg,True,True,True,both,0.20749905705451965,xiongdailin
fusion_max,matianyu,C:\Users\tahak\ogproject\adaptiveface\data\rmfd\AFDB_masked_face_dataset\matianyu\0_0_20.jpg,True,True,True,both,0.37562376260757446,matianyu
fusion_max,yumenglong,C:\Users\tahak\ogproject\adaptiveface\data\rmfd\AFDB_face_dataset\yumenglong\1_0_yumenglong_0063.jpg,False,True,False,both,0.5656452775001526,yumenglong
fusion_max,jingbairan,C:\Users\tahak\ogproject\adaptiveface\data\rmfd\AFDB_face_dataset\jingbairan\1_0_jingbairan_0193.jpg,False,True,False,both,0.4661997854709625,jingbairan
fusion_max,wangyuan,C:\Users\tahak\ogproject\adaptiveface\data\rmfd\AFDB_face_dataset\wangyuan\1_0_wangyuan_0152.jpg,False,True,False,both,0.5214258432388306,wangyuan
fusion_max,zhangxueying,C:\Users\tahak\ogproject\adaptiveface\data\rmfd\AFDB_masked_face_dataset\zhangxueying\0_0_4.jpg,True,True,True,both,0.328402578830719,xiaozhan
fusion_max,chenfarong,C:\Users\tahak\ogproject\adaptiveface\data\rmfd\AFDB_face_dataset\chenfarong\1_0_chenfarong_0137.jpg,False,True,False,both,0.529383659362793,yangqianhua
fusion_max,Khaled_Sawalhi,C:\Users\tahak\ogproject\adaptiveface\data\lfw\Khaled_Sawalhi\Khaled_Sawalhi_0001.jpg,False,False,False,both,0.1610446274280548,wangluodan
fusion_max,zhaoliying,C:\Users\tahak\ogproject\adaptiveface\data\rmfd\AFDB_face_dataset\zhaoliying\1_0_zhaoliying_0172.jpg,False,True,False,both,0.589627206325531,zhaoliying
fusion_max,Russell_Crowe,C:\Users\tahak\ogproject\adaptiveface\data\lfw\Russell_Crowe\Russell_Crowe_0002.jpg,False,False,False,both,0.166517436504364,zhangbo
fusion_max,zhaoyihuan,C:\Users\tahak\ogproject\adaptiveface\data\rmfd\AFDB_face_dataset\zhaoyihuan\1_0_zhaoyihuan_0195.jpg,False,True,False,both,0.5442334413528442,zhaoyihuan
fusion_max,huangxuan,C:\Users\tahak\ogproject\adaptiveface\data\rmfd\AFDB_masked_face_dataset\huangxuan\0_0_22.jpg,True,True,True,both,0.3868497312068939,huangxuan
fusion_max,zhangliangying,C:\Users\tahak\ogproject\adaptiveface\data\rmfd\AFDB_face_dataset\zhangliangying\1_0_zhangliangying_0021.jpg,False,True,False,both,0.6128586530685425,zhangliangying
fusion_max,jianailiang,C:\Users\tahak\ogproject\adaptiveface\data\rmfd\AFDB_masked_face_dataset\jianailiang\0_0_5.jpg,True,True,True,both,0.32903167605400085,zhangluyi
fusion_max,xiongnaijin,C:\Users\tahak\ogproject\adaptiveface\data\rmfd\AFDB_face_dataset\xiongnaijin\1_0_xiongnaijin_0219.jpg,False,True,False,both,0.35399800539016724,zhangjingjing
fusion_max,yinengjing,C:\Users\tahak\ogproject\adaptiveface\data\rmfd\AFDB_masked_face_dataset\yinengjing\0_0_1.jpg,True,True,True,both,0.3546113967895508,zhangshaohan
fusion_max,wangou,C:\Users\tahak\ogproject\adaptiveface\data\rmfd\AFDB_face_dataset\wangou\1_0_wangou_0285.jpg,False,True,False,both,0.45199865102767944,daipeini
fusion_max,guojingjing,C:\Users\tahak\ogproject\adaptiveface\data\rmfd\AFDB_masked_face_dataset\guojingjing\1_0_3.jpg,True,True,True,both,0.3793569803237915,huangxuan
fusion_max,yuyi,C:\Users\tahak\ogproject\adaptiveface\data\rmfd\AFDB_masked_face_dataset\yuyi\0_0_1.jpg,True,True,True,both,0.5445139408111572,yuyi
fusion_max,fanwei,C:\Users\tahak\ogproject\adaptiveface\data\rmfd\AFDB_face_dataset\fanwei\1_0_fanwei_0016.jpg,False,True,False,both,0.5139646530151367,fanwei
fusion_max,huangrihua,C:\Users\tahak\ogproject\adaptiveface\data\rmfd\AFDB_masked_face_dataset\huangrihua\0_0_2.jpg,True,True,True,both,0.3962228298187256,huangrihua
fusion_max,liushishi,C:\Users\tahak\ogproject\adaptiveface\data\rmfd\AFDB_masked_face_dataset\liushishi\0_0_5.jpg,True,True,True,both,0.33262577652931213,liushishi
fusion_max,John_Goold,C:\Users\tahak\ogproject\adaptiveface\data\lfw\John_Goold\John_Goold_0001.jpg,False,False,False,both,0.18123717606067657,zhourunfa
fusion_max,Patricia_Johnson,C:\Users\tahak\ogproject\adaptiveface\data\lfw\Patricia_Johnson\Patricia_Johnson_0001.jpg,False,False,False,both,0.18819378316402435,masichun
fusion_max,xiongdailin,C:\Users\tahak\ogproject\adaptiveface\data\rmfd\AFDB_masked_face_dataset\xiongdailin\0_0_1.jpeg,True,True,True,both,0.40370526909828186,xiongdailin
fusion_max,yuyi,C:\Users\tahak\ogproject\adaptiveface\data\rmfd\AFDB_face_dataset\yuyi\1_0_yuyi_0098.jpg,False,True,False,both,0.5156644582748413,yuyi
fusion_max,weidaxun,C:\Users\tahak\ogproject\adaptiveface\data\rmfd\AFDB_masked_face_dataset\weidaxun\0_0_6.jpg,True,True,True,both,0.37692004442214966,weidaxun
fusion_max,zhaoyazhi,C:\Users\tahak\ogproject\adaptiveface\data\rmfd\AFDB_face_dataset\zhaoyazhi\1_0_zhaoyazhi_0175.jpg,False,True,False,both,0.5484371781349182,zhaoyazhi
fusion_max,lanyingying,C:\Users\tahak\ogproject\adaptiveface\data\rmfd\AFDB_face_dataset\lanyingying\1_0_lanyingying_0040.jpg,False,True,False,both,0.5496761202812195,lanyingying
fusion_max,zhangbinbin,C:\Users\tahak\ogproject\adaptiveface\data\rmfd\AFDB_face_dataset\zhangbinbin\1_0_zhangbinbin_0170.jpg,False,True,False,both,0.5686715841293335,zhangbinbin
fusion_max,guojingfei,C:\Users\tahak\ogproject\adaptiveface\data\rmfd\AFDB_masked_face_dataset\guojingfei\0_1_6.jpg,True,True,True,both,0.27650928497314453,guanxiaotong
fusion_max,zhangxueying,C:\Users\tahak\ogproject\adaptiveface\data\rmfd\AFDB_face_dataset\zhangxueying\1_0_zhangxueying_0065.jpg,False,True,False,both,0.4778836965560913,guanxiaotong
fusion_max,Stephen_Cooper,C:\Users\tahak\ogproject\adaptiveface\data\lfw\Stephen_Cooper\Stephen_Cooper_0001.jpg,False,False,False,both,0.1802673637866974,shaofeng
fusion_max,tongliya,C:\Users\tahak\ogproject\adaptiveface\data\rmfd\AFDB_masked_face_dataset\tongliya\0_0_2.jpg,True,True,True,both,0.30883684754371643,yangqianhua
fusion_max,xiongdailin,C:\Users\tahak\ogproject\adaptiveface\data\rmfd\AFDB_masked_face_dataset\xiongdailin\0_0_0.jpg,True,True,True,both,0.3794350028038025,xiongdailin
fusion_max,yanyikuan,C:\Users\tahak\ogproject\adaptiveface\data\rmfd\AFDB_masked_face_dataset\yanyikuan\0_0_2.jpg,True,True,True,both,0.37395909428596497,fengjianyu
fusion_max,John_Elway,C:\Users\tahak\ogproject\adaptiveface\data\lfw\John_Elway\John_Elway_0001.jpg,False,False,False,both,0.1602454036474228,zhangshaohan
fusion_max,Tim_Conway,C:\Users\tahak\ogproject\adaptiveface\data\lfw\Tim_Conway\Tim_Conway_0003.jpg,False,False,False,both,0.15564341843128204,liyifeng
fusion_max,zhangxueyou,C:\Users\tahak\ogproject\adaptiveface\data\rmfd\AFDB_face_dataset\zhangxueyou\1_0_zhangxueyou_0200.jpg,False,True,False,both,0.4135945737361908,zhangxueyou
fusion_max,Sammy_Sosa,C:\Users\tahak\ogproject\adaptiveface\data\lfw\Sammy_Sosa\Sammy_Sosa_0002.jpg,False,False,False,both,0.19834411144256592,yangzi
fusion_max,zhangzifeng,C:\Users\tahak\ogproject\adaptiveface\data\rmfd\AFDB_masked_face_dataset\zhangzifeng\0_1_53.jpg,True,True,False,both,0.2966685891151428,yangqianhua
fusion_max,tongliya,C:\Users\tahak\ogproject\adaptiveface\data\rmfd\AFDB_face_dataset\tongliya\1_0_tongliya_0148.jpg,False,True,False,both,0.46297866106033325,tongliya
fusion_max,tongliya,C:\Users\tahak\ogproject\adaptiveface\data\rmfd\AFDB_masked_face_dataset\tongliya\0_0_0.jpg,True,True,True,both,0.25044289231300354,xuhao
fusion_max,qiuze,C:\Users\tahak\ogproject\adaptiveface\data\rmfd\AFDB_face_dataset\qiuze\1_0_qiuze_0097.jpg,False,True,False,both,0.5731445550918579,qiuze
fusion_max,xieanqi,C:\Users\tahak\ogproject\adaptiveface\data\rmfd\AFDB_masked_face_dataset\xieanqi\0_1_10.jpg,True,True,True,both,0.23574329912662506,masu
fusion_max,Alexandra_Spann,C:\Users\tahak\ogproject\adaptiveface\data\lfw\Alexandra_Spann\Alexandra_Spann_0001.jpg,False,False,False,both,0.17119109630584717,lixiang
fusion_max,jingbairan,C:\Users\tahak\ogproject\adaptiveface\data\rmfd\AFDB_masked_face_dataset\jingbairan\0_0_0.jpg,True,True,True,both,0.3760077953338623,linyuan
fusion_max,tanweiwei,C:\Users\tahak\ogproject\adaptiveface\data\rmfd\AFDB_masked_face_dataset\tanweiwei\0_0_3.jpg,True,True,False,both,0.37169593572616577,chenxiang
fusion_max,liuruilin,C:\Users\tahak\ogproject\adaptiveface\data\rmfd\AFDB_face_dataset\liuruilin\1_0_liuruilin_0241.jpg,False,True,False,both,0.4802430272102356,qiuze
fusion_max,yingcaier,C:\Users\tahak\ogproject\adaptiveface\data\rmfd\AFDB_masked_face_dataset\yingcaier\0_0_4.jpg,True,True,True,both,0.2612975239753723,lanyingying
fusion_max,shaofeng,C:\Users\tahak\ogproject\adaptiveface\data\rmfd\AFDB_masked_face_dataset\shaofeng\0_0_0.png,True,True,True,both,0.44204652309417725,shaofeng
fusion_max,chenjiaqi,C:\Users\tahak\ogproject\adaptiveface\data\rmfd\AFDB_face_dataset\chenjiaqi\1_0_chenjiaqi_0007.jpg,False,True,False,both,0.47453755140304565,chenjiaqi
fusion_max,huangzhongkun,C:\Users\tahak\ogproject\adaptiveface\data\rmfd\AFDB_masked_face_dataset\huangzhongkun\0_0_0.png,True,True,True,both,0.4009025990962982,huangzhongkun
fusion_max,Bernard_Landry,C:\Users\tahak\ogproject\adaptiveface\data\lfw\Bernard_Landry\Bernard_Landry_0003.jpg,False,False,False,both,0.2078077346086502,zhangbo
fusion_max,zhangliangying,C:\Users\tahak\ogproject\adaptiveface\data\rmfd\AFDB_masked_face_dataset\zhangliangying\0_0_1.jpg,True,True,True,both,0.33461183309555054,zhangliangying
fusion_max,huojianhua,C:\Users\tahak\ogproject\adaptiveface\data\rmfd\AFDB_face_dataset\huojianhua\1_0_huojianhua_0129.jpg,False,True,False,both,0.4859229326248169,huojianhua
fusion_max,linxinru,C:\Users\tahak\ogproject\adaptiveface\data\rmfd\AFDB_masked_face_dataset\linxinru\0_0_16.jpg,True,True,True,both,0.49950242042541504,linxinru
fusion_max,Carlos_Moya,C:\Users\tahak\ogproject\adaptiveface\data\lfw\Carlos_Moya\Carlos_Moya_0015.jpg,False,False,False,both,0.16801640391349792,jianghongbo
fusion_max,sunyizhou,C:\Users\tahak\ogproject\adaptiveface\data\rmfd\AFDB_masked_face_dataset\sunyizhou\0_0_1.jpg,True,True,True,both,0.40223509073257446,sunyizhou
fusion_max,zhourunfa,C:\Users\tahak\ogproject\adaptiveface\data\rmfd\AFDB_masked_face_dataset\zhourunfa\0_0_2.jpg,True,True,True,both,0.2571089267730713,yangzi
fusion_max,huge,C:\Users\tahak\ogproject\adaptiveface\data\rmfd\AFDB_masked_face_dataset\huge\0_0_3.jpg,True,True,False,both,0.38742661476135254,wangyuan
fusion_avg,huojianhua,C:\Users\tahak\ogproject\adaptiveface\data\rmfd\AFDB_masked_face_dataset\huojianhua\0_0_21.jpg,True,True,True,both,0.25456005334854126,liushishi
fusion_avg,zhaoyazhi,C:\Users\tahak\ogproject\adaptiveface\data\rmfd\AFDB_face_dataset\zhaoyazhi\1_0_zhaoyazhi_0198.jpg,False,True,False,both,0.45192593336105347,zhaoyazhi
fusion_avg,Carlos_Moya,C:\Users\tahak\ogproject\adaptiveface\data\lfw\Carlos_Moya\Carlos_Moya_0002.jpg,False,False,False,both,0.12043559551239014,maoxiaotong
fusion_avg,xiaozhan,C:\Users\tahak\ogproject\adaptiveface\data\rmfd\AFDB_masked_face_dataset\xiaozhan\0_0_28.jpg,True,True,True,both,0.31066152453422546,xiaozhan
fusion_avg,zhangshaohan,C:\Users\tahak\ogproject\adaptiveface\data\rmfd\AFDB_masked_face_dataset\zhangshaohan\0_0_3.jpg,True,True,True,both,0.16062596440315247,linyuan
fusion_avg,lvyi,C:\Users\tahak\ogproject\adaptiveface\data\rmfd\AFDB_face_dataset\lvyi\1_0_lvyi_0136.jpg,False,True,False,both,0.3010498881340027,jiangyiyi
fusion_avg,daipeini,C:\Users\tahak\ogproject\adaptiveface\data\rmfd\AFDB_face_dataset\daipeini\1_0_daipeini_0001.jpg,False,True,False,both,0.48653462529182434,daipeini
fusion_avg,linyichen,C:\Users\tahak\ogproject\adaptiveface\data\rmfd\AFDB_face_dataset\linyichen\1_0_linyichen_0328.jpg,False,True,False,both,0.282421737909317,zhanghanyun
fusion_avg,Bernard_Law,C:\Users\tahak\ogproject\adaptiveface\data\lfw\Bernard_Law\Bernard_Law_0005.jpg,False,False,False,both,0.13123609125614166,yeyiqian
fusion_avg,huangzitao,C:\Users\tahak\ogproject\adaptiveface\data\rmfd\AFDB_face_dataset\huangzitao\1_0_huangzitao_0108.jpg,False,True,False,both,0.6567473411560059,huangzitao
fusion_avg,Ben_Betts,C:\Users\tahak\ogproject\adaptiveface\data\lfw\Ben_Betts\Ben_Betts_0001.jpg,False,False,False,both,0.17283830046653748,liyapeng
fusion_avg,shaofeng,C:\Users\tahak\ogproject\adaptiveface\data\rmfd\AFDB_face_dataset\shaofeng\1_0_shaofeng_0001.jpg,False,True,False,both,0.49124962091445923,shaofeng
fusion_avg,Thomas_Bjorn,C:\Users\tahak\ogproject\adaptiveface\data\lfw\Thomas_Bjorn\Thomas_Bjorn_0002.jpg,False,False,False,both,0.13766199350357056,zhouhuimin
fusion_avg,Intisar_Ajouri,C:\Users\tahak\ogproject\adaptiveface\data\lfw\Intisar_Ajouri\Intisar_Ajouri_0003.jpg,False,False,False,both,0.1409187614917755,weidaxun
fusion_avg,Elena_Tihomirova,C:\Users\tahak\ogproject\adaptiveface\data\lfw\Elena_Tihomirova\Elena_Tihomirova_0001.jpg,False,False,False,both,0.14498838782310486,zhangxueying
fusion_avg,Nicanor_Duarte_Frutos,C:\Users\tahak\ogproject\adaptiveface\data\lfw\Nicanor_Duarte_Frutos\Nicanor_Duarte_Frutos_0010.jpg,False,False,False,both,0.1637265533208847,duwenze
fusion_avg,huangzitao,C:\Users\tahak\ogproject\adaptiveface\data\rmfd\AFDB_masked_face_dataset\huangzitao\0_0_2.jpg,True,True,False,both,0.2405741959810257,huangzitao
fusion_avg,zhangtianai,C:\Users\tahak\ogproject\adaptiveface\data\rmfd\AFDB_masked_face_dataset\zhangtianai\0_0_8.jpg,True,True,True,both,0.19616591930389404,huojianhua
fusion_avg,Bernard_Law,C:\Users\tahak\ogproject\adaptiveface\data\lfw\Bernard_Law\Bernard_Law_0001.jpg,False,False,False,both,0.10845395922660828,ruanjingtian
fusion_avg,Tyra_Banks,C:\Users\tahak\ogproject\adaptiveface\data\lfw\Tyra_Banks\Tyra_Banks_0002.jpg,False,False,False,both,0.12832695245742798,xuzheng
fusion_avg,Michael_Phelps,C:\Users\tahak\ogproject\adaptiveface\data\lfw\Michael_Phelps\Michael_Phelps_0002.jpg,False,False,False,both,0.16717976331710815,huangrihua
fusion_avg,Martha_Lucia_Ramirez,C:\Users\tahak\ogproject\adaptiveface\data\lfw\Martha_Lucia_Ramirez\Martha_Lucia_Ramirez_0002.jpg,False,False,False,both,0.1366724967956543,caiyilin
fusion_avg,zhangyi,C:\Users\tahak\ogproject\adaptiveface\data\rmfd\AFDB_masked_face_dataset\zhangyi\0_0_0.jpg,True,True,True,both,0.23638756573200226,zhangyi
fusion_avg,xuhao,C:\Users\tahak\ogproject\adaptiveface\data\rmfd\AFDB_masked_face_dataset\xuhao\0_0_0.jpg,True,True,False,both,0.5733791589736938,xuhao
fusion_avg,Boris_Henry,C:\Users\tahak\ogproject\adaptiveface\data\lfw\Boris_Henry\Boris_Henry_0001.jpg,False,False,False,both,0.10916567593812943,jianailiang
fusion_avg,lianghanwen,C:\Users\tahak\ogproject\adaptiveface\data\rmfd\AFDB_face_dataset\lianghanwen\1_0_lianghanwen_0181.jpg,False,True,False,both,0.25101238489151,yumenglong
fusion_avg,zhangluyi,C:\Users\tahak\ogproject\adaptiveface\data\rmfd\AFDB_masked_face_dataset\zhangluyi\0_0_0.png,True,True,True,both,0.36220255494117737,zhangluyi
fusion_avg,maqiguang,C:\Users\tahak\ogproject\adaptiveface\data\rmfd\AFDB_face_dataset\maqiguang\1_0_maqiguang_0041.jpg,False,True,False,both,0.28214430809020996,maqiguang
fusion_avg,liushishi,C:\Users\tahak\ogproject\adaptiveface\data\rmfd\AFDB_face_dataset\liushishi\1_0_liushishi_0149.jpg,False,True,False,both,0.34716901183128357,hanqingzi
fusion_avg,guojingjing,C:\Users\tahak\ogproject\adaptiveface\data\rmfd\AFDB_face_dataset\guojingjing\0_0_guojingjing_0211.jpg,False,True,False,both,0.33542028069496155,guojingjing
fusion_avg,luozhixiang,C:\Users\tahak\ogproject\adaptiveface\data\rmfd\AFDB_masked_face_dataset\luozhixiang\0_0_4.jpg,True,True,True,both,0.2969873547554016,yangqianhua
fusion_avg,jianghongbo,C:\Users\tahak\ogproject\adaptiveface\data\rmfd\AFDB_masked_face_dataset\jianghongbo\0_0_0.jpg,True,True,True,both,0.2965971529483795,jianghongbo
fusion_avg,yingcaier,C:\Users\tahak\ogproject\adaptiveface\data\rmfd\AFDB_face_dataset\yingcaier\1_0_yingcaier_0018.jpg,False,True,False,both,0.32530122995376587,xudongdong
fusion_avg,xudongdong,C:\Users\tahak\ogproject\adaptiveface\data\rmfd\AFDB_face_dataset\xudongdong\1_0_xudongdong_0234.jpg,False,True,False,both,0.39203956723213196,xudongdong
fusion_avg,zhaoyihuan,C:\Users\tahak\ogproject\adaptiveface\data\rmfd\AFDB_face_dataset\zhaoyihuan\1_0_zhaoyihuan_0177.jpg,False,True,False,both,0.3788769245147705,zhuowenxuan
fusion_avg,Ivan_Helguera,C:\Users\tahak\ogproject\adaptiveface\data\lfw\Ivan_Helguera\Ivan_Helguera_0001.jpg,False,False,False,both,0.14052771031856537,lixiang
fusion_avg,jingbairan,C:\Users\tahak\ogproject\adaptiveface\data\rmfd\AFDB_masked_face_dataset\jingbairan\0_0_3.jpg,True,True,True,both,0.18622255325317383,huangxuan
fusion_avg,luozhixiang,C:\Users\tahak\ogproject\adaptiveface\data\rmfd\AFDB_face_dataset\luozhixiang\0_0_luozhixiang_0011.jpg,False,True,False,both,0.232575923204422,yanyikuan
fusion_avg,lvjiarong,C:\Users\tahak\ogproject\adaptiveface\data\rmfd\AFDB_face_dataset\lvjiarong\0_0_lvjiarong_0130.jpg,False,True,False,both,0.2840702533721924,lvjiarong
fusion_avg,zhengyecheng,C:\Users\tahak\ogproject\adaptiveface\data\rmfd\AFDB_face_dataset\zhengyecheng\1_0_zhengyecheng_0174.jpg,False,True,False,both,0.5064008235931396,zhengyecheng
fusion_avg,Michael_Chiklis,C:\Users\tahak\ogproject\adaptiveface\data\lfw\Michael_Chiklis\Michael_Chiklis_0004.jpg,False,False,False,both,0.1750946193933487,ruanjingtian
fusion_avg,tanweiwei,C:\Users\tahak\ogproject\adaptiveface\data\rmfd\AFDB_masked_face_dataset\tanweiwei\1_0_2.jpg,True,True,True,both,0.2758333086967468,lianghanwen
fusion_avg,wangkai,C:\Users\tahak\ogproject\adaptiveface\data\rmfd\AFDB_face_dataset\wangkai\1_0_wangkai_0090.jpg,False,True,False,both,0.4113864302635193,wangkai
fusion_avg,zhangbo,C:\Users\tahak\ogproject\adaptiveface\data\rmfd\AFDB_face_dataset\zhangbo\1_0_zhangbo_0212.jpg,False,True,False,both,0.4258648455142975,zhangbo
fusion_avg,Asif_Hanif,C:\Users\tahak\ogproject\adaptiveface\data\lfw\Asif_Hanif\Asif_Hanif_0001.jpg,False,False,False,both,0.1460227072238922,liushishi
fusion_avg,jiangkaitong,C:\Users\tahak\ogproject\adaptiveface\data\rmfd\AFDB_masked_face_dataset\jiangkaitong\0_0_10.jpg,True,True,False,both,0.3376321494579315,zhaoliying
fusion_avg,panyueming,C:\Users\tahak\ogproject\adaptiveface\data\rmfd\AFDB_face_dataset\panyueming\1_0_panyueming_0150.jpg,False,True,False,both,0.525168240070343,panyueming
fusion_avg,hujing,C:\Users\tahak\ogproject\adaptiveface\data\rmfd\AFDB_face_dataset\hujing\1_0_hujing_0236.jpg,False,True,False,both,0.3829023838043213,hujing
fusion_avg,lvjiarong,C:\Users\tahak\ogproject\adaptiveface\data\rmfd\AFDB_face_dataset\lvjiarong\0_0_lvjiarong_0002.jpg,False,True,False,both,0.3448125720024109,tongliya
fusion_avg,Eduardo_Romero,C:\Users\tahak\ogproject\adaptiveface\data\lfw\Eduardo_Romero\Eduardo_Romero_0001.jpg,False,False,False,both,0.15130583941936493,lixiang
fusion_avg,Celso_Amorim,C:\Users\tahak\ogproject\adaptiveface\data\lfw\Celso_Amorim\Celso_Amorim_0002.jpg,False,False,False,both,0.14671732485294342,liyapeng
fusion_avg,zhouxun,C:\Users\tahak\ogproject\adaptiveface\data\rmfd\AFDB_masked_face_dataset\zhouxun\0_0_7.jpg,True,True,True,both,0.23341971635818481,zhouxun
fusion_avg,Paul_Reiser,C:\Users\tahak\ogproject\adaptiveface\data\lfw\Paul_Reiser\Paul_Reiser_0001.jpg,False,False,False,both,0.1374829113483429,huangzhongkun
fusion_avg,guojingfei,C:\Users\tahak\ogproject\adaptiveface\data\rmfd\AFDB_masked_face_dataset\guojingfei\0_0_0.jpg,True,True,True,both,0.22428075969219208,guojingfei
fusion_avg,yinzheng,C:\Users\tahak\ogproject\adaptiveface\data\rmfd\AFDB_face_dataset\yinzheng\1_0_yinzheng_0093.jpg,False,True,False,both,0.409728467464447,yinzheng
fusion_avg,songxiaobo,C:\Users\tahak\ogproject\adaptiveface\data\rmfd\AFDB_face_dataset\songxiaobo\0_0_songxiaobo_0175.jpg,False,True,False,both,0.26121437549591064,duwenze
fusion_avg,hanqingzi,C:\Users\tahak\ogproject\adaptiveface\data\rmfd\AFDB_face_dataset\hanqingzi\1_0_hanqingzi_0029.jpg,False,True,False,both,0.3482162356376648,zhaoliying
fusion_avg,yinengjing,C:\Users\tahak\ogproject\adaptiveface\data\rmfd\AFDB_masked_face_dataset\yinengjing\0_0_30.jpg,True,True,True,both,0.3152507245540619,yinengjing
fusion_avg,lixiang,C:\Users\tahak\ogproject\adaptiveface\data\rmfd\AFDB_masked_face_dataset\lixiang\1_0_19.jpg,True,True,True,both,0.1787794530391693,liusongren
fusion_avg,dazhangwei,C:\Users\tahak\ogproject\adaptiveface\data\rmfd\AFDB_masked_face_dataset\dazhangwei\1_1_16.jpg,True,True,True,both,0.27200186252593994,jiangkaitong
fusion_avg,liyifeng,C:\Users\tahak\ogproject\adaptiveface\data\rmfd\AFDB_masked_face_dataset\liyifeng\0_0_3.jpg,True,True,True,both,0.23826122283935547,xiaozhan
fusion_avg,liushishi,C:\Users\tahak\ogproject\adaptiveface\data\rmfd\AFDB_face_dataset\liushishi\0_0_liushishi_0037.jpg,False,True,False,both,0.3258531987667084,matianyu
fusion_avg,Eliane_Karp,C:\Users\tahak\ogproject\adaptiveface\data\lfw\Eliane_Karp\Eliane_Karp_0001.jpg,False,False,False,both,0.13773423433303833,huozun
fusion_avg,weidaxun,C:\Users\tahak\ogproject\adaptiveface\data\rmfd\AFDB_masked_face_dataset\weidaxun\0_0_16.jpg,True,True,True,both,0.2769084870815277,weidaxun
fusion_avg,zhangguoli,C:\Users\tahak\ogproject\adaptiveface\data\rmfd\AFDB_masked_face_dataset\zhangguoli\1_1_1.jpg,True,True,False,both,0.2704651951789856,chenkun
fusion_avg,Carlos_Moya,C:\Users\tahak\ogproject\adaptiveface\data\lfw\Carlos_Moya\Carlos_Moya_0012.jpg,False,False,False,both,0.12824249267578125,liuxiang
fusion_avg,wangyu,C:\Users\tahak\ogproject\adaptiveface\data\rmfd\AFDB_face_dataset\wangyu\0_0_wangyu_0164.jpg,False,True,False,both,0.4020335376262665,wangyu
fusion_avg,zhangjingjing,C:\Users\tahak\ogproject\adaptiveface\data\rmfd\AFDB_face_dataset\zhangjingjing\1_0_zhangjingjing_0014.jpg,False,True,False,both,0.26945585012435913,jingbairan
fusion_avg,linxinru,C:\Users\tahak\ogproject\adaptiveface\data\rmfd\AFDB_face_dataset\linxinru\0_0_linxinru_0135.jpg,False,True,False,both,0.450813353061676,linxinru
fusion_avg,qiuze,C:\Users\tahak\ogproject\adaptiveface\data\rmfd\AFDB_face_dataset\qiuze\1_0_qiuze_0011.jpg,False,True,False,both,0.6047423481941223,qiuze
fusion_avg,zhangshaohan,C:\Users\tahak\ogproject\adaptiveface\data\rmfd\AFDB_face_dataset\zhangshaohan\1_0_zhangshaohan_0144.jpg,False,True,False,both,0.3369100093841553,zhangshaohan
fusion_avg,Jimmy_Smits,C:\Users\tahak\ogproject\adaptiveface\data\lfw\Jimmy_Smits\Jimmy_Smits_0001.jpg,False,False,False,both,0.12965239584445953,huangzhongkun
fusion_avg,xieanqi,C:\Users\tahak\ogproject\adaptiveface\data\rmfd\AFDB_face_dataset\xieanqi\1_0_xieanqi_0048.jpg,False,True,False,both,0.3503684401512146,xieanqi
fusion_avg,hejiong,C:\Users\tahak\ogproject\adaptiveface\data\rmfd\AFDB_masked_face_dataset\hejiong\0_0_3.jpg,True,True,True,both,0.25687554478645325,yuyi
fusion_avg,zhaoyihuan,C:\Users\tahak\ogproject\adaptiveface\data\rmfd\AFDB_masked_face_dataset\zhaoyihuan\0_0_1.jpg,True,True,True,both,0.3494614064693451,liuyifei
fusion_avg,huangxiaoming,C:\Users\tahak\ogproject\adaptiveface\data\rmfd\AFDB_masked_face_dataset\huangxiaoming\0_0_5.jpg,True,True,True,both,0.25802677869796753,lixiang
fusion_avg,gongbeibi,C:\Users\tahak\ogproject\adaptiveface\data\rmfd\AFDB_face_dataset\gongbeibi\0_0_gongbeibi_0071.jpg,False,True,False,both,0.406316339969635,gongbeibi
fusion_avg,liuxiang,C:\Users\tahak\ogproject\adaptiveface\data\rmfd\AFDB_face_dataset\liuxiang\1_0_liuxiang_0156.jpg,False,True,False,both,0.49542516469955444,liuxiang
fusion_avg,Roberto_Cercelletta,C:\Users\tahak\ogproject\adaptiveface\data\lfw\Roberto_Cercelletta\Roberto_Cercelletta_0001.jpg,False,False,False,both,0.15530124306678772,tongliya
fusion_avg,linyuan,C:\Users\tahak\ogproject\adaptiveface\data\rmfd\AFDB_face_dataset\linyuan\1_0_linyuan_0170.jpg,False,True,False,both,0.3239131569862366,linyuan
fusion_avg,Nicanor_Duarte_Frutos,C:\Users\tahak\ogproject\adaptiveface\data\lfw\Nicanor_Duarte_Frutos\Nicanor_Duarte_Frutos_0007.jpg,False,False,False,both,0.17448696494102478,zhangguoli
fusion_avg,Zoran_Djindjic,C:\Users\tahak\ogproject\adaptiveface\data\lfw\Zoran_Djindjic\Zoran_Djindjic_0001.jpg,False,False,False,both,0.09210141003131866,yeyiqian
fusion_avg,qiuze,C:\Users\tahak\ogproject\adaptiveface\data\rmfd\AFDB_masked_face_dataset\qiuze\0_0_0.jpg,True,True,True,both,0.4662624001502991,qiuze
fusion_avg,chenxiang,C:\Users\tahak\ogproject\adaptiveface\data\rmfd\AFDB_masked_face_dataset\chenxiang\0_0_1.jpg,True,True,True,both,0.3034279942512512,chenxiang
fusion_avg,Sammy_Sosa,C:\Users\tahak\ogproject\adaptiveface\data\lfw\Sammy_Sosa\Sammy_Sosa_0001.jpg,False,False,False,both,0.13236132264137268,wangzuxian
fusion_avg,zhangluyi,C:\Users\tahak\ogproject\adaptiveface\data\rmfd\AFDB_face_dataset\zhangluyi\1_0_zhangluyi_0047.jpg,False,True,False,both,0.6417297124862671,zhangluyi
fusion_avg,Mel_Gibson,C:\Users\tahak\ogproject\adaptiveface\data\lfw\Mel_Gibson\Mel_Gibson_0002.jpg,False,False,False,both,0.1475069224834442,chenjiaqi
fusion_avg,liuyifei,C:\Users\tahak\ogproject\adaptiveface\data\rmfd\AFDB_masked_face_dataset\liuyifei\0_0_0.jpg,True,True,True,both,0.38145822286605835,liuyifei
fusion_avg,Ascencion_Barajas,C:\Users\tahak\ogproject\adaptiveface\data\lfw\Ascencion_Barajas\Ascencion_Barajas_0001.jpg,False,False,False,both,0.12320218980312347,lixirui
fusion_avg,Nicanor_Duarte_Frutos,C:\Users\tahak\ogproject\adaptiveface\data\lfw\Nicanor_Duarte_Frutos\Nicanor_Duarte_Frutos_0011.jpg,False,False,False,both,0.13576528429985046,xiaozhan
fusion_avg,Jason_Statham,C:\Users\tahak\ogproject\adaptiveface\data\lfw\Jason_Statham\Jason_Statham_0001.jpg,False,False,False,both,0.11104895174503326,liuye
fusion_avg,Brandon_Lloyd,C:\Users\tahak\ogproject\adaptiveface\data\lfw\Brandon_Lloyd\Brandon_Lloyd_0001.jpg,False,False,False,both,0.1315566748380661,jianailiang
fusion_avg,jiangkaitong,C:\Users\tahak\ogproject\adaptiveface\data\rmfd\AFDB_masked_face_dataset\jiangkaitong\0_0_4.jpg,True,True,False,both,0.2273789942264557,jiangkaitong
fusion_avg,liuye,C:\Users\tahak\ogproject\adaptiveface\data\rmfd\AFDB_masked_face_dataset\liuye\0_0_0.jpg,True,True,True,both,0.4592059850692749,liuye
fusion_avg,Nicanor_Duarte_Frutos,C:\Users\tahak\ogproject\adaptiveface\data\lfw\Nicanor_Duarte_Frutos\Nicanor_Duarte_Frutos_0001.jpg,False,False,False,both,0.13563315570354462,xiaozhan
fusion_avg,Ian_McKellen,C:\Users\tahak\ogproject\adaptiveface\data\lfw\Ian_McKellen\Ian_McKellen_0001.jpg,False,False,False,both,0.1318843960762024,tangwei
fusion_avg,Tommy_Amaker,C:\Users\tahak\ogproject\adaptiveface\data\lfw\Tommy_Amaker\Tommy_Amaker_0001.jpg,False,False,False,both,0.11252088099718094,maoxiaotong
fusion_avg,maoxiaotong,C:\Users\tahak\ogproject\adaptiveface\data\rmfd\AFDB_masked_face_dataset\maoxiaotong\0_0_19.jpg,True,True,True,both,0.2843537926673889,wangyuan
fusion_avg,mali,C:\Users\tahak\ogproject\adaptiveface\data\rmfd\AFDB_masked_face_dataset\mali\0_0_2.jpg,True,True,True,both,0.3750881552696228,mali
fusion_avg,liusongren,C:\Users\tahak\ogproject\adaptiveface\data\rmfd\AFDB_face_dataset\liusongren\1_0_liusongren_0104.jpg,False,True,False,both,0.5572614669799805,liusongren
fusion_avg,liuqianhan,C:\Users\tahak\ogproject\adaptiveface\data\rmfd\AFDB_masked_face_dataset\liuqianhan\1_0_0.jpg,True,True,True,both,0.31609174609184265,liuqianhan
fusion_avg,jiangyiyi,C:\Users\tahak\ogproject\adaptiveface\data\rmfd\AFDB_face_dataset\jiangyiyi\1_0_jiangyiyi_0067.jpg,False,True,False,both,0.37933555245399475,jiangyiyi
fusion_avg,matianyu,C:\Users\tahak\ogproject\adaptiveface\data\rmfd\AFDB_face_dataset\matianyu\1_0_matianyu_0069.jpg,False,True,False,both,0.5607298612594604,matianyu
fusion_avg,jianailiang,C:\Users\tahak\ogproject\adaptiveface\data\rmfd\AFDB_masked_face_dataset\jianailiang\1_0_1.jpg,True,True,True,both,0.1870032399892807,chenkun
fusion_avg,Bernard_Law,C:\Users\tahak\ogproject\adaptiveface\data\lfw\Bernard_Law\Bernard_Law_0004.jpg,False,False,False,both,0.10135573893785477,huangbo
fusion_avg,chenkun,C:\Users\tahak\ogproject\adaptiveface\data\rmfd\AFDB_face_dataset\chenkun\1_0_chenkun_0050.jpg,False,True,False,both,0.44321948289871216,chenkun
fusion_avg,licaihua,C:\Users\tahak\ogproject\adaptiveface\data\rmfd\AFDB_masked_face_dataset\licaihua\0_0_0.jpg,True,True,True,both,0.30552470684051514,licaihua
fusion_avg,Bernard_Siegel,C:\Users\tahak\ogproject\adaptiveface\data\lfw\Bernard_Siegel\Bernard_Siegel_0001.jpg,False,False,False,both,0.10391408205032349,caobingkun
fusion_avg,Kifah_Ajouri,C:\Users\tahak\ogproject\adaptiveface\data\lfw\Kifah_Ajouri\Kifah_Ajouri_0001.jpg,False,False,False,both,0.12107303738594055,huozun
fusion_avg,guofucheng,C:\Users\tahak\ogproject\adaptiveface\data\rmfd\AFDB_masked_face_dataset\guofucheng\1_0_6.jpg,True,True,True,both,0.2886717915534973,guofucheng
fusion_avg,wangkai,C:\Users\tahak\ogproject\adaptiveface\data\rmfd\AFDB_masked_face_dataset\wangkai\0_0_0.jpg,True,True,True,both,0.37309539318084717,wangkai
fusion_avg,wangzuxian,C:\Users\tahak\ogproject\adaptiveface\data\rmfd\AFDB_masked_face_dataset\wangzuxian\0_0_16.jpg,True,True,True,both,0.3477771282196045,wangzuxian
fusion_avg,tangwei,C:\Users\tahak\ogproject\adaptiveface\data\rmfd\AFDB_masked_face_dataset\tangwei\0_0_0.jpg,True,True,True,both,0.3206227421760559,tangwei
fusion_avg,Carlos_Moya,C:\Users\tahak\ogproject\adaptiveface\data\lfw\Carlos_Moya\Carlos_Moya_0006.jpg,False,False,False,both,0.12240809947252274,liuruilin
fusion_avg,Martha_Lucia_Ramirez,C:\Users\tahak\ogproject\adaptiveface\data\lfw\Martha_Lucia_Ramirez\Martha_Lucia_Ramirez_0001.jpg,False,False,False,both,0.18538737297058105,zhaoyazhi
fusion_avg,zhangzifeng,C:\Users\tahak\ogproject\adaptiveface\data\rmfd\AFDB_masked_face_dataset\zhangzifeng\1_0_19.jpg,True,True,False,both,0.29456350207328796,zhangzifeng
fusion_avg,caobingkun,C:\Users\tahak\ogproject\adaptiveface\data\rmfd\AFDB_masked_face_dataset\caobingkun\0_0_11.jpg,True,True,True,both,0.36347922682762146,caobingkun
fusion_avg,liuruilin,C:\Users\tahak\ogproject\adaptiveface\data\rmfd\AFDB_face_dataset\liuruilin\1_0_liuruilin_0293.jpg,False,True,False,both,0.31615710258483887,wangyuan
fusion_avg,fengjianyu,C:\Users\tahak\ogproject\adaptiveface\data\rmfd\AFDB_face_dataset\fengjianyu\1_0_fengjianyu_0103.jpg,False,True,False,both,0.2845466136932373,fengjianyu
fusion_avg,handongjun,C:\Users\tahak\ogproject\adaptiveface\data\rmfd\AFDB_masked_face_dataset\handongjun\0_0_3.jpg,True,True,True,both,0.2815515398979187,zhengkai
fusion_avg,shenmengchen,C:\Users\tahak\ogproject\adaptiveface\data\rmfd\AFDB_masked_face_dataset\shenmengchen\0_0_13.jpg,True,True,True,both,0.2104703187942505,mali
fusion_avg,zhangluyi,C:\Users\tahak\ogproject\adaptiveface\data\rmfd\AFDB_face_dataset\zhangluyi\1_0_zhangluyi_0103.jpg,False,True,False,both,0.5858867168426514,zhangluyi
fusion_avg,mali,C:\Users\tahak\ogproject\adaptiveface\data\rmfd\AFDB_masked_face_dataset\mali\0_0_0.jpg,True,True,True,both,0.4273892641067505,mali
fusion_avg,lufangsheng,C:\Users\tahak\ogproject\adaptiveface\data\rmfd\AFDB_masked_face_dataset\lufangsheng\0_0_0.jpg,True,True,True,both,0.39304059743881226,lufangsheng
fusion_avg,Zoran_Djindjic,C:\Users\tahak\ogproject\adaptiveface\data\lfw\Zoran_Djindjic\Zoran_Djindjic_0004.jpg,False,False,False,both,0.10526487231254578,zhangxueyou
fusion_avg,xuzheng,C:\Users\tahak\ogproject\adaptiveface\data\rmfd\AFDB_face_dataset\xuzheng\1_0_xuzheng_0059.jpg,False,True,False,both,0.438472718000412,xuzheng
fusion_avg,huojianhua,C:\Users\tahak\ogproject\adaptiveface\data\rmfd\AFDB_face_dataset\huojianhua\1_0_huojianhua_0128.jpg,False,True,False,both,0.39806658029556274,huojianhua
fusion_avg,xietingfeng,C:\Users\tahak\ogproject\adaptiveface\data\rmfd\AFDB_masked_face_dataset\xietingfeng\0_0_2.jpg,True,True,True,both,0.2440652996301651,xiaozhan
fusion_avg,zhaoliying,C:\Users\tahak\ogproject\adaptiveface\data\rmfd\AFDB_masked_face_dataset\zhaoliying\1_1_23.jpg,True,True,True,both,0.2755512595176697,hujing
fusion_avg,zhangguoli,C:\Users\tahak\ogproject\adaptiveface\data\rmfd\AFDB_face_dataset\zhangguoli\1_0_zhangguoli_0139.jpg,False,True,False,both,0.5331772565841675,zhangguoli
fusion_avg,guofucheng,C:\Users\tahak\ogproject\adaptiveface\data\rmfd\AFDB_face_dataset\guofucheng\1_0_guofucheng_0024.jpg,False,True,False,both,0.3938279151916504,guofucheng
fusion_avg,liuqianhan,C:\Users\tahak\ogproject\adaptiveface\data\rmfd\AFDB_face_dataset\liuqianhan\1_0_liuqianhan_0032.jpg,False,True,False,both,0.28553250432014465,zhuowenxuan
fusion_avg,huashao,C:\Users\tahak\ogproject\adaptiveface\data\rmfd\AFDB_masked_face_dataset\huashao\0_0_0.jpg,True,True,True,both,0.1876348853111267,fengjianyu
fusion_avg,xiena,C:\Users\tahak\ogproject\adaptiveface\data\rmfd\AFDB_masked_face_dataset\xiena\0_0_8.jpg,True,True,True,both,0.18987104296684265,xuhao
fusion_avg,linxinru,C:\Users\tahak\ogproject\adaptiveface\data\rmfd\AFDB_face_dataset\linxinru\1_0_linxinru_0242.jpg,False,True,False,both,0.3905438780784607,linxinru
fusion_avg,guanxiaotong,C:\Users\tahak\ogproject\adaptiveface\data\rmfd\AFDB_face_dataset\guanxiaotong\1_0_guanxiaotong_0016.jpg,False,True,False,both,0.36930856108665466,guanxiaotong
fusion_avg,shuqi,C:\Users\tahak\ogproject\adaptiveface\data\rmfd\AFDB_face_dataset\shuqi\1_0_shuqi_0023.jpg,False,True,False,both,0.3191278278827667,xiongnaijin
fusion_avg,lixirui,C:\Users\tahak\ogproject\adaptiveface\data\rmfd\AFDB_masked_face_dataset\lixirui\1_0_0.jpg,True,True,True,both,0.245302215218544,lvyi
fusion_avg,songqian,C:\Users\tahak\ogproject\adaptiveface\data\rmfd\AFDB_masked_face_dataset\songqian\1_0_17.jpg,True,True,True,both,0.20133429765701294,tongkeke
fusion_avg,ruanjingtian,C:\Users\tahak\ogproject\adaptiveface\data\rmfd\AFDB_masked_face_dataset\ruanjingtian\0_0_1.jpg,True,True,True,both,0.34648287296295166,jiangjinfu
fusion_avg,liyifeng,C:\Users\tahak\ogproject\adaptiveface\data\rmfd\AFDB_face_dataset\liyifeng\1_0_liyifeng_0142.jpg,False,True,False,both,0.42717593908309937,liyifeng
fusion_avg,yanni,C:\Users\tahak\ogproject\adaptiveface\data\rmfd\AFDB_masked_face_dataset\yanni\0_0_13.jpg,True,True,True,both,0.17895428836345673,liusongren
fusion_avg,caobingkun,C:\Users\tahak\ogproject\adaptiveface\data\rmfd\AFDB_face_dataset\caobingkun\1_0_caobingkun_0234.jpg,False,True,False,both,0.3810698986053467,caobingkun
fusion_avg,chenfarong,C:\Users\tahak\ogproject\adaptiveface\data\rmfd\AFDB_face_dataset\chenfarong\1_0_chenfarong_0152.jpg,False,True,False,both,0.4759557843208313,chenfarong
fusion_avg,yanni,C:\Users\tahak\ogproject\adaptiveface\data\rmfd\AFDB_face_dataset\yanni\1_0_yanni_0039.jpg,False,True,False,both,0.3719436228275299,yanni
fusion_avg,tongliya,C:\Users\tahak\ogproject\adaptiveface\data\rmfd\AFDB_face_dataset\tongliya\0_0_tongliya_0169.jpg,False,True,False,both,0.5887681841850281,tongliya
fusion_avg,zhengkai,C:\Users\tahak\ogproject\adaptiveface\data\rmfd\AFDB_masked_face_dataset\zhengkai\0_1_10.jpg,True,True,True,both,0.2754861116409302,huangxuan
fusion_avg,huangbo,C:\Users\tahak\ogproject\adaptiveface\data\rmfd\AFDB_masked_face_dataset\huangbo\0_0_0.jpg,True,True,True,both,0.3547414541244507,huangbo
fusion_avg,hujing,C:\Users\tahak\ogproject\adaptiveface\data\rmfd\AFDB_masked_face_dataset\hujing\0_0_33.jpg,True,True,True,both,0.394462913274765,hujing
fusion_avg,chenxiang,C:\Users\tahak\ogproject\adaptiveface\data\rmfd\AFDB_face_dataset\chenxiang\1_0_chenxiang_0002.jpg,False,True,False,both,0.2538214921951294,tongkeke
fusion_avg,mowenwei,C:\Users\tahak\ogproject\adaptiveface\data\rmfd\AFDB_masked_face_dataset\mowenwei\0_0_1.jpg,True,True,True,both,0.18361905217170715,mowenwei
fusion_avg,huangbo,C:\Users\tahak\ogproject\adaptiveface\data\rmfd\AFDB_masked_face_dataset\huangbo\0_0_1.jpg,True,True,True,both,0.35318121314048767,huangbo
fusion_avg,masichun,C:\Users\tahak\ogproject\adaptiveface\data\rmfd\AFDB_face_dataset\masichun\1_0_masichun_0171.jpg,False,True,False,both,0.43923482298851013,masichun
fusion_avg,caizhuoyan,C:\Users\tahak\ogproject\adaptiveface\data\rmfd\AFDB_face_dataset\caizhuoyan\1_0_caizhuoyan_0077.jpg,False,True,False,both,0.3697456121444702,caizhuoyan
fusion_avg,chenjiaqi,C:\Users\tahak\ogproject\adaptiveface\data\rmfd\AFDB_masked_face_dataset\chenjiaqi\0_0_0.jpg,True,True,True,both,0.21336078643798828,wangxiaomin
fusion_avg,Ian_McKellen,C:\Users\tahak\ogproject\adaptiveface\data\lfw\Ian_McKellen\Ian_McKellen_0003.jpg,False,False,False,both,0.14496737718582153,lianghanwen
fusion_avg,shuqi,C:\Users\tahak\ogproject\adaptiveface\data\rmfd\AFDB_masked_face_dataset\shuqi\0_0_3.jpg,True,True,True,both,0.24734684824943542,raowei
fusion_avg,Carlos_Moya,C:\Users\tahak\ogproject\adaptiveface\data\lfw\Carlos_Moya\Carlos_Moya_0011.jpg,False,False,False,both,0.12601414322853088,gongbeibi
fusion_avg,linxinru,C:\Users\tahak\ogproject\adaptiveface\data\rmfd\AFDB_masked_face_dataset\linxinru\0_0_9.jpg,True,True,True,both,0.3173311948776245,linxinru
fusion_avg,liuxiang,C:\Users\tahak\ogproject\adaptiveface\data\rmfd\AFDB_masked_face_dataset\liuxiang\1_0_11.jpg,True,True,True,both,0.2376585155725479,zhangbo
fusion_avg,xiongdailin,C:\Users\tahak\ogproject\adaptiveface\data\rmfd\AFDB_face_dataset\xiongdailin\1_0_xiongdailin_0027.jpg,False,True,False,both,0.5860241055488586,xiongdailin
fusion_avg,lidaimo,C:\Users\tahak\ogproject\adaptiveface\data\rmfd\AFDB_face_dataset\lidaimo\1_0_lidaimo_0207.jpg,False,True,False,both,0.3738058805465698,lidaimo
fusion_avg,Nicanor_Duarte_Frutos,C:\Users\tahak\ogproject\adaptiveface\data\lfw\Nicanor_Duarte_Frutos\Nicanor_Duarte_Frutos_0008.jpg,False,False,False,both,0.16341638565063477,weidaxun
fusion_avg,fengjianyu,C:\Users\tahak\ogproject\adaptiveface\data\rmfd\AFDB_face_dataset\fengjianyu\0_0_fengjianyu_0016.jpg,False,True,False,both,0.2903680205345154,fengjianyu
fusion_avg,Kenneth_Brill,C:\Users\tahak\ogproject\adaptiveface\data\lfw\Kenneth_Brill\Kenneth_Brill_0001.jpg,False,False,False,both,0.10304579138755798,gulinazha
fusion_avg,panyueming,C:\Users\tahak\ogproject\adaptiveface\data\rmfd\AFDB_masked_face_dataset\panyueming\0_0_0.jpg,True,True,True,both,0.226365864276886,liyapeng
fusion_avg,caiguoqing,C:\Users\tahak\ogproject\adaptiveface\data\rmfd\AFDB_face_dataset\caiguoqing\1_0_caiguoqing_0126.jpg,False,True,False,both,0.5059322118759155,caiguoqing
fusion_avg,xiongdailin,C:\Users\tahak\ogproject\adaptiveface\data\rmfd\AFDB_face_dataset\xiongdailin\1_0_xiongdailin_0083.jpg,False,True,False,both,0.6737003326416016,xiongdailin
fusion_avg,liuruilin,C:\Users\tahak\ogproject\adaptiveface\data\rmfd\AFDB_masked_face_dataset\liuruilin\0_0_0.jpg,True,True,True,both,0.2654705345630646,jiangkaitong
fusion_avg,masichun,C:\Users\tahak\ogproject\adaptiveface\data\rmfd\AFDB_masked_face_dataset\masichun\0_0_4.png,True,True,True,both,0.34867292642593384,xuhao
fusion_avg,Carlo_Ancelotti,C:\Users\tahak\ogproject\adaptiveface\data\lfw\Carlo_Ancelotti\Carlo_Ancelotti_0001.jpg,False,False,False,both,0.13606664538383484,zhangjingjing
fusion_avg,lanyingying,C:\Users\tahak\ogproject\adaptiveface\data\rmfd\AFDB_masked_face_dataset\lanyingying\1_1_2.jpg,True,True,True,both,0.3367181718349457,lanyingying
fusion_avg,sunyizhou,C:\Users\tahak\ogproject\adaptiveface\data\rmfd\AFDB_face_dataset\sunyizhou\0_0_sunyizhou_0046.jpg,False,True,False,both,0.48889434337615967,sunyizhou
fusion_avg,xudongdong,C:\Users\tahak\ogproject\adaptiveface\data\rmfd\AFDB_face_dataset\xudongdong\1_0_xudongdong_0188.jpg,False,True,False,both,0.3672029972076416,xudongdong
fusion_avg,huangxiaoming,C:\Users\tahak\ogproject\adaptiveface\data\rmfd\AFDB_face_dataset\huangxiaoming\1_0_huangxiaoming_0199.jpg,False,True,False,both,0.37917518615722656,huangxiaoming
fusion_avg,gulinazha,C:\Users\tahak\ogproject\adaptiveface\data\rmfd\AFDB_face_dataset\gulinazha\0_0_gulinazha_0104.jpg,False,True,False,both,0.3808850049972534,gulinazha
fusion_avg,chenyi,C:\Users\tahak\ogproject\adaptiveface\data\rmfd\AFDB_face_dataset\chenyi\1_0_chenyi_0076.jpg,False,True,False,both,0.5153281688690186,chenyi
fusion_avg,Zach_Safrin,C:\Users\tahak\ogproject\adaptiveface\data\lfw\Zach_Safrin\Zach_Safrin_0001.jpg,False,False,False,both,0.1307896226644516,lvjiarong
fusion_avg,Pascal_Rheaume,C:\Users\tahak\ogproject\adaptiveface\data\lfw\Pascal_Rheaume\Pascal_Rheaume_0001.jpg,False,False,False,both,0.12411034107208252,zhangyi
fusion_avg,jingbairan,C:\Users\tahak\ogproject\adaptiveface\data\rmfd\AFDB_face_dataset\jingbairan\1_0_jingbairan_0103.jpg,False,True,False,both,0.4964178800582886,jingbairan
fusion_avg,zhangxueying,C:\Users\tahak\ogproject\adaptiveface\data\rmfd\AFDB_masked_face_dataset\zhangxueying\0_0_1.jpg,True,True,True,both,0.37911781668663025,zhangxueying
fusion_avg,xuzheng,C:\Users\tahak\ogproject\adaptiveface\data\rmfd\AFDB_masked_face_dataset\xuzheng\0_0_11.jpg,True,True,False,both,0.1626778095960617,zhangguoli
fusion_avg,huashao,C:\Users\tahak\ogproject\adaptiveface\data\rmfd\AFDB_face_dataset\huashao\0_0_huashao_0109.jpg,False,True,False,both,0.2527449429035187,zhangdanfeng
fusion_avg,guojingjing,C:\Users\tahak\ogproject\adaptiveface\data\rmfd\AFDB_face_dataset\guojingjing\0_0_guojingjing_0005.jpg,False,True,False,both,0.4070257246494293,guojingjing
fusion_avg,Carlo_Ancelotti,C:\Users\tahak\ogproject\adaptiveface\data\lfw\Carlo_Ancelotti\Carlo_Ancelotti_0002.jpg,False,False,False,both,0.12527239322662354,zhourunfa
fusion_avg,Keith_Bogans,C:\Users\tahak\ogproject\adaptiveface\data\lfw\Keith_Bogans\Keith_Bogans_0002.jpg,False,False,False,both,0.12919127941131592,zhangbinbin
fusion_avg,fengjianyu,C:\Users\tahak\ogproject\adaptiveface\data\rmfd\AFDB_masked_face_dataset\fengjianyu\0_0_0.jpg,True,True,True,both,0.2598077356815338,fengjianyu
fusion_avg,zhangxueyou,C:\Users\tahak\ogproject\adaptiveface\data\rmfd\AFDB_masked_face_dataset\zhangxueyou\0_0_0.jpg,True,True,True,both,0.3951317369937897,zhangxueyou
fusion_avg,maoxiaotong,C:\Users\tahak\ogproject\adaptiveface\data\rmfd\AFDB_face_dataset\maoxiaotong\1_0_maoxiaotong_0037.jpg,False,True,False,both,0.3279866576194763,maoxiaotong
fusion_avg,wulei,C:\Users\tahak\ogproject\adaptiveface\data\rmfd\AFDB_face_dataset\wulei\1_0_wulei_0131.jpg,False,True,False,both,0.3112263083457947,yanyikuan
fusion_avg,gutianle,C:\Users\tahak\ogproject\adaptiveface\data\rmfd\AFDB_masked_face_dataset\gutianle\0_1_6.jpg,True,True,True,both,0.3504578173160553,huge
fusion_avg,gutianle,C:\Users\tahak\ogproject\adaptiveface\data\rmfd\AFDB_face_dataset\gutianle\1_0_gutianle_0124.jpg,False,True,False,both,0.5194984674453735,gutianle
fusion_avg,liuqianhan,C:\Users\tahak\ogproject\adaptiveface\data\rmfd\AFDB_face_dataset\liuqianhan\1_0_liuqianhan_0255.jpg,False,True,False,both,0.5166482925415039,liuqianhan
fusion_avg,huangzitao,C:\Users\tahak\ogproject\adaptiveface\data\rmfd\AFDB_masked_face_dataset\huangzitao\0_0_11.jpg,True,True,False,both,0.23852458596229553,wangyuan
fusion_avg,Carlos_Moya,C:\Users\tahak\ogproject\adaptiveface\data\lfw\Carlos_Moya\Carlos_Moya_0008.jpg,False,False,False,both,0.1315333992242813,zhaoliying
fusion_avg,Rafeeuddin_Ahmed,C:\Users\tahak\ogproject\adaptiveface\data\lfw\Rafeeuddin_Ahmed\Rafeeuddin_Ahmed_0001.jpg,False,False,False,both,0.10983675718307495,wangkai
fusion_avg,zhouxun,C:\Users\tahak\ogproject\adaptiveface\data\rmfd\AFDB_face_dataset\zhouxun\0_0_zhouxun_0157.jpg,False,True,False,both,0.3870375156402588,wangou
fusion_avg,zhaoyihuan,C:\Users\tahak\ogproject\adaptiveface\data\rmfd\AFDB_masked_face_dataset\zhaoyihuan\0_0_0.jpg,True,True,True,both,0.3367546796798706,liuyifei
fusion_avg,wangou,C:\Users\tahak\ogproject\adaptiveface\data\rmfd\AFDB_face_dataset\wangou\1_0_wangou_0203.jpg,False,True,False,both,0.36537373065948486,wangou
fusion_avg,licaihua,C:\Users\tahak\ogproject\adaptiveface\data\rmfd\AFDB_face_dataset\licaihua\0_0_licaihua_0197.jpg,False,True,False,both,0.4720029830932617,licaihua
fusion_avg,mowenwei,C:\Users\tahak\ogproject\adaptiveface\data\rmfd\AFDB_face_dataset\mowenwei\1_0_mowenwei_0050.jpg,False,True,False,both,0.4110296964645386,mowenwei
fusion_avg,caobingkun,C:\Users\tahak\ogproject\adaptiveface\data\rmfd\AFDB_face_dataset\caobingkun\0_0_caobingkun_0198.jpg,False,True,False,both,0.516929566860199,caobingkun
fusion_avg,liusongren,C:\Users\tahak\ogproject\adaptiveface\data\rmfd\AFDB_face_dataset\liusongren\1_0_liusongren_0081.jpg,False,True,False,both,0.555554211139679,liusongren
fusion_avg,wulei,C:\Users\tahak\ogproject\adaptiveface\data\rmfd\AFDB_face_dataset\wulei\1_0_wulei_0069.jpg,False,True,False,both,0.3306180238723755,panyueming
fusion_avg,guanxiaotong,C:\Users\tahak\ogproject\adaptiveface\data\rmfd\AFDB_masked_face_dataset\guanxiaotong\0_0_29.jpg,True,True,True,both,0.26188749074935913,zhangxueying
fusion_avg,yangzi,C:\Users\tahak\ogproject\adaptiveface\data\rmfd\AFDB_masked_face_dataset\yangzi\0_0_25.jpg,True,True,True,both,0.22449463605880737,zhangxueying
fusion_avg,tongkeke,C:\Users\tahak\ogproject\adaptiveface\data\rmfd\AFDB_masked_face_dataset\tongkeke\0_0_3.jpg,True,True,True,both,0.5524898767471313,tongkeke
fusion_avg,Tyrone_Medley,C:\Users\tahak\ogproject\adaptiveface\data\lfw\Tyrone_Medley\Tyrone_Medley_0001.jpg,False,False,False,both,0.12106660008430481,guojingjing
fusion_avg,dingding,C:\Users\tahak\ogproject\adaptiveface\data\rmfd\AFDB_face_dataset\dingding\1_0_dingding_0011.jpg,False,True,False,both,0.3113104999065399,liuyifei
fusion_avg,Tim_Conway,C:\Users\tahak\ogproject\adaptiveface\data\lfw\Tim_Conway\Tim_Conway_0002.jpg,False,False,False,both,0.11436335742473602,chenkun
fusion_avg,Lawrence_MacAulay,C:\Users\tahak\ogproject\adaptiveface\data\lfw\Lawrence_MacAulay\Lawrence_MacAulay_0001.jpg,False,False,False,both,0.12525026500225067,huangzhongkun
fusion_avg,lanyingying,C:\Users\tahak\ogproject\adaptiveface\data\rmfd\AFDB_masked_face_dataset\lanyingying\1_0_2.jpg,True,True,True,both,0.2286117970943451,lanyingying
fusion_avg,matianyu,C:\Users\tahak\ogproject\adaptiveface\data\rmfd\AFDB_masked_face_dataset\matianyu\0_0_0.jpg,True,True,True,both,0.2609645426273346,yangqianhua
fusion_avg,linjing,C:\Users\tahak\ogproject\adaptiveface\data\rmfd\AFDB_masked_face_dataset\linjing\0_0_0.jpeg,True,True,False,both,0.31655246019363403,gulinazha
fusion_avg,wangluodan,C:\Users\tahak\ogproject\adaptiveface\data\rmfd\AFDB_face_dataset\wangluodan\1_0_wangluodan_0010.jpg,False,True,False,both,0.3807585835456848,wangluodan
fusion_avg,Mark_Hurlbert,C:\Users\tahak\ogproject\adaptiveface\data\lfw\Mark_Hurlbert\Mark_Hurlbert_0003.jpg,False,False,False,both,0.12787899374961853,chenkun
fusion_avg,songxiaobo,C:\Users\tahak\ogproject\adaptiveface\data\rmfd\AFDB_masked_face_dataset\songxiaobo\0_0_1.jpg,True,True,True,both,0.26784899830818176,liuxiang
fusion_avg,raowei,C:\Users\tahak\ogproject\adaptiveface\data\rmfd\AFDB_face_dataset\raowei\1_0_raowei_0010.jpg,False,True,False,both,0.46486935019493103,huangzitao
fusion_avg,hanqingzi,C:\Users\tahak\ogproject\adaptiveface\data\rmfd\AFDB_face_dataset\hanqingzi\1_0_hanqingzi_0133.jpg,False,True,False,both,0.3413359820842743,hanqingzi
fusion_avg,Billy_Sollie,C:\Users\tahak\ogproject\adaptiveface\data\lfw\Billy_Sollie\Billy_Sollie_0002.jpg,False,False,False,both,0.13756771385669708,tongliya
fusion_avg,huangxiaoming,C:\Users\tahak\ogproject\adaptiveface\data\rmfd\AFDB_face_dataset\huangxiaoming\1_0_huangxiaoming_0088.jpg,False,True,False,both,0.4509941041469574,huangxiaoming
fusion_avg,lianghanwen,C:\Users\tahak\ogproject\adaptiveface\data\rmfd\AFDB_face_dataset\lianghanwen\1_0_lianghanwen_0210.jpg,False,True,False,both,0.4428870975971222,lianghanwen
fusion_avg,Carlos_Moya,C:\Users\tahak\ogproject\adaptiveface\data\lfw\Carlos_Moya\Carlos_Moya_0013.jpg,False,False,False,both,0.10270102322101593,panyueming
fusion_avg,zhaoyazhi,C:\Users\tahak\ogproject\adaptiveface\data\rmfd\AFDB_masked_face_dataset\zhaoyazhi\1_1_6.jpg,True,True,True,both,0.16626951098442078,mali
fusion_avg,liyifeng,C:\Users\tahak\ogproject\adaptiveface\data\rmfd\AFDB_masked_face_dataset\liyifeng\0_0_13.jpg,True,True,True,both,0.28833287954330444,xiaozhan
fusion_avg,xiaozhan,C:\Users\tahak\ogproject\adaptiveface\data\rmfd\AFDB_face_dataset\xiaozhan\0_0_xiaozhan_0191.jpg,False,True,False,both,0.49581897258758545,xiaozhan
fusion_avg,Carlos_Moya,C:\Users\tahak\ogproject\adaptiveface\data\lfw\Carlos_Moya\Carlos_Moya_0001.jpg,False,False,False,both,0.10668586194515228,panyueming
fusion_avg,zhangyi,C:\Users\tahak\ogproject\adaptiveface\data\rmfd\AFDB_face_dataset\zhangyi\1_0_zhangyi_0256.jpg,False,True,False,both,0.45092880725860596,zhangyi
fusion_avg,zhangxinyu,C:\Users\tahak\ogproject\adaptiveface\data\rmfd\AFDB_masked_face_dataset\zhangxinyu\1_0_0.jpg,True,True,False,both,0.3061322271823883,lanyingying
fusion_avg,Keith_Bogans,C:\Users\tahak\ogproject\adaptiveface\data\lfw\Keith_Bogans\Keith_Bogans_0003.jpg,False,False,False,both,0.14879187941551208,fengjianyu
fusion_avg,xinzhilei,C:\Users\tahak\ogproject\adaptiveface\data\rmfd\AFDB_face_dataset\xinzhilei\1_0_xinzhilei_0068.jpg,False,True,False,both,0.38339781761169434,xinzhilei
fusion_avg,Nicanor_Duarte_Frutos,C:\Users\tahak\ogproject\adaptiveface\data\lfw\Nicanor_Duarte_Frutos\Nicanor_Duarte_Frutos_0004.jpg,False,False,False,both,0.16863928735256195,zhangguoli
fusion_avg,zhanghuiwen,C:\Users\tahak\ogproject\adaptiveface\data\rmfd\AFDB_masked_face_dataset\zhanghuiwen\0_0_2.jpg,True,True,True,both,0.3187297582626343,zhanghuiwen
fusion_avg,Claudia_Coslovich,C:\Users\tahak\ogproject\adaptiveface\data\lfw\Claudia_Coslovich\Claudia_Coslovich_0001.jpg,False,False,False,both,0.1468433141708374,zhangjingjing
fusion_avg,Intisar_Ajouri,C:\Users\tahak\ogproject\adaptiveface\data\lfw\Intisar_Ajouri\Intisar_Ajouri_0002.jpg,False,False,False,both,0.162602499127388,lidaimo
fusion_avg,Carlos_Moya,C:\Users\tahak\ogproject\adaptiveface\data\lfw\Carlos_Moya\Carlos_Moya_0016.jpg,False,False,False,both,0.09537637233734131,huangxuan
fusion_avg,wangxiaomin,C:\Users\tahak\ogproject\adaptiveface\data\rmfd\AFDB_face_dataset\wangxiaomin\0_0_wangxiaomin_0179.jpg,False,True,False,both,0.38066601753234863,wangxiaomin
fusion_avg,weidaxun,C:\Users\tahak\ogproject\adaptiveface\data\rmfd\AFDB_face_dataset\weidaxun\1_0_weidaxun_0097.jpg,False,True,False,both,0.3604155480861664,weidaxun
fusion_avg,tangwei,C:\Users\tahak\ogproject\adaptiveface\data\rmfd\AFDB_face_dataset\tangwei\1_0_tangwei_0239.jpg,False,True,False,both,0.5591078400611877,tangwei
fusion_avg,Thomas_Bjorn,C:\Users\tahak\ogproject\adaptiveface\data\lfw\Thomas_Bjorn\Thomas_Bjorn_0001.jpg,False,False,False,both,0.1120297759771347,jianghongbo
fusion_avg,Carlos_Moya,C:\Users\tahak\ogproject\adaptiveface\data\lfw\Carlos_Moya\Carlos_Moya_0007.jpg,False,False,False,both,0.11239638179540634,liuruilin
fusion_avg,zhouhuimin,C:\Users\tahak\ogproject\adaptiveface\data\rmfd\AFDB_masked_face_dataset\zhouhuimin\0_0_0.jpg,True,True,True,both,0.3352671265602112,zhouhuimin
fusion_avg,Russell_Crowe,C:\Users\tahak\ogproject\adaptiveface\data\lfw\Russell_Crowe\Russell_Crowe_0001.jpg,False,False,False,both,0.1893407702445984,zhangbo
fusion_avg,zhanghuiwen,C:\Users\tahak\ogproject\adaptiveface\data\rmfd\AFDB_face_dataset\zhanghuiwen\1_0_zhanghuiwen_0016.jpg,False,True,False,both,0.3833945393562317,zhanghuiwen
fusion_avg,dingding,C:\Users\tahak\ogproject\adaptiveface\data\rmfd\AFDB_masked_face_dataset\dingding\0_0_5.jpg,True,True,False,both,0.2593333125114441,wangyuan
fusion_avg,lianghanwen,C:\Users\tahak\ogproject\adaptiveface\data\rmfd\AFDB_masked_face_dataset\lianghanwen\0_0_0.jpg,True,True,True,both,0.21809014678001404,zhangxueyou
fusion_avg,caiyilin,C:\Users\tahak\ogproject\adaptiveface\data\rmfd\AFDB_face_dataset\caiyilin\1_0_caiyilin_0132.jpg,False,True,False,both,0.31095701456069946,tangwei
fusion_avg,Carlos_Moya,C:\Users\tahak\ogproject\adaptiveface\data\lfw\Carlos_Moya\Carlos_Moya_0019.jpg,False,False,False,both,0.11498676985502243,mowenwei
fusion_avg,tongkeke,C:\Users\tahak\ogproject\adaptiveface\data\rmfd\AFDB_face_dataset\tongkeke\1_0_tongkeke_0067.jpg,False,True,False,both,0.43373602628707886,tongkeke
fusion_avg,Pete_Rose,C:\Users\tahak\ogproject\adaptiveface\data\lfw\Pete_Rose\Pete_Rose_0002.jpg,False,False,False,both,0.13867364823818207,yinengjing
fusion_avg,zhouhuimin,C:\Users\tahak\ogproject\adaptiveface\data\rmfd\AFDB_face_dataset\zhouhuimin\1_0_zhouhuimin_0212.jpg,False,True,False,both,0.528650164604187,zhouhuimin
fusion_avg,wangou,C:\Users\tahak\ogproject\adaptiveface\data\rmfd\AFDB_masked_face_dataset\wangou\0_0_0.jpg,True,True,True,both,0.2698848247528076,lanyingying
fusion_avg,Carlos_Moya,C:\Users\tahak\ogproject\adaptiveface\data\lfw\Carlos_Moya\Carlos_Moya_0009.jpg,False,False,False,both,0.10928817093372345,mowenwei
fusion_avg,Tim_Conway,C:\Users\tahak\ogproject\adaptiveface\data\lfw\Tim_Conway\Tim_Conway_0001.jpg,False,False,False,both,0.12857180833816528,wangkai
fusion_avg,Martha_Lucia_Ramirez,C:\Users\tahak\ogproject\adaptiveface\data\lfw\Martha_Lucia_Ramirez\Martha_Lucia_Ramirez_0003.jpg,False,False,False,both,0.17841759324073792,yuyi
fusion_avg,Nicanor_Duarte_Frutos,C:\Users\tahak\ogproject\adaptiveface\data\lfw\Nicanor_Duarte_Frutos\Nicanor_Duarte_Frutos_0009.jpg,False,False,False,both,0.14412540197372437,xiaozhan
fusion_avg,Nicolas_Kiefer,C:\Users\tahak\ogproject\adaptiveface\data\lfw\Nicolas_Kiefer\Nicolas_Kiefer_0001.jpg,False,False,False,both,0.13991016149520874,zhourunfa
fusion_avg,qinjunjie,C:\Users\tahak\ogproject\adaptiveface\data\rmfd\AFDB_face_dataset\qinjunjie\1_0_qinjunjie_0079.jpg,False,True,False,both,0.2899184226989746,qinjunjie
fusion_avg,guofucheng,C:\Users\tahak\ogproject\adaptiveface\data\rmfd\AFDB_masked_face_dataset\guofucheng\0_0_7.jpg,True,True,True,both,0.29333117604255676,guofucheng
fusion_avg,Bilal_Erdogan,C:\Users\tahak\ogproject\adaptiveface\data\lfw\Bilal_Erdogan\Bilal_Erdogan_0001.jpg,False,False,False,both,0.11118002235889435,liusongren
fusion_avg,Robert_Wagner,C:\Users\tahak\ogproject\adaptiveface\data\lfw\Robert_Wagner\Robert_Wagner_0001.jpg,False,False,False,both,0.13379596173763275,huge
fusion_avg,xinzhilei,C:\Users\tahak\ogproject\adaptiveface\data\rmfd\AFDB_masked_face_dataset\xinzhilei\0_0_0.jpg,True,True,True,both,0.20536422729492188,wangxiaomin
fusion_avg,huozun,C:\Users\tahak\ogproject\adaptiveface\data\rmfd\AFDB_masked_face_dataset\huozun\0_0_4.jpg,True,True,True,both,0.33267492055892944,huozun
fusion_avg,qiuze,C:\Users\tahak\ogproject\adaptiveface\data\rmfd\AFDB_masked_face_dataset\qiuze\0_0_2.jpg,True,True,True,both,0.37114205956459045,qiuze
fusion_avg,gulinazha,C:\Users\tahak\ogproject\adaptiveface\data\rmfd\AFDB_face_dataset\gulinazha\1_0_gulinazha_0027.jpg,False,True,False,both,0.3653104603290558,gulinazha
fusion_avg,jiangjinfu,C:\Users\tahak\ogproject\adaptiveface\data\rmfd\AFDB_face_dataset\jiangjinfu\1_0_jiangjinfu_0043.jpg,False,True,False,both,0.5254430770874023,jiangjinfu
fusion_avg,chenfarong,C:\Users\tahak\ogproject\adaptiveface\data\rmfd\AFDB_masked_face_dataset\chenfarong\0_0_0.jpg,True,True,True,both,0.3194987177848816,yangzi
fusion_avg,yeyiqian,C:\Users\tahak\ogproject\adaptiveface\data\rmfd\AFDB_face_dataset\yeyiqian\1_0_yeyiqian_0040.jpg,False,True,False,both,0.33793044090270996,mali
fusion_avg,caiyilin,C:\Users\tahak\ogproject\adaptiveface\data\rmfd\AFDB_face_dataset\caiyilin\1_0_caiyilin_0047.jpg,False,True,False,both,0.528128445148468,caiyilin
fusion_avg,Eliane_Karp,C:\Users\tahak\ogproject\adaptiveface\data\lfw\Eliane_Karp\Eliane_Karp_0004.jpg,False,False,False,both,0.148393914103508,hujing
fusion_avg,yanni,C:\Users\tahak\ogproject\adaptiveface\data\rmfd\AFDB_face_dataset\yanni\1_0_yanni_0106.jpg,False,True,False,both,0.5110774040222168,yanni
fusion_avg,luozhixiang,C:\Users\tahak\ogproject\adaptiveface\data\rmfd\AFDB_face_dataset\luozhixiang\1_0_luozhixiang_0057.jpg,False,True,False,both,0.3518359363079071,zhangdanfeng
fusion_avg,liyapeng,C:\Users\tahak\ogproject\adaptiveface\data\rmfd\AFDB_masked_face_dataset\liyapeng\0_0_0.jpg,True,True,True,both,0.33242276310920715,liyapeng
fusion_avg,liuyifei,C:\Users\tahak\ogproject\adaptiveface\data\rmfd\AFDB_face_dataset\liuyifei\1_0_liuyifei_0098.jpg,False,True,False,both,0.23850233852863312,liuyifei
fusion_avg,gulinazha,C:\Users\tahak\ogproject\adaptiveface\data\rmfd\AFDB_masked_face_dataset\gulinazha\0_0_18.jpg,True,True,True,both,0.3976600170135498,gulinazha
fusion_avg,Lawrence_MacAulay,C:\Users\tahak\ogproject\adaptiveface\data\lfw\Lawrence_MacAulay\Lawrence_MacAulay_0002.jpg,False,False,False,both,0.16572178900241852,huangzhongkun
fusion_avg,Bernard_Landry,C:\Users\tahak\ogproject\adaptiveface\data\lfw\Bernard_Landry\Bernard_Landry_0002.jpg,False,False,False,both,0.15168197453022003,qiuze
fusion_avg,wulei,C:\Users\tahak\ogproject\adaptiveface\data\rmfd\AFDB_masked_face_dataset\wulei\0_0_1.jpg,True,True,True,both,0.207852303981781,xuhao
fusion_avg,guojingfei,C:\Users\tahak\ogproject\adaptiveface\data\rmfd\AFDB_face_dataset\guojingfei\1_0_guojingfei_0126.jpg,False,True,False,both,0.42086517810821533,guojingfei
fusion_avg,xuezhiqian,C:\Users\tahak\ogproject\adaptiveface\data\rmfd\AFDB_masked_face_dataset\xuezhiqian\1_0_14.jpg,True,True,True,both,0.1894128918647766,wangzuxian
fusion_avg,Michael_Phelps,C:\Users\tahak\ogproject\adaptiveface\data\lfw\Michael_Phelps\Michael_Phelps_0001.jpg,False,False,False,both,0.18084509670734406,mali
fusion_avg,Dino_Risi,C:\Users\tahak\ogproject\adaptiveface\data\lfw\Dino_Risi\Dino_Risi_0001.jpg,False,False,False,both,0.12375815212726593,yeyiqian
fusion_avg,huangxuan,C:\Users\tahak\ogproject\adaptiveface\data\rmfd\AFDB_masked_face_dataset\huangxuan\0_0_11.jpg,True,True,True,both,0.20481769740581512,huangxuan
fusion_avg,zhangtianai,C:\Users\tahak\ogproject\adaptiveface\data\rmfd\AFDB_face_dataset\zhangtianai\1_0_zhangtianai_0017.jpg,False,True,False,both,0.5343849658966064,zhangtianai
fusion_avg,liyapeng,C:\Users\tahak\ogproject\adaptiveface\data\rmfd\AFDB_face_dataset\liyapeng\1_0_liyapeng_0074.jpg,False,True,False,both,0.3997589945793152,liyapeng
fusion_avg,linyuan,C:\Users\tahak\ogproject\adaptiveface\data\rmfd\AFDB_masked_face_dataset\linyuan\0_0_0.jpg,True,True,True,both,0.25803089141845703,linyuan
fusion_avg,xuezhiqian,C:\Users\tahak\ogproject\adaptiveface\data\rmfd\AFDB_face_dataset\xuezhiqian\0_0_xuezhiqian_0039.jpg,False,True,False,both,0.2587797939777374,yumenglong
fusion_avg,wangxiaomin,C:\Users\tahak\ogproject\adaptiveface\data\rmfd\AFDB_face_dataset\wangxiaomin\1_0_wangxiaomin_0135.jpg,False,True,False,both,0.4224100112915039,wangxiaomin
fusion_avg,Ann_Landers,C:\Users\tahak\ogproject\adaptiveface\data\lfw\Ann_Landers\Ann_Landers_0001.jpg,False,False,False,both,0.15375928580760956,yuyi
fusion_avg,panyueming,C:\Users\tahak\ogproject\adaptiveface\data\rmfd\AFDB_face_dataset\panyueming\1_0_panyueming_0051.jpg,False,True,False,both,0.5117818117141724,panyueming
fusion_avg,fanwei,C:\Users\tahak\ogproject\adaptiveface\data\rmfd\AFDB_face_dataset\fanwei\1_0_fanwei_0036.jpg,False,True,False,both,0.412798136472702,fanwei
fusion_avg,shuqi,C:\Users\tahak\ogproject\adaptiveface\data\rmfd\AFDB_face_dataset\shuqi\1_0_shuqi_0004.jpg,False,True,False,both,0.32899555563926697,mowenwei
fusion_avg,dazhangwei,C:\Users\tahak\ogproject\adaptiveface\data\rmfd\AFDB_face_dataset\dazhangwei\1_0_dazhangwei_0019.jpg,False,True,False,both,0.31408804655075073,zhengyecheng
fusion_avg,masu,C:\Users\tahak\ogproject\adaptiveface\data\rmfd\AFDB_masked_face_dataset\masu\0_0_19.jpg,True,True,True,both,0.2508324086666107,lanyingying
fusion_avg,pengjing,C:\Users\tahak\ogproject\adaptiveface\data\rmfd\AFDB_face_dataset\pengjing\1_0_pengjing_0017.jpg,False,True,False,both,0.3787320852279663,tongliya
fusion_avg,jiangyiyi,C:\Users\tahak\ogproject\adaptiveface\data\rmfd\AFDB_face_dataset\jiangyiyi\1_0_jiangyiyi_0202.jpg,False,True,False,both,0.44370561838150024,jiangyiyi
fusion_avg,xuxidi,C:\Users\tahak\ogproject\adaptiveface\data\rmfd\AFDB_face_dataset\xuxidi\1_0_xuxidi_0002.jpg,False,True,False,both,0.48520028591156006,xuxidi
fusion_avg,Darryl_McDaniels,C:\Users\tahak\ogproject\adaptiveface\data\lfw\Darryl_McDaniels\Darryl_McDaniels_0001.jpg,False,False,False,both,0.11672601103782654,jianailiang
fusion_avg,hejiong,C:\Users\tahak\ogproject\adaptiveface\data\rmfd\AFDB_face_dataset\hejiong\0_0_hejiong_0165.jpg,False,True,False,both,0.3978171944618225,hejiong
fusion_avg,xuhaiqiao,C:\Users\tahak\ogproject\adaptiveface\data\rmfd\AFDB_face_dataset\xuhaiqiao\1_0_xuhaiqiao_0058.jpg,False,True,False,both,0.28473585844039917,zhangbinbin
fusion_avg,xiongnaijin,C:\Users\tahak\ogproject\adaptiveface\data\rmfd\AFDB_masked_face_dataset\xiongnaijin\1_1_2.jpg,True,True,True,both,0.2693825364112854,zhaoliying
fusion_avg,Zoran_Djindjic,C:\Users\tahak\ogproject\adaptiveface\data\lfw\Zoran_Djindjic\Zoran_Djindjic_0003.jpg,False,False,False,both,0.09950796514749527,hujing
fusion_avg,Mel_Gibson,C:\Users\tahak\ogproject\adaptiveface\data\lfw\Mel_Gibson\Mel_Gibson_0001.jpg,False,False,False,both,0.10080952197313309,zhourunfa
fusion_avg,lixiang,C:\Users\tahak\ogproject\adaptiveface\data\rmfd\AFDB_face_dataset\lixiang\1_0_lixiang_0118.jpg,False,True,False,both,0.605844259262085,lixiang
fusion_avg,zhanghanyun,C:\Users\tahak\ogproject\adaptiveface\data\rmfd\AFDB_masked_face_dataset\zhanghanyun\0_0_6.jpg,True,True,True,both,0.346039354801178,zhanghanyun
fusion_avg,jianghongbo,C:\Users\tahak\ogproject\adaptiveface\data\rmfd\AFDB_masked_face_dataset\jianghongbo\0_0_1.jpg,True,True,True,both,0.33724072575569153,jianghongbo
fusion_avg,songxiaobo,C:\Users\tahak\ogproject\adaptiveface\data\rmfd\AFDB_masked_face_dataset\songxiaobo\0_0_0.jpg,True,True,True,both,0.28849589824676514,liyifeng
fusion_avg,Michael_Phelps,C:\Users\tahak\ogproject\adaptiveface\data\lfw\Michael_Phelps\Michael_Phelps_0004.jpg,False,False,False,both,0.14849133789539337,zhaoliying
fusion_avg,yeyiqian,C:\Users\tahak\ogproject\adaptiveface\data\rmfd\AFDB_masked_face_dataset\yeyiqian\0_0_20.jpg,True,True,True,both,0.34057435393333435,yeyiqian
fusion_avg,wangyuan,C:\Users\tahak\ogproject\adaptiveface\data\rmfd\AFDB_face_dataset\wangyuan\1_0_wangyuan_0057.jpg,False,True,False,both,0.6611559987068176,wangyuan
fusion_avg,zhangxinyu,C:\Users\tahak\ogproject\adaptiveface\data\rmfd\AFDB_face_dataset\zhangxinyu\1_0_zhangxinyu_0002.jpg,False,True,False,both,0.4232175648212433,zhanghanyun
fusion_avg,wangzuxian,C:\Users\tahak\ogproject\adaptiveface\data\rmfd\AFDB_masked_face_dataset\wangzuxian\0_0_18.jpg,True,True,True,both,0.3585089147090912,zhangtianai
fusion_avg,zhangdanfeng,C:\Users\tahak\ogproject\adaptiveface\data\rmfd\AFDB_masked_face_dataset\zhangdanfeng\0_0_0.png,True,True,True,both,0.3543848991394043,zhangdanfeng
fusion_avg,wuzhenyu,C:\Users\tahak\ogproject\adaptiveface\data\rmfd\AFDB_face_dataset\wuzhenyu\1_0_wuzhenyu_0010.jpg,False,True,False,both,0.5155680179595947,wuzhenyu
fusion_avg,fanwei,C:\Users\tahak\ogproject\adaptiveface\data\rmfd\AFDB_masked_face_dataset\fanwei\0_0_1.png,True,True,True,both,0.2789766788482666,fanwei
fusion_avg,sunyizhou,C:\Users\tahak\ogproject\adaptiveface\data\rmfd\AFDB_face_dataset\sunyizhou\0_0_sunyizhou_0152.jpg,False,True,False,both,0.4632694721221924,sunyizhou
fusion_avg,lvyi,C:\Users\tahak\ogproject\adaptiveface\data\rmfd\AFDB_face_dataset\lvyi\1_0_lvyi_0012.jpg,False,True,False,both,0.2626548409461975,lvyi
fusion_avg,xiaozhan,C:\Users\tahak\ogproject\adaptiveface\data\rmfd\AFDB_masked_face_dataset\xiaozhan\0_0_5.jpg,True,True,True,both,0.3508402407169342,zhangbinbin
fusion_avg,guofucheng,C:\Users\tahak\ogproject\adaptiveface\data\rmfd\AFDB_face_dataset\guofucheng\0_0_guofucheng_0128.jpg,False,True,False,both,0.3091064989566803,guofucheng
fusion_avg,jianghongbo,C:\Users\tahak\ogproject\adaptiveface\data\rmfd\AFDB_face_dataset\jianghongbo\1_0_jianghongbo_0235.jpg,False,True,False,both,0.40864694118499756,jianghongbo
fusion_avg,wuzhenyu,C:\Users\tahak\ogproject\adaptiveface\data\rmfd\AFDB_masked_face_dataset\wuzhenyu\0_0_6.jpg,True,True,True,both,0.3459279537200928,wuzhenyu
fusion_avg,zhangtianai,C:\Users\tahak\ogproject\adaptiveface\data\rmfd\AFDB_masked_face_dataset\zhangtianai\0_0_1.jpg,True,True,True,both,0.2056567668914795,lvjiarong
fusion_avg,lvjiarong,C:\Users\tahak\ogproject\adaptiveface\data\rmfd\AFDB_masked_face_dataset\lvjiarong\0_0_0.jpg,True,True,True,both,0.31368109583854675,hujing
fusion_avg,huge,C:\Users\tahak\ogproject\adaptiveface\data\rmfd\AFDB_masked_face_dataset\huge\1_0_10.jpg,True,True,True,both,0.2652982473373413,zhanghuiwen
fusion_avg,zhangshaohan,C:\Users\tahak\ogproject\adaptiveface\data\rmfd\AFDB_face_dataset\zhangshaohan\1_0_zhangshaohan_0146.jpg,False,True,False,both,0.3828165829181671,zhangshaohan
fusion_avg,Carlos_Moya,C:\Users\tahak\ogproject\adaptiveface\data\lfw\Carlos_Moya\Carlos_Moya_0003.jpg,False,False,False,both,0.13647618889808655,zhanghuiwen
fusion_avg,xuhao,C:\Users\tahak\ogproject\adaptiveface\data\rmfd\AFDB_face_dataset\xuhao\1_0_xuhao_0191.jpg,False,True,False,both,0.5640724301338196,xuhao
fusion_avg,hejiong,C:\Users\tahak\ogproject\adaptiveface\data\rmfd\AFDB_face_dataset\hejiong\1_0_hejiong_0101.jpg,False,True,False,both,0.36720162630081177,hejiong
fusion_avg,zhangshaohan,C:\Users\tahak\ogproject\adaptiveface\data\rmfd\AFDB_masked_face_dataset\zhangshaohan\0_0_0.jpg,True,True,True,both,0.19734063744544983,fanwei
fusion_avg,caiyilin,C:\Users\tahak\ogproject\adaptiveface\data\rmfd\AFDB_masked_face_dataset\caiyilin\0_0_5.jpg,True,True,True,both,0.14547981321811676,lixirui
fusion_avg,Kifah_Ajouri,C:\Users\tahak\ogproject\adaptiveface\data\lfw\Kifah_Ajouri\Kifah_Ajouri_0002.jpg,False,False,False,both,0.1864171177148819,xuzheng
fusion_avg,huashao,C:\Users\tahak\ogproject\adaptiveface\data\rmfd\AFDB_face_dataset\huashao\0_0_huashao_0073.jpg,False,True,False,both,0.17754988372325897,zhangdanfeng
fusion_avg,zhangliangying,C:\Users\tahak\ogproject\adaptiveface\data\rmfd\AFDB_masked_face_dataset\zhangliangying\0_0_2.jpg,True,True,True,both,0.25357505679130554,zhangliangying
fusion_avg,wangyu,C:\Users\tahak\ogproject\adaptiveface\data\rmfd\AFDB_masked_face_dataset\wangyu\0_1_0.jpg,True,True,True,both,0.22517649829387665,zhangbinbin
fusion_avg,jianailiang,C:\Users\tahak\ogproject\adaptiveface\data\rmfd\AFDB_face_dataset\jianailiang\1_0_jianailiang_0167.jpg,False,True,False,both,0.4159761965274811,jianailiang
fusion_avg,zhangjingjing,C:\Users\tahak\ogproject\adaptiveface\data\rmfd\AFDB_masked_face_dataset\zhangjingjing\0_0_0.jpg,True,True,True,both,0.35380351543426514,liushishi
fusion_avg,wangqing,C:\Users\tahak\ogproject\adaptiveface\data\rmfd\AFDB_masked_face_dataset\wangqing\0_0_33.jpg,True,True,True,both,0.3399848937988281,xuhao
fusion_avg,Carlos_Moya,C:\Users\tahak\ogproject\adaptiveface\data\lfw\Carlos_Moya\Carlos_Moya_0010.jpg,False,False,False,both,0.10992199927568436,zhaoliying
fusion_avg,Charles_Richardson,C:\Users\tahak\ogproject\adaptiveface\data\lfw\Charles_Richardson\Charles_Richardson_0001.jpg,False,False,False,both,0.16203078627586365,yuyi
fusion_avg,yingcaier,C:\Users\tahak\ogproject\adaptiveface\data\rmfd\AFDB_face_dataset\yingcaier\1_0_yingcaier_0128.jpg,False,True,False,both,0.37239351868629456,zhouhuimin
fusion_avg,shaofeng,C:\Users\tahak\ogproject\adaptiveface\data\rmfd\AFDB_face_dataset\shaofeng\1_0_shaofeng_0057.jpg,False,True,False,both,0.6098385453224182,shaofeng
fusion_avg,dazhangwei,C:\Users\tahak\ogproject\adaptiveface\data\rmfd\AFDB_face_dataset\dazhangwei\1_0_dazhangwei_0079.jpg,False,True,False,both,0.34244054555892944,yanyikuan
fusion_avg,Ian_McKellen,C:\Users\tahak\ogproject\adaptiveface\data\lfw\Ian_McKellen\Ian_McKellen_0002.jpg,False,False,False,both,0.16679629683494568,hujing
fusion_avg,liuyifei,C:\Users\tahak\ogproject\adaptiveface\data\rmfd\AFDB_face_dataset\liuyifei\1_0_liuyifei_0137.jpg,False,True,False,both,0.5584095120429993,liuyifei
fusion_avg,linyichen,C:\Users\tahak\ogproject\adaptiveface\data\rmfd\AFDB_masked_face_dataset\linyichen\1_0_2.jpg,True,True,True,both,0.3054106533527374,jianghongbo
fusion_avg,zhouhuimin,C:\Users\tahak\ogproject\adaptiveface\data\rmfd\AFDB_face_dataset\zhouhuimin\1_0_zhouhuimin_0226.jpg,False,True,False,both,0.4281271696090698,zhouhuimin
fusion_avg,Bernard_Law,C:\Users\tahak\ogproject\adaptiveface\data\lfw\Bernard_Law\Bernard_Law_0003.jpg,False,False,False,both,0.10957776755094528,xieanqi
fusion_avg,shuqi,C:\Users\tahak\ogproject\adaptiveface\data\rmfd\AFDB_masked_face_dataset\shuqi\1_0_1.jpg,True,True,False,both,0.2958160638809204,zhouxun
fusion_avg,Mark_Hurlbert,C:\Users\tahak\ogproject\adaptiveface\data\lfw\Mark_Hurlbert\Mark_Hurlbert_0002.jpg,False,False,False,both,0.11956357955932617,chenkun
fusion_avg,liudehua,C:\Users\tahak\ogproject\adaptiveface\data\rmfd\AFDB_masked_face_dataset\liudehua\0_0_8.jpg,True,True,True,both,0.39074236154556274,liudehua
fusion_avg,wangyu,C:\Users\tahak\ogproject\adaptiveface\data\rmfd\AFDB_face_dataset\wangyu\1_0_wangyu_0210.jpg,False,True,False,both,0.40185990929603577,wangyu
fusion_avg,zhanghanyun,C:\Users\tahak\ogproject\adaptiveface\data\rmfd\AFDB_masked_face_dataset\zhanghanyun\0_0_11.jpg,True,True,True,both,0.32003161311149597,zhanghanyun
fusion_avg,liudehua,C:\Users\tahak\ogproject\adaptiveface\data\rmfd\AFDB_masked_face_dataset\liudehua\0_1_1.jpg,True,True,True,both,0.3581029176712036,liudehua
fusion_avg,wuzhenyu,C:\Users\tahak\ogproject\adaptiveface\data\rmfd\AFDB_masked_face_dataset\wuzhenyu\0_1_5.jpg,True,True,True,both,0.5454739332199097,wuzhenyu
fusion_avg,tanweiwei,C:\Users\tahak\ogproject\adaptiveface\data\rmfd\AFDB_face_dataset\tanweiwei\1_0_tanweiwei_0024.jpg,False,True,False,both,0.2330898940563202,songqian
fusion_avg,yanyikuan,C:\Users\tahak\ogproject\adaptiveface\data\rmfd\AFDB_masked_face_dataset\yanyikuan\0_0_3.jpg,True,True,True,both,0.2999284863471985,yanyikuan
fusion_avg,zhangxueying,C:\Users\tahak\ogproject\adaptiveface\data\rmfd\AFDB_face_dataset\zhangxueying\1_0_zhangxueying_0181.jpg,False,True,False,both,0.5043450593948364,zhangxueying
fusion_avg,xuzheng,C:\Users\tahak\ogproject\adaptiveface\data\rmfd\AFDB_face_dataset\xuzheng\1_0_xuzheng_0147.jpg,False,True,False,both,0.47776350378990173,xuzheng
fusion_avg,Michael_Phelps,C:\Users\tahak\ogproject\adaptiveface\data\lfw\Michael_Phelps\Michael_Phelps_0003.jpg,False,False,False,both,0.17936457693576813,huangrihua
fusion_avg,zhangbinbin,C:\Users\tahak\ogproject\adaptiveface\data\rmfd\AFDB_face_dataset\zhangbinbin\1_0_zhangbinbin_0194.jpg,False,True,False,both,0.5372876524925232,zhangbinbin
fusion_avg,hanqingzi,C:\Users\tahak\ogproject\adaptiveface\data\rmfd\AFDB_masked_face_dataset\hanqingzi\0_0_1.jpg,True,True,True,both,0.23788994550704956,zhaoliying
fusion_avg,zhouxun,C:\Users\tahak\ogproject\adaptiveface\data\rmfd\AFDB_face_dataset\zhouxun\0_0_zhouxun_0089.jpg,False,True,False,both,0.3962087035179138,zhouxun
fusion_avg,yanni,C:\Users\tahak\ogproject\adaptiveface\data\rmfd\AFDB_masked_face_dataset\yanni\0_0_17.jpg,True,True,True,both,0.1493874192237854,liushishi
fusion_avg,zhangxinyu,C:\Users\tahak\ogproject\adaptiveface\data\rmfd\AFDB_masked_face_dataset\zhangxinyu\1_0_21.jpg,True,True,False,both,0.29049116373062134,lanyingying
fusion_avg,masu,C:\Users\tahak\ogproject\adaptiveface\data\rmfd\AFDB_face_dataset\masu\1_0_masu_0145.jpg,False,True,False,both,0.42898672819137573,masu
fusion_avg,benxi,C:\Users\tahak\ogproject\adaptiveface\data\rmfd\AFDB_face_dataset\benxi\1_0_benxi_0100.jpg,False,True,False,both,0.2729867100715637,xieanqi
fusion_avg,pengjing,C:\Users\tahak\ogproject\adaptiveface\data\rmfd\AFDB_masked_face_dataset\pengjing\0_0_20.jpg,True,True,True,both,0.14951977133750916,guojingjing
fusion_avg,zhanghanyun,C:\Users\tahak\ogproject\adaptiveface\data\rmfd\AFDB_face_dataset\zhanghanyun\0_0_zhanghanyun_0149.jpg,False,True,False,both,0.4877628684043884,zhanghanyun
fusion_avg,tangwei,C:\Users\tahak\ogproject\adaptiveface\data\rmfd\AFDB_face_dataset\tangwei\1_0_tangwei_0004.jpg,False,True,False,both,0.3946552872657776,tangwei
fusion_avg,Keith_Bogans,C:\Users\tahak\ogproject\adaptiveface\data\lfw\Keith_Bogans\Keith_Bogans_0001.jpg,False,False,False,both,0.14125673472881317,huozun
fusion_avg,maqiguang,C:\Users\tahak\ogproject\adaptiveface\data\rmfd\AFDB_face_dataset\maqiguang\1_0_maqiguang_0003.jpg,False,True,False,both,0.40503236651420593,maqiguang
fusion_avg,guanxiaotong,C:\Users\tahak\ogproject\adaptiveface\data\rmfd\AFDB_face_dataset\guanxiaotong\1_0_guanxiaotong_0080.jpg,False,True,False,both,0.5522161722183228,guanxiaotong
fusion_avg,hujing,C:\Users\tahak\ogproject\adaptiveface\data\rmfd\AFDB_face_dataset\hujing\1_0_hujing_0176.jpg,False,True,False,both,0.34549981355667114,hujing
fusion_avg,Diego_Colorado,C:\Users\tahak\ogproject\adaptiveface\data\lfw\Diego_Colorado\Diego_Colorado_0001.jpg,False,False,False,both,0.159204363822937,chenxiang
fusion_avg,zhangbo,C:\Users\tahak\ogproject\adaptiveface\data\rmfd\AFDB_masked_face_dataset\zhangbo\0_0_0.jpg,True,True,True,both,0.36601293087005615,zhangbo
fusion_avg,linjing,C:\Users\tahak\ogproject\adaptiveface\data\rmfd\AFDB_face_dataset\linjing\1_0_linjing_0053.jpg,False,True,False,both,0.4997352957725525,linjing
fusion_avg,Yoon_Young-kwan,C:\Users\tahak\ogproject\adaptiveface\data\lfw\Yoon_Young-kwan\Yoon_Young-kwan_0001.jpg,False,False,False,both,0.19066503643989563,xietingfeng
fusion_avg,huxia,C:\Users\tahak\ogproject\adaptiveface\data\rmfd\AFDB_face_dataset\huxia\1_0_huxia_0078.jpg,False,True,False,both,0.251372754573822,pengjing
fusion_avg,luozhixiang,C:\Users\tahak\ogproject\adaptiveface\data\rmfd\AFDB_masked_face_dataset\luozhixiang\0_0_0.jpg,True,True,True,both,0.19538554549217224,matianyu
fusion_avg,yangzi,C:\Users\tahak\ogproject\adaptiveface\data\rmfd\AFDB_face_dataset\yangzi\0_0_yangzi_0076.jpg,False,True,False,both,0.4323151707649231,yangzi
fusion_avg,liyapeng,C:\Users\tahak\ogproject\adaptiveface\data\rmfd\AFDB_face_dataset\liyapeng\1_0_liyapeng_0138.jpg,False,True,False,both,0.3120090961456299,liyapeng
fusion_avg,yinengjing,C:\Users\tahak\ogproject\adaptiveface\data\rmfd\AFDB_face_dataset\yinengjing\1_0_yinengjing_0051.jpg,False,True,False,both,0.4456728994846344,yinengjing
fusion_avg,Michael_Chiklis,C:\Users\tahak\ogproject\adaptiveface\data\lfw\Michael_Chiklis\Michael_Chiklis_0001.jpg,False,False,False,both,0.13330812752246857,zhangguoli
fusion_avg,Omar_Vizquel,C:\Users\tahak\ogproject\adaptiveface\data\lfw\Omar_Vizquel\Omar_Vizquel_0001.jpg,False,False,False,both,0.10073121637105942,zhaoliying
fusion_avg,maoxiaotong,C:\Users\tahak\ogproject\adaptiveface\data\rmfd\AFDB_face_dataset\maoxiaotong\0_0_maoxiaotong_0122.jpg,False,True,False,both,0.31260910630226135,maoxiaotong
fusion_avg,huxia,C:\Users\tahak\ogproject\adaptiveface\data\rmfd\AFDB_masked_face_dataset\huxia\0_0_18.jpg,True,True,True,both,0.20964042842388153,pengjing
fusion_avg,zhanghuiwen,C:\Users\tahak\ogproject\adaptiveface\data\rmfd\AFDB_face_dataset\zhanghuiwen\1_0_zhanghuiwen_0035.jpg,False,True,False,both,0.6070220470428467,zhanghuiwen
fusion_avg,mowenwei,C:\Users\tahak\ogproject\adaptiveface\data\rmfd\AFDB_face_dataset\mowenwei\1_0_mowenwei_0016.jpg,False,True,False,both,0.38053521513938904,mowenwei
fusion_avg,jiangjinfu,C:\Users\tahak\ogproject\adaptiveface\data\rmfd\AFDB_masked_face_dataset\jiangjinfu\1_0_15.jpg,True,True,True,both,0.43307411670684814,jiangjinfu
fusion_avg,raowei,C:\Users\tahak\ogproject\adaptiveface\data\rmfd\AFDB_masked_face_dataset\raowei\0_0_3.jpg,True,True,False,both,0.2657666802406311,linyuan
fusion_avg,jianghongbo,C:\Users\tahak\ogproject\adaptiveface\data\rmfd\AFDB_face_dataset\jianghongbo\1_0_jianghongbo_0127.jpg,False,True,False,both,0.41087934374809265,jianghongbo
fusion_avg,guojingjing,C:\Users\tahak\ogproject\adaptiveface\data\rmfd\AFDB_masked_face_dataset\guojingjing\0_0_4.jpg,True,True,True,both,0.30638056993484497,liuxiang
fusion_avg,huangzhongkun,C:\Users\tahak\ogproject\adaptiveface\data\rmfd\AFDB_face_dataset\huangzhongkun\1_0_huangzhongkun_0117.jpg,False,True,False,both,0.5223560929298401,huangzhongkun
fusion_avg,zhangxueyou,C:\Users\tahak\ogproject\adaptiveface\data\rmfd\AFDB_masked_face_dataset\zhangxueyou\0_0_1.jpg,True,True,True,both,0.2591470777988434,chenxiang
fusion_avg,huangxuan,C:\Users\tahak\ogproject\adaptiveface\data\rmfd\AFDB_face_dataset\huangxuan\1_0_huangxuan_0020.jpg,False,True,False,both,0.4129297733306885,huangxuan
fusion_avg,handongjun,C:\Users\tahak\ogproject\adaptiveface\data\rmfd\AFDB_face_dataset\handongjun\1_0_handongjun_0209.jpg,False,True,False,both,0.28316813707351685,zhangxueyou
fusion_avg,xiena,C:\Users\tahak\ogproject\adaptiveface\data\rmfd\AFDB_face_dataset\xiena\1_0_xiena_0233.jpg,False,True,False,both,0.3262615203857422,xiongnaijin
fusion_avg,lvyi,C:\Users\tahak\ogproject\adaptiveface\data\rmfd\AFDB_masked_face_dataset\lvyi\0_0_0.png,True,True,True,both,0.23617643117904663,jianghongbo
fusion_avg,caizhuoyan,C:\Users\tahak\ogproject\adaptiveface\data\rmfd\AFDB_face_dataset\caizhuoyan\1_0_caizhuoyan_0053.jpg,False,True,False,both,0.422333300113678,caizhuoyan
fusion_avg,Sean_Patrick_Thomas,C:\Users\tahak\ogproject\adaptiveface\data\lfw\Sean_Patrick_Thomas\Sean_Patrick_Thomas_0001.jpg,False,False,False,both,0.16934770345687866,hejiong
fusion_avg,raowei,C:\Users\tahak\ogproject\adaptiveface\data\rmfd\AFDB_face_dataset\raowei\1_0_raowei_0019.jpg,False,True,False,both,0.2918093800544739,wulei
fusion_avg,jiangjinfu,C:\Users\tahak\ogproject\adaptiveface\data\rmfd\AFDB_face_dataset\jiangjinfu\1_0_jiangjinfu_0233.jpg,False,True,False,both,0.41949018836021423,jiangjinfu
fusion_avg,Michael_Chiklis,C:\Users\tahak\ogproject\adaptiveface\data\lfw\Michael_Chiklis\Michael_Chiklis_0003.jpg,False,False,False,both,0.12204664945602417,wangzuxian
fusion_avg,Carlos_Moya,C:\Users\tahak\ogproject\adaptiveface\data\lfw\Carlos_Moya\Carlos_Moya_0018.jpg,False,False,False,both,0.1329168677330017,linjing
fusion_avg,maqiguang,C:\Users\tahak\ogproject\adaptiveface\data\rmfd\AFDB_masked_face_dataset\maqiguang\0_0_0.jpg,True,True,True,both,0.2584323585033417,yinzheng
fusion_avg,zhanghuiwen,C:\Users\tahak\ogproject\adaptiveface\data\rmfd\AFDB_masked_face_dataset\zhanghuiwen\1_0_8.jpg,True,True,False,both,0.4435592293739319,zhanghuiwen
fusion_avg,gongbeibi,C:\Users\tahak\ogproject\adaptiveface\data\rmfd\AFDB_masked_face_dataset\gongbeibi\0_0_0.jpg,True,True,True,both,0.402296245098114,gongbeibi
fusion_avg,Terry_Lynn_Barton,C:\Users\tahak\ogproject\adaptiveface\data\lfw\Terry_Lynn_Barton\Terry_Lynn_Barton_0001.jpg,False,False,False,both,0.18989136815071106,zhangxueyou
fusion_avg,huangzitao,C:\Users\tahak\ogproject\adaptiveface\data\rmfd\AFDB_face_dataset\huangzitao\1_0_huangzitao_0117.jpg,False,True,False,both,0.4811580777168274,huangzitao
fusion_avg,yuyi,C:\Users\tahak\ogproject\adaptiveface\data\rmfd\AFDB_face_dataset\yuyi\1_0_yuyi_0040.jpg,False,True,False,both,0.6424996256828308,yuyi
fusion_avg,huojianhua,C:\Users\tahak\ogproject\adaptiveface\data\rmfd\AFDB_masked_face_dataset\huojianhua\0_1_26.jpg,True,True,True,both,0.39208120107650757,huojianhua
fusion_avg,xuhao,C:\Users\tahak\ogproject\adaptiveface\data\rmfd\AFDB_face_dataset\xuhao\1_0_xuhao_0135.jpg,False,True,False,both,0.44585153460502625,xuhao
fusion_avg,zhangbinbin,C:\Users\tahak\ogproject\adaptiveface\data\rmfd\AFDB_masked_face_dataset\zhangbinbin\0_0_0.jpg,True,True,True,both,0.3191804885864258,wulei
fusion_avg,huge,C:\Users\tahak\ogproject\adaptiveface\data\rmfd\AFDB_face_dataset\huge\1_0_huge_0004.jpg,False,True,False,both,0.5793350338935852,huge
fusion_avg,wangluodan,C:\Users\tahak\ogproject\adaptiveface\data\rmfd\AFDB_masked_face_dataset\wangluodan\0_0_14.jpg,True,True,True,both,0.20788750052452087,wangluodan
fusion_avg,mali,C:\Users\tahak\ogproject\adaptiveface\data\rmfd\AFDB_face_dataset\mali\1_0_mali_0011.jpg,False,True,False,both,0.3877362310886383,mali
fusion_avg,liudehua,C:\Users\tahak\ogproject\adaptiveface\data\rmfd\AFDB_face_dataset\liudehua\0_0_liudehua_0095.jpg,False,True,False,both,0.5516198873519897,liudehua
fusion_avg,duwenze,C:\Users\tahak\ogproject\adaptiveface\data\rmfd\AFDB_face_dataset\duwenze\1_0_duwenze_0004.jpg,False,True,False,both,0.5902974009513855,duwenze
fusion_avg,Kellie_Coffey,C:\Users\tahak\ogproject\adaptiveface\data\lfw\Kellie_Coffey\Kellie_Coffey_0001.jpg,False,False,False,both,0.18083521723747253,zhaoyihuan
fusion_avg,xiongnaijin,C:\Users\tahak\ogproject\adaptiveface\data\rmfd\AFDB_masked_face_dataset\xiongnaijin\0_0_2.jpg,True,True,True,both,0.3265754282474518,zhaoliying
fusion_avg,fengjianyu,C:\Users\tahak\ogproject\adaptiveface\data\rmfd\AFDB_masked_face_dataset\fengjianyu\0_0_1.jpg,True,True,True,both,0.3050183355808258,fengjianyu
fusion_avg,zhangdanfeng,C:\Users\tahak\ogproject\adaptiveface\data\rmfd\AFDB_face_dataset\zhangdanfeng\1_0_zhangdanfeng_0104.jpg,False,True,False,both,0.6143530607223511,zhangdanfeng
fusion_avg,xuhaiqiao,C:\Users\tahak\ogproject\adaptiveface\data\rmfd\AFDB_masked_face_dataset\xuhaiqiao\0_0_11.jpg,True,True,True,both,0.2098936140537262,caobingkun
fusion_avg,fanwei,C:\Users\tahak\ogproject\adaptiveface\data\rmfd\AFDB_masked_face_dataset\fanwei\0_0_0.png,True,True,True,both,0.3288465738296509,fanwei
fusion_avg,wangluodan,C:\Users\tahak\ogproject\adaptiveface\data\rmfd\AFDB_face_dataset\wangluodan\1_0_wangluodan_0014.jpg,False,True,False,both,0.3359893262386322,wangxiaomin
fusion_avg,Nicanor_Duarte_Frutos,C:\Users\tahak\ogproject\adaptiveface\data\lfw\Nicanor_Duarte_Frutos\Nicanor_Duarte_Frutos_0003.jpg,False,False,False,both,0.13282161951065063,wangluodan
fusion_avg,linjing,C:\Users\tahak\ogproject\adaptiveface\data\rmfd\AFDB_face_dataset\linjing\1_0_linjing_0106.jpg,False,True,False,both,0.32955026626586914,linjing
fusion_avg,duwenze,C:\Users\tahak\ogproject\adaptiveface\data\rmfd\AFDB_face_dataset\duwenze\1_0_duwenze_0071.jpg,False,True,False,both,0.47732365131378174,duwenze
fusion_avg,xietingfeng,C:\Users\tahak\ogproject\adaptiveface\data\rmfd\AFDB_face_dataset\xietingfeng\1_0_xietingfeng_0191.jpg,False,True,False,both,0.41004276275634766,xietingfeng
fusion_avg,Carlos_Lordkipanitse,C:\Users\tahak\ogproject\adaptiveface\data\lfw\Carlos_Lordkipanitse\Carlos_Lordkipanitse_0001.jpg,False,False,False,both,0.10916847735643387,huojianhua
fusion_avg,Duncan_Fletcher,C:\Users\tahak\ogproject\adaptiveface\data\lfw\Duncan_Fletcher\Duncan_Fletcher_0001.jpg,False,False,False,both,0.12158744782209396,weidaxun
fusion_avg,handongjun,C:\Users\tahak\ogproject\adaptiveface\data\rmfd\AFDB_masked_face_dataset\handongjun\0_0_1.png,True,True,True,both,0.2099165916442871,yanyikuan
fusion_avg,benxi,C:\Users\tahak\ogproject\adaptiveface\data\rmfd\AFDB_face_dataset\benxi\1_0_benxi_0042.jpg,False,True,False,both,0.28978267312049866,zhangshaohan
fusion_avg,qinjunjie,C:\Users\tahak\ogproject\adaptiveface\data\rmfd\AFDB_masked_face_dataset\qinjunjie\0_0_5.jpg,True,True,True,both,0.2343309223651886,lanyingying
fusion_avg,zhangjingjing,C:\Users\tahak\ogproject\adaptiveface\data\rmfd\AFDB_face_dataset\zhangjingjing\1_0_zhangjingjing_0006.jpg,False,True,False,both,0.2827399969100952,mowenwei
fusion_avg,xieanqi,C:\Users\tahak\ogproject\adaptiveface\data\rmfd\AFDB_face_dataset\xieanqi\1_0_xieanqi_0059.jpg,False,True,False,both,0.39278486371040344,xieanqi
fusion_avg,liuyifei,C:\Users\tahak\ogproject\adaptiveface\data\rmfd\AFDB_masked_face_dataset\liuyifei\1_0_1.jpg,True,True,True,both,0.29761049151420593,xuhao
fusion_avg,huangxuan,C:\Users\tahak\ogproject\adaptiveface\data\rmfd\AFDB_face_dataset\huangxuan\1_0_huangxuan_0013.jpg,False,True,False,both,0.39353394508361816,huangxuan
fusion_avg,yumenglong,C:\Users\tahak\ogproject\adaptiveface\data\rmfd\AFDB_masked_face_dataset\yumenglong\0_0_2.jpg,True,True,True,both,0.25536733865737915,yumenglong
fusion_avg,Mark_Broxmeyer,C:\Users\tahak\ogproject\adaptiveface\data\lfw\Mark_Broxmeyer\Mark_Broxmeyer_0001.jpg,False,False,False,both,0.20281819999217987,wuzhenyu
fusion_avg,ruanjingtian,C:\Users\tahak\ogproject\adaptiveface\data\rmfd\AFDB_face_dataset\ruanjingtian\1_0_ruanjingtian_0125.jpg,False,True,False,both,0.5035095810890198,ruanjingtian
fusion_avg,gutianle,C:\Users\tahak\ogproject\adaptiveface\data\rmfd\AFDB_face_dataset\gutianle\1_0_gutianle_0053.jpg,False,True,False,both,0.5478403568267822,gutianle
fusion_avg,Bernard_Landry,C:\Users\tahak\ogproject\adaptiveface\data\lfw\Bernard_Landry\Bernard_Landry_0001.jpg,False,False,False,both,0.14722459018230438,qiuze
fusion_avg,chenyi,C:\Users\tahak\ogproject\adaptiveface\data\rmfd\AFDB_face_dataset\chenyi\1_0_chenyi_0050.jpg,False,True,False,both,0.4221530258655548,chenyi
fusion_avg,zhangzifeng,C:\Users\tahak\ogproject\adaptiveface\data\rmfd\AFDB_face_dataset\zhangzifeng\1_0_zhangzifeng_0074.jpg,False,True,False,both,0.30859890580177307,zhuowenxuan
fusion_avg,Carlos_Moya,C:\Users\tahak\ogproject\adaptiveface\data\lfw\Carlos_Moya\Carlos_Moya_0014.jpg,False,False,False,both,0.10631395876407623,lianghanwen
fusion_avg,xiena,C:\Users\tahak\ogproject\adaptiveface\data\rmfd\AFDB_masked_face_dataset\xiena\1_1_1.jpg,True,True,False,both,0.22931329905986786,xiongnaijin
fusion_avg,xiaozhan,C:\Users\tahak\ogproject\adaptiveface\data\rmfd\AFDB_face_dataset\xiaozhan\1_0_xiaozhan_0156.jpg,False,True,False,both,0.5093783736228943,xiaozhan
fusion_avg,hejiong,C:\Users\tahak\ogproject\adaptiveface\data\rmfd\AFDB_masked_face_dataset\hejiong\0_0_1.jpg,True,True,False,both,0.15920789539813995,masichun
fusion_avg,matianyu,C:\Users\tahak\ogproject\adaptiveface\data\rmfd\AFDB_face_dataset\matianyu\1_0_matianyu_0153.jpg,False,True,False,both,0.4089524745941162,matianyu
fusion_avg,zhangbo,C:\Users\tahak\ogproject\adaptiveface\data\rmfd\AFDB_face_dataset\zhangbo\1_0_zhangbo_0195.jpg,False,True,False,both,0.3608059585094452,zhangbo
fusion_avg,Shania_Twain,C:\Users\tahak\ogproject\adaptiveface\data\lfw\Shania_Twain\Shania_Twain_0001.jpg,False,False,False,both,0.15855589509010315,zhanghuiwen
fusion_avg,xietingfeng,C:\Users\tahak\ogproject\adaptiveface\data\rmfd\AFDB_face_dataset\xietingfeng\1_0_xietingfeng_0155.jpg,False,True,False,both,0.7006311416625977,xietingfeng
fusion_avg,songqian,C:\Users\tahak\ogproject\adaptiveface\data\rmfd\AFDB_face_dataset\songqian\1_0_songqian_0200.jpg,False,True,False,both,0.25398945808410645,xiongdailin
fusion_avg,jiangkaitong,C:\Users\tahak\ogproject\adaptiveface\data\rmfd\AFDB_face_dataset\jiangkaitong\1_0_jiangkaitong_0082.jpg,False,True,False,both,0.3294464945793152,jiangkaitong
fusion_avg,Nicanor_Duarte_Frutos,C:\Users\tahak\ogproject\adaptiveface\data\lfw\Nicanor_Duarte_Frutos\Nicanor_Duarte_Frutos_0006.jpg,False,False,False,both,0.1287788599729538,liuruilin
fusion_avg,huangbo,C:\Users\tahak\ogproject\adaptiveface\data\rmfd\AFDB_face_dataset\huangbo\1_0_huangbo_0110.jpg,False,True,False,both,0.4183011054992676,huangbo
fusion_avg,huangrihua,C:\Users\tahak\ogproject\adaptiveface\data\rmfd\AFDB_masked_face_dataset\huangrihua\0_0_5.jpg,True,True,True,both,0.20953354239463806,huangbo
fusion_avg,shenmengchen,C:\Users\tahak\ogproject\adaptiveface\data\rmfd\AFDB_face_dataset\shenmengchen\1_0_shenmengchen_0108.jpg,False,True,False,both,0.5617846250534058,shenmengchen
fusion_avg,songxiaobo,C:\Users\tahak\ogproject\adaptiveface\data\rmfd\AFDB_face_dataset\songxiaobo\1_0_songxiaobo_0198.jpg,False,True,False,both,0.2490144968032837,liuruilin
fusion_avg,xiena,C:\Users\tahak\ogproject\adaptiveface\data\rmfd\AFDB_face_dataset\xiena\1_0_xiena_0017.jpg,False,True,False,both,0.3708467483520508,zhanghanyun
fusion_avg,tongkeke,C:\Users\tahak\ogproject\adaptiveface\data\rmfd\AFDB_face_dataset\tongkeke\0_0_tongkeke_0188.jpg,False,True,False,both,0.3894748389720917,tongkeke
fusion_avg,Nicanor_Duarte_Frutos,C:\Users\tahak\ogproject\adaptiveface\data\lfw\Nicanor_Duarte_Frutos\Nicanor_Duarte_Frutos_0005.jpg,False,False,False,both,0.13975466787815094,lixirui
fusion_avg,Mark_Hurlbert,C:\Users\tahak\ogproject\adaptiveface\data\lfw\Mark_Hurlbert\Mark_Hurlbert_0004.jpg,False,False,False,both,0.16373856365680695,zhourunfa
fusion_avg,Virgina_Ruano_Pascal,C:\Users\tahak\ogproject\adaptiveface\data\lfw\Virgina_Ruano_Pascal\Virgina_Ruano_Pascal_0001.jpg,False,False,False,both,0.16797304153442383,caizhuoyan
fusion_avg,gulinazha,C:\Users\tahak\ogproject\adaptiveface\data\rmfd\AFDB_masked_face_dataset\gulinazha\0_0_1.jpg,True,True,True,both,0.2903897166252136,gulinazha
fusion_avg,xuhaiqiao,C:\Users\tahak\ogproject\adaptiveface\data\rmfd\AFDB_face_dataset\xuhaiqiao\1_0_xuhaiqiao_0103.jpg,False,True,False,both,0.2812493145465851,qiuze
fusion_avg,Michael_Phelps,C:\Users\tahak\ogproject\adaptiveface\data\lfw\Michael_Phelps\Michael_Phelps_0005.jpg,False,False,False,both,0.16151557862758636,lufangsheng
fusion_avg,licaihua,C:\Users\tahak\ogproject\adaptiveface\data\rmfd\AFDB_face_dataset\licaihua\1_0_licaihua_0188.jpg,False,True,False,both,0.4227291941642761,licaihua
fusion_avg,masichun,C:\Users\tahak\ogproject\adaptiveface\data\rmfd\AFDB_face_dataset\masichun\1_0_masichun_0135.jpg,False,True,False,both,0.2739540636539459,hanqingzi
fusion_avg,xieanqi,C:\Users\tahak\ogproject\adaptiveface\data\rmfd\AFDB_masked_face_dataset\xieanqi\0_0_2.jpg,True,True,True,both,0.24077613651752472,shenmengchen
fusion_avg,Pete_Rose,C:\Users\tahak\ogproject\adaptiveface\data\lfw\Pete_Rose\Pete_Rose_0001.jpg,False,False,False,both,0.1351163536310196,linjing
fusion_avg,gutianle,C:\Users\tahak\ogproject\adaptiveface\data\rmfd\AFDB_masked_face_dataset\gutianle\0_0_17.jpg,True,True,False,both,0.35335829854011536,gutianle
fusion_avg,zhangliangying,C:\Users\tahak\ogproject\adaptiveface\data\rmfd\AFDB_face_dataset\zhangliangying\1_0_zhangliangying_0140.jpg,False,True,False,both,0.36078527569770813,zhuowenxuan
fusion_avg,yinengjing,C:\Users\tahak\ogproject\adaptiveface\data\rmfd\AFDB_face_dataset\yinengjing\1_0_yinengjing_0099.jpg,False,True,False,both,0.40760308504104614,yinengjing
fusion_avg,lanyingying,C:\Users\tahak\ogproject\adaptiveface\data\rmfd\AFDB_face_dataset\lanyingying\0_0_lanyingying_0156.jpg,False,True,False,both,0.3318530321121216,caiyilin
fusion_avg,liuruilin,C:\Users\tahak\ogproject\adaptiveface\data\rmfd\AFDB_masked_face_dataset\liuruilin\0_0_4.jpg,True,True,True,both,0.2677972912788391,jiangkaitong
fusion_avg,zhangbo,C:\Users\tahak\ogproject\adaptiveface\data\rmfd\AFDB_masked_face_dataset\zhangbo\0_0_1.jpg,True,True,True,both,0.2790141701698303,xiaozhan
fusion_avg,zhangluyi,C:\Users\tahak\ogproject\adaptiveface\data\rmfd\AFDB_masked_face_dataset\zhangluyi\0_0_3.png,True,True,True,both,0.5017386674880981,zhangluyi
fusion_avg,mali,C:\Users\tahak\ogproject\adaptiveface\data\rmfd\AFDB_face_dataset\mali\1_0_mali_0040.jpg,False,True,False,both,0.4839971661567688,mali
fusion_avg,panyueming,C:\Users\tahak\ogproject\adaptiveface\data\rmfd\AFDB_masked_face_dataset\panyueming\0_0_25.jpg,True,True,False,both,0.2100873738527298,xuzheng
fusion_avg,Eliane_Karp,C:\Users\tahak\ogproject\adaptiveface\data\lfw\Eliane_Karp\Eliane_Karp_0003.jpg,False,False,False,both,0.14184755086898804,wulei
fusion_avg,liuxiang,C:\Users\tahak\ogproject\adaptiveface\data\rmfd\AFDB_masked_face_dataset\liuxiang\0_0_3.jpg,True,True,False,both,0.36157867312431335,liuxiang
fusion_avg,Stephen_Glassroth,C:\Users\tahak\ogproject\adaptiveface\data\lfw\Stephen_Glassroth\Stephen_Glassroth_0001.jpg,False,False,False,both,0.1453883945941925,tanweiwei
fusion_avg,xuxidi,C:\Users\tahak\ogproject\adaptiveface\data\rmfd\AFDB_masked_face_dataset\xuxidi\1_0_19.jpg,True,True,True,both,0.2605346441268921,chenfarong
fusion_avg,benxi,C:\Users\tahak\ogproject\adaptiveface\data\rmfd\AFDB_masked_face_dataset\benxi\0_0_27.jpg,True,True,True,both,0.3022845387458801,xieanqi
fusion_avg,zhourunfa,C:\Users\tahak\ogproject\adaptiveface\data\rmfd\AFDB_face_dataset\zhourunfa\1_0_zhourunfa_0098.jpg,False,True,False,both,0.4828251302242279,zhourunfa
fusion_avg,tangwei,C:\Users\tahak\ogproject\adaptiveface\data\rmfd\AFDB_masked_face_dataset\tangwei\0_0_11.jpg,True,True,True,both,0.20696739852428436,yangzi
fusion_avg,ruanjingtian,C:\Users\tahak\ogproject\adaptiveface\data\rmfd\AFDB_masked_face_dataset\ruanjingtian\0_0_0.jpg,True,True,True,both,0.4420279562473297,ruanjingtian
fusion_avg,huangxiaoming,C:\Users\tahak\ogproject\adaptiveface\data\rmfd\AFDB_masked_face_dataset\huangxiaoming\0_0_1.jpg,True,True,True,both,0.24121136963367462,huangxiaoming
fusion_avg,yangzi,C:\Users\tahak\ogproject\adaptiveface\data\rmfd\AFDB_masked_face_dataset\yangzi\0_0_23.jpg,True,True,True,both,0.30049294233322144,liushishi
fusion_avg,Sanjay_Chawla,C:\Users\tahak\ogproject\adaptiveface\data\lfw\Sanjay_Chawla\Sanjay_Chawla_0001.jpg,False,False,False,both,0.14606213569641113,zhangjingjing
fusion_avg,Intisar_Ajouri,C:\Users\tahak\ogproject\adaptiveface\data\lfw\Intisar_Ajouri\Intisar_Ajouri_0001.jpg,False,False,False,both,0.19076699018478394,hejiong
fusion_avg,chenjiaqi,C:\Users\tahak\ogproject\adaptiveface\data\rmfd\AFDB_face_dataset\chenjiaqi\0_0_chenjiaqi_0004.jpg,False,True,False,both,0.36507996916770935,chenjiaqi
fusion_avg,lufangsheng,C:\Users\tahak\ogproject\adaptiveface\data\rmfd\AFDB_face_dataset\lufangsheng\1_0_lufangsheng_0161.jpg,False,True,False,both,0.5021186470985413,lufangsheng
fusion_avg,Clint_Howard,C:\Users\tahak\ogproject\adaptiveface\data\lfw\Clint_Howard\Clint_Howard_0001.jpg,False,False,False,both,0.14144539833068848,jianghongbo
fusion_avg,shenmengchen,C:\Users\tahak\ogproject\adaptiveface\data\rmfd\AFDB_face_dataset\shenmengchen\1_0_shenmengchen_0082.jpg,False,True,False,both,0.3046019971370697,caizhuoyan
fusion_avg,Michael_Chiklis,C:\Users\tahak\ogproject\adaptiveface\data\lfw\Michael_Chiklis\Michael_Chiklis_0002.jpg,False,False,False,both,0.1282157301902771,maqiguang
fusion_avg,daipeini,C:\Users\tahak\ogproject\adaptiveface\data\rmfd\AFDB_face_dataset\daipeini\1_0_daipeini_0065.jpg,False,True,False,both,0.5527046918869019,daipeini
fusion_avg,caobingkun,C:\Users\tahak\ogproject\adaptiveface\data\rmfd\AFDB_masked_face_dataset\caobingkun\0_0_15.jpg,True,True,True,both,0.29440999031066895,caobingkun
fusion_avg,guojingfei,C:\Users\tahak\ogproject\adaptiveface\data\rmfd\AFDB_face_dataset\guojingfei\1_0_guojingfei_0087.jpg,False,True,False,both,0.4298418462276459,guojingfei
fusion_avg,wangkai,C:\Users\tahak\ogproject\adaptiveface\data\rmfd\AFDB_masked_face_dataset\wangkai\0_0_1.jpg,True,True,True,both,0.43952661752700806,wangkai
fusion_avg,yuyi,C:\Users\tahak\ogproject\adaptiveface\data\rmfd\AFDB_masked_face_dataset\yuyi\0_0_2.png,True,True,True,both,0.45936548709869385,yuyi
fusion_avg,zhangguoli,C:\Users\tahak\ogproject\adaptiveface\data\rmfd\AFDB_masked_face_dataset\zhangguoli\0_0_1.jpg,True,True,False,both,0.2792995274066925,lufangsheng
fusion_avg,zhangyi,C:\Users\tahak\ogproject\adaptiveface\data\rmfd\AFDB_face_dataset\zhangyi\1_0_zhangyi_0008.jpg,False,True,False,both,0.3712015151977539,zhangyi
fusion_avg,masichun,C:\Users\tahak\ogproject\adaptiveface\data\rmfd\AFDB_masked_face_dataset\masichun\0_0_2.png,True,True,True,both,0.3573828339576721,masichun
fusion_avg,James_Phelps,C:\Users\tahak\ogproject\adaptiveface\data\lfw\James_Phelps\James_Phelps_0001.jpg,False,False,False,both,0.1294843554496765,zhangluyi
fusion_avg,xudongdong,C:\Users\tahak\ogproject\adaptiveface\data\rmfd\AFDB_masked_face_dataset\xudongdong\0_0_1.jpg,True,True,False,both,0.21557694673538208,xudongdong
fusion_avg,liyifeng,C:\Users\tahak\ogproject\adaptiveface\data\rmfd\AFDB_face_dataset\liyifeng\1_0_liyifeng_0006.jpg,False,True,False,both,0.4891568124294281,liyifeng
fusion_avg,wangluodan,C:\Users\tahak\ogproject\adaptiveface\data\rmfd\AFDB_masked_face_dataset\wangluodan\0_0_2.jpg,True,True,True,both,0.2261168658733368,wangluodan
fusion_avg,Lane_Odom,C:\Users\tahak\ogproject\adaptiveface\data\lfw\Lane_Odom\Lane_Odom_0001.jpg,False,False,False,both,0.11726083606481552,maoxiaotong
fusion_avg,dazhangwei,C:\Users\tahak\ogproject\adaptiveface\data\rmfd\AFDB_masked_face_dataset\dazhangwei\1_0_21.jpg,True,True,True,both,0.24434497952461243,weidaxun
fusion_avg,songqian,C:\Users\tahak\ogproject\adaptiveface\data\rmfd\AFDB_face_dataset\songqian\1_0_songqian_0240.jpg,False,True,False,both,0.2348552942276001,songqian
fusion_avg,Tyra_Banks,C:\Users\tahak\ogproject\adaptiveface\data\lfw\Tyra_Banks\Tyra_Banks_0001.jpg,False,False,False,both,0.15601131319999695,xuzheng
fusion_avg,huozun,C:\Users\tahak\ogproject\adaptiveface\data\rmfd\AFDB_face_dataset\huozun\1_0_huozun_0205.jpg,False,True,False,both,0.4990045428276062,huozun
fusion_avg,masu,C:\Users\tahak\ogproject\adaptiveface\data\rmfd\AFDB_face_dataset\masu\1_0_masu_0152.jpg,False,True,False,both,0.32102376222610474,wangzuxian
fusion_avg,zhangxinyu,C:\Users\tahak\ogproject\adaptiveface\data\rmfd\AFDB_face_dataset\zhangxinyu\1_0_zhangxinyu_0102.jpg,False,True,False,both,0.3425506353378296,lanyingying
fusion_avg,Collis_Temple_III,C:\Users\tahak\ogproject\adaptiveface\data\lfw\Collis_Temple_III\Collis_Temple_III_0001.jpg,False,False,False,both,0.1029822826385498,gulinazha
fusion_avg,yangqianhua,C:\Users\tahak\ogproject\adaptiveface\data\rmfd\AFDB_face_dataset\yangqianhua\1_0_yangqianhua_0046.jpg,False,True,False,both,0.5120933651924133,yangqianhua
fusion_avg,liuye,C:\Users\tahak\ogproject\adaptiveface\data\rmfd\AFDB_face_dataset\liuye\1_0_liuye_0039.jpg,False,True,False,both,0.519814133644104,liuye
fusion_avg,David_Rivkin_Jr,C:\Users\tahak\ogproject\adaptiveface\data\lfw\David_Rivkin_Jr\David_Rivkin_Jr_0001.jpg,False,False,False,both,0.13818293809890747,yangzi
fusion_avg,wuzhenyu,C:\Users\tahak\ogproject\adaptiveface\data\rmfd\AFDB_face_dataset\wuzhenyu\0_0_wuzhenyu_0138.jpg,False,True,False,both,0.7208290100097656,wuzhenyu
fusion_avg,Mark_Hurlbert,C:\Users\tahak\ogproject\adaptiveface\data\lfw\Mark_Hurlbert\Mark_Hurlbert_0001.jpg,False,False,False,both,0.12058386206626892,chenkun
fusion_avg,yeyiqian,C:\Users\tahak\ogproject\adaptiveface\data\rmfd\AFDB_face_dataset\yeyiqian\0_0_yeyiqian_0155.jpg,False,True,False,both,0.4400002062320709,yeyiqian
fusion_avg,huozun,C:\Users\tahak\ogproject\adaptiveface\data\rmfd\AFDB_face_dataset\huozun\1_0_huozun_0172.jpg,False,True,False,both,0.41227054595947266,huozun
fusion_avg,Bernard_Law,C:\Users\tahak\ogproject\adaptiveface\data\lfw\Bernard_Law\Bernard_Law_0002.jpg,False,False,False,both,0.08678833395242691,chenyi
fusion_avg,Martha_Lucia_Ramirez,C:\Users\tahak\ogproject\adaptiveface\data\lfw\Martha_Lucia_Ramirez\Martha_Lucia_Ramirez_0004.jpg,False,False,False,both,0.14432068169116974,caiyilin
fusion_avg,zhourunfa,C:\Users\tahak\ogproject\adaptiveface\data\rmfd\AFDB_face_dataset\zhourunfa\0_0_zhourunfa_0148.jpg,False,True,False,both,0.4747554361820221,zhourunfa
fusion_avg,yanyikuan,C:\Users\tahak\ogproject\adaptiveface\data\rmfd\AFDB_face_dataset\yanyikuan\1_0_yanyikuan_0142.jpg,False,True,False,both,0.3328036665916443,yanyikuan
fusion_avg,gongbeibi,C:\Users\tahak\ogproject\adaptiveface\data\rmfd\AFDB_face_dataset\gongbeibi\1_0_gongbeibi_0179.jpg,False,True,False,both,0.4742763638496399,gongbeibi
fusion_avg,zhuowenxuan,C:\Users\tahak\ogproject\adaptiveface\data\rmfd\AFDB_face_dataset\zhuowenxuan\1_0_zhuowenxuan_0053.jpg,False,True,False,both,0.563256025314331,zhuowenxuan
fusion_avg,xuezhiqian,C:\Users\tahak\ogproject\adaptiveface\data\rmfd\AFDB_masked_face_dataset\xuezhiqian\0_0_2.jpg,True,True,True,both,0.2300020158290863,fengjianyu
fusion_avg,Eliane_Karp,C:\Users\tahak\ogproject\adaptiveface\data\lfw\Eliane_Karp\Eliane_Karp_0002.jpg,False,False,False,both,0.12095541507005692,mali
fusion_avg,mowenwei,C:\Users\tahak\ogproject\adaptiveface\data\rmfd\AFDB_masked_face_dataset\mowenwei\0_0_7.jpg,True,True,True,both,0.2498236894607544,mowenwei
fusion_avg,caiguoqing,C:\Users\tahak\ogproject\adaptiveface\data\rmfd\AFDB_face_dataset\caiguoqing\1_0_caiguoqing_0039.jpg,False,True,False,both,0.5762354135513306,caiguoqing
fusion_avg,zhuowenxuan,C:\Users\tahak\ogproject\adaptiveface\data\rmfd\AFDB_masked_face_dataset\zhuowenxuan\0_0_0.jpg,True,True,True,both,0.22228452563285828,masichun
fusion_avg,jianailiang,C:\Users\tahak\ogproject\adaptiveface\data\rmfd\AFDB_face_dataset\jianailiang\1_0_jianailiang_0043.jpg,False,True,False,both,0.3384445011615753,zhangdanfeng
fusion_avg,tanweiwei,C:\Users\tahak\ogproject\adaptiveface\data\rmfd\AFDB_face_dataset\tanweiwei\1_0_tanweiwei_0020.jpg,False,True,False,both,0.3084969222545624,tanweiwei
fusion_avg,yinzheng,C:\Users\tahak\ogproject\adaptiveface\data\rmfd\AFDB_face_dataset\yinzheng\1_0_yinzheng_0046.jpg,False,True,False,both,0.4648885726928711,yinzheng
fusion_avg,ruanjingtian,C:\Users\tahak\ogproject\adaptiveface\data\rmfd\AFDB_face_dataset\ruanjingtian\0_0_ruanjingtian_0052.jpg,False,True,False,both,0.5038793087005615,ruanjingtian
fusion_avg,jiangkaitong,C:\Users\tahak\ogproject\adaptiveface\data\rmfd\AFDB_face_dataset\jiangkaitong\1_0_jiangkaitong_0206.jpg,False,True,False,both,0.32826516032218933,jiangkaitong
fusion_avg,zhangtianai,C:\Users\tahak\ogproject\adaptiveface\data\rmfd\AFDB_face_dataset\zhangtianai\1_0_zhangtianai_0168.jpg,False,True,False,both,0.4894850552082062,zhangtianai
fusion_avg,xiongnaijin,C:\Users\tahak\ogproject\adaptiveface\data\rmfd\AFDB_face_dataset\xiongnaijin\1_0_xiongnaijin_0201.jpg,False,True,False,both,0.36659055948257446,xiongnaijin
fusion_avg,xinzhilei,C:\Users\tahak\ogproject\adaptiveface\data\rmfd\AFDB_face_dataset\xinzhilei\0_0_xinzhilei_0064.jpg,False,True,False,both,0.4558742344379425,xinzhilei
fusion_avg,linyichen,C:\Users\tahak\ogproject\adaptiveface\data\rmfd\AFDB_face_dataset\linyichen\1_0_linyichen_0222.jpg,False,True,False,both,0.31084388494491577,zhaoliying
fusion_avg,huangzhongkun,C:\Users\tahak\ogproject\adaptiveface\data\rmfd\AFDB_face_dataset\huangzhongkun\1_0_huangzhongkun_0046.jpg,False,True,False,both,0.5962309837341309,huangzhongkun
fusion_avg,chenyi,C:\Users\tahak\ogproject\adaptiveface\data\rmfd\AFDB_masked_face_dataset\chenyi\0_0_0.jpg,True,True,True,both,0.3988955318927765,chenyi
fusion_avg,sunyizhou,C:\Users\tahak\ogproject\adaptiveface\data\rmfd\AFDB_masked_face_dataset\sunyizhou\1_0_0.jpg,True,True,False,both,0.29832902550697327,sunyizhou
fusion_avg,caizhuoyan,C:\Users\tahak\ogproject\adaptiveface\data\rmfd\AFDB_masked_face_dataset\caizhuoyan\1_0_14.jpg,True,True,True,both,0.2543310523033142,liuyifei
fusion_avg,wangqing,C:\Users\tahak\ogproject\adaptiveface\data\rmfd\AFDB_masked_face_dataset\wangqing\0_0_8.jpg,True,True,True,both,0.3354912996292114,wangqing
fusion_avg,Carlos_Moya,C:\Users\tahak\ogproject\adaptiveface\data\lfw\Carlos_Moya\Carlos_Moya_0004.jpg,False,False,False,both,0.1113351434469223,wangqing
fusion_avg,liushishi,C:\Users\tahak\ogproject\adaptiveface\data\rmfd\AFDB_masked_face_dataset\liushishi\0_0_3.jpg,True,True,True,both,0.2520270347595215,liuyifei
fusion_avg,zhaoliying,C:\Users\tahak\ogproject\adaptiveface\data\rmfd\AFDB_masked_face_dataset\zhaoliying\0_0_12.jpg,True,True,True,both,0.3381095230579376,masichun
fusion_avg,yangqianhua,C:\Users\tahak\ogproject\adaptiveface\data\rmfd\AFDB_face_dataset\yangqianhua\1_0_yangqianhua_0047.jpg,False,True,False,both,0.4376153349876404,yangqianhua
fusion_avg,raowei,C:\Users\tahak\ogproject\adaptiveface\data\rmfd\AFDB_masked_face_dataset\raowei\0_0_1.jpg,True,True,True,both,0.2603696584701538,wulei
fusion_avg,lixiang,C:\Users\tahak\ogproject\adaptiveface\data\rmfd\AFDB_face_dataset\lixiang\1_0_lixiang_0157.jpg,False,True,False,both,0.2823360562324524,lixiang
fusion_avg,zhangdanfeng,C:\Users\tahak\ogproject\adaptiveface\data\rmfd\AFDB_face_dataset\zhangdanfeng\1_0_zhangdanfeng_0074.jpg,False,True,False,both,0.5122001767158508,zhangdanfeng
fusion_avg,Rod_Thorn,C:\Users\tahak\ogproject\adaptiveface\data\lfw\Rod_Thorn\Rod_Thorn_0001.jpg,False,False,False,both,0.09970054775476456,yinzheng
fusion_avg,chenxiang,C:\Users\tahak\ogproject\adaptiveface\data\rmfd\AFDB_masked_face_dataset\chenxiang\0_0_4.jpg,True,True,True,both,0.20040234923362732,yangzi
fusion_avg,pengjing,C:\Users\tahak\ogproject\adaptiveface\data\rmfd\AFDB_face_dataset\pengjing\1_0_pengjing_0013.jpg,False,True,False,both,0.33543673157691956,linyuan
fusion_avg,qinjunjie,C:\Users\tahak\ogproject\adaptiveface\data\rmfd\AFDB_face_dataset\qinjunjie\0_0_qinjunjie_0130.jpg,False,True,False,both,0.38880619406700134,qinjunjie
fusion_avg,huangrihua,C:\Users\tahak\ogproject\adaptiveface\data\rmfd\AFDB_face_dataset\huangrihua\1_0_huangrihua_0073.jpg,False,True,False,both,0.5282189846038818,huangrihua
fusion_avg,yumenglong,C:\Users\tahak\ogproject\adaptiveface\data\rmfd\AFDB_masked_face_dataset\yumenglong\0_0_0.jpg,True,True,True,both,0.33675745129585266,yumenglong
fusion_avg,maqiguang,C:\Users\tahak\ogproject\adaptiveface\data\rmfd\AFDB_masked_face_dataset\maqiguang\0_0_1.jpg,True,True,True,both,0.43643543124198914,maqiguang
fusion_avg,huge,C:\Users\tahak\ogproject\adaptiveface\data\rmfd\AFDB_face_dataset\huge\1_0_huge_0082.jpg,False,True,False,both,0.5031057596206665,huge
fusion_avg,liuye,C:\Users\tahak\ogproject\adaptiveface\data\rmfd\AFDB_face_dataset\liuye\1_0_liuye_0103.jpg,False,True,False,both,0.5545520782470703,liuye
fusion_avg,yangqianhua,C:\Users\tahak\ogproject\adaptiveface\data\rmfd\AFDB_masked_face_dataset\yangqianhua\1_0_0.jpg,True,True,True,both,0.2714046239852905,yangqianhua
fusion_avg,zhanghanyun,C:\Users\tahak\ogproject\adaptiveface\data\rmfd\AFDB_face_dataset\zhanghanyun\1_0_zhanghanyun_0260.jpg,False,True,False,both,0.4226326644420624,zhanghanyun
fusion_avg,wangqing,C:\Users\tahak\ogproject\adaptiveface\data\rmfd\AFDB_face_dataset\wangqing\1_0_wangqing_0067.jpg,False,True,False,both,0.21658271551132202,liyifeng
fusion_avg,Mark_Hurlbert,C:\Users\tahak\ogproject\adaptiveface\data\lfw\Mark_Hurlbert\Mark_Hurlbert_0005.jpg,False,False,False,both,0.09154999256134033,chenkun
fusion_avg,wangou,C:\Users\tahak\ogproject\adaptiveface\data\rmfd\AFDB_masked_face_dataset\wangou\0_0_16.jpg,True,True,True,both,0.266618549823761,lixirui
fusion_avg,yangqianhua,C:\Users\tahak\ogproject\adaptiveface\data\rmfd\AFDB_masked_face_dataset\yangqianhua\0_0_2.jpg,True,True,True,both,0.2409924566745758,zhaoyazhi
fusion_avg,xudongdong,C:\Users\tahak\ogproject\adaptiveface\data\rmfd\AFDB_masked_face_dataset\xudongdong\0_0_0.jpg,True,True,True,both,0.24883043766021729,xudongdong
fusion_avg,zhengyecheng,C:\Users\tahak\ogproject\adaptiveface\data\rmfd\AFDB_face_dataset\zhengyecheng\1_0_zhengyecheng_0129.jpg,False,True,False,both,0.5811123847961426,zhengyecheng
fusion_avg,Carlos_Moya,C:\Users\tahak\ogproject\adaptiveface\data\lfw\Carlos_Moya\Carlos_Moya_0017.jpg,False,False,False,both,0.11266069114208221,linjing
fusion_avg,liudehua,C:\Users\tahak\ogproject\adaptiveface\data\rmfd\AFDB_face_dataset\liudehua\1_0_liudehua_0238.jpg,False,True,False,both,0.41255494952201843,liudehua
fusion_avg,Carlos_Moya,C:\Users\tahak\ogproject\adaptiveface\data\lfw\Carlos_Moya\Carlos_Moya_0005.jpg,False,False,False,both,0.1498960554599762,zhangliangying
fusion_avg,Dereck_Whittenburg,C:\Users\tahak\ogproject\adaptiveface\data\lfw\Dereck_Whittenburg\Dereck_Whittenburg_0001.jpg,False,False,False,both,0.19017277657985687,yuyi
fusion_avg,zhuowenxuan,C:\Users\tahak\ogproject\adaptiveface\data\rmfd\AFDB_face_dataset\zhuowenxuan\0_0_zhuowenxuan_0046.jpg,False,True,False,both,0.35894259810447693,zhuowenxuan
fusion_avg,Billy_Sollie,C:\Users\tahak\ogproject\adaptiveface\data\lfw\Billy_Sollie\Billy_Sollie_0001.jpg,False,False,False,both,0.14781887829303741,chenyi
fusion_avg,huangrihua,C:\Users\tahak\ogproject\adaptiveface\data\rmfd\AFDB_face_dataset\huangrihua\1_0_huangrihua_0019.jpg,False,True,False,both,0.6815530061721802,huangrihua
fusion_avg,handongjun,C:\Users\tahak\ogproject\adaptiveface\data\rmfd\AFDB_face_dataset\handongjun\1_0_handongjun_0032.jpg,False,True,False,both,0.3602510094642639,maqiguang
fusion_avg,zhangzifeng,C:\Users\tahak\ogproject\adaptiveface\data\rmfd\AFDB_face_dataset\zhangzifeng\1_0_zhangzifeng_0126.jpg,False,True,False,both,0.3438652753829956,zhangzifeng
fusion_avg,lufangsheng,C:\Users\tahak\ogproject\adaptiveface\data\rmfd\AFDB_face_dataset\lufangsheng\1_0_lufangsheng_0194.jpg,False,True,False,both,0.5348756313323975,lufangsheng
fusion_avg,zhourunfa,C:\Users\tahak\ogproject\adaptiveface\data\rmfd\AFDB_masked_face_dataset\zhourunfa\0_0_3.jpg,True,True,True,both,0.23570337891578674,xuzheng
fusion_avg,chenkun,C:\Users\tahak\ogproject\adaptiveface\data\rmfd\AFDB_face_dataset\chenkun\1_0_chenkun_0056.jpg,False,True,False,both,0.3313000202178955,chenkun
fusion_avg,chenkun,C:\Users\tahak\ogproject\adaptiveface\data\rmfd\AFDB_masked_face_dataset\chenkun\0_0_10.jpg,True,True,True,both,0.18794026970863342,jiangkaitong
fusion_avg,wangkai,C:\Users\tahak\ogproject\adaptiveface\data\rmfd\AFDB_face_dataset\wangkai\1_0_wangkai_0109.jpg,False,True,False,both,0.49929913878440857,wangkai
fusion_avg,jiangyiyi,C:\Users\tahak\ogproject\adaptiveface\data\rmfd\AFDB_masked_face_dataset\jiangyiyi\0_0_0.jpg,True,True,True,both,0.39391273260116577,zhangxueying
fusion_avg,yangzi,C:\Users\tahak\ogproject\adaptiveface\data\rmfd\AFDB_face_dataset\yangzi\1_0_yangzi_0181.jpg,False,True,False,both,0.4283547103404999,yangzi
fusion_avg,caizhuoyan,C:\Users\tahak\ogproject\adaptiveface\data\rmfd\AFDB_masked_face_dataset\caizhuoyan\0_0_1.jpg,True,True,True,both,0.3421957194805145,jianghongbo
fusion_avg,weidaxun,C:\Users\tahak\ogproject\adaptiveface\data\rmfd\AFDB_face_dataset\weidaxun\0_0_weidaxun_0154.jpg,False,True,False,both,0.2875697612762451,tongkeke
fusion_avg,linyuan,C:\Users\tahak\ogproject\adaptiveface\data\rmfd\AFDB_face_dataset\linyuan\1_0_linyuan_0085.jpg,False,True,False,both,0.3633866012096405,zhuowenxuan
fusion_avg,zhengkai,C:\Users\tahak\ogproject\adaptiveface\data\rmfd\AFDB_face_dataset\zhengkai\1_0_zhengkai_0174.jpg,False,True,False,both,0.3261205554008484,duwenze
fusion_avg,zhaoyazhi,C:\Users\tahak\ogproject\adaptiveface\data\rmfd\AFDB_masked_face_dataset\zhaoyazhi\0_0_0.jpg,True,True,True,both,0.35569536685943604,yeyiqian
fusion_avg,Stephane_Rousseau,C:\Users\tahak\ogproject\adaptiveface\data\lfw\Stephane_Rousseau\Stephane_Rousseau_0001.jpg,False,False,False,both,0.13334795832633972,weidaxun
fusion_avg,zhaoliying,C:\Users\tahak\ogproject\adaptiveface\data\rmfd\AFDB_face_dataset\zhaoliying\1_0_zhaoliying_0057.jpg,False,True,False,both,0.5064358711242676,zhaoliying
fusion_avg,Zoran_Djindjic,C:\Users\tahak\ogproject\adaptiveface\data\lfw\Zoran_Djindjic\Zoran_Djindjic_0002.jpg,False,False,False,both,0.09685012698173523,shaofeng
fusion_avg,xuezhiqian,C:\Users\tahak\ogproject\adaptiveface\data\rmfd\AFDB_face_dataset\xuezhiqian\1_0_xuezhiqian_0030.jpg,False,True,False,both,0.32072901725769043,wulei
fusion_avg,wangzuxian,C:\Users\tahak\ogproject\adaptiveface\data\rmfd\AFDB_face_dataset\wangzuxian\1_0_wangzuxian_0224.jpg,False,True,False,both,0.527767539024353,wangzuxian
fusion_avg,wangqing,C:\Users\tahak\ogproject\adaptiveface\data\rmfd\AFDB_face_dataset\wangqing\1_0_wangqing_0077.jpg,False,True,False,both,0.4166993498802185,wangqing
fusion_avg,zhouxun,C:\Users\tahak\ogproject\adaptiveface\data\rmfd\AFDB_masked_face_dataset\zhouxun\0_0_10.jpg,True,True,True,both,0.186228945851326,zhouxun
fusion_avg,lixirui,C:\Users\tahak\ogproject\adaptiveface\data\rmfd\AFDB_face_dataset\lixirui\1_0_lixirui_0058.jpg,False,True,False,both,0.3768767714500427,lixirui
fusion_avg,guanxiaotong,C:\Users\tahak\ogproject\adaptiveface\data\rmfd\AFDB_masked_face_dataset\guanxiaotong\1_0_2.jpg,True,True,True,both,0.3067646026611328,zhangxueying
fusion_avg,wangzuxian,C:\Users\tahak\ogproject\adaptiveface\data\rmfd\AFDB_face_dataset\wangzuxian\1_0_wangzuxian_0068.jpg,False,True,False,both,0.4497604966163635,wangzuxian
fusion_avg,lixirui,C:\Users\tahak\ogproject\adaptiveface\data\rmfd\AFDB_face_dataset\lixirui\1_0_lixirui_0189.jpg,False,True,False,both,0.3158036768436432,linyuan
fusion_avg,yanyikuan,C:\Users\tahak\ogproject\adaptiveface\data\rmfd\AFDB_face_dataset\yanyikuan\1_0_yanyikuan_0057.jpg,False,True,False,both,0.46944206953048706,maqiguang
fusion_avg,zhangguoli,C:\Users\tahak\ogproject\adaptiveface\data\rmfd\AFDB_face_dataset\zhangguoli\1_0_zhangguoli_0034.jpg,False,True,False,both,0.5917919874191284,zhangguoli
fusion_avg,Celso_Amorim,C:\Users\tahak\ogproject\adaptiveface\data\lfw\Celso_Amorim\Celso_Amorim_0001.jpg,False,False,False,both,0.12568555772304535,huangbo
fusion_avg,zhangxueyou,C:\Users\tahak\ogproject\adaptiveface\data\rmfd\AFDB_face_dataset\zhangxueyou\1_0_zhangxueyou_0020.jpg,False,True,False,both,0.567093014717102,zhangxueyou
fusion_avg,huozun,C:\Users\tahak\ogproject\adaptiveface\data\rmfd\AFDB_masked_face_dataset\huozun\0_0_7.jpg,True,True,True,both,0.44251537322998047,huozun
fusion_avg,hanqingzi,C:\Users\tahak\ogproject\adaptiveface\data\rmfd\AFDB_masked_face_dataset\hanqingzi\0_0_0.jpg,True,True,True,both,0.26108068227767944,wangzuxian
fusion_avg,Nicanor_Duarte_Frutos,C:\Users\tahak\ogproject\adaptiveface\data\lfw\Nicanor_Duarte_Frutos\Nicanor_Duarte_Frutos_0002.jpg,False,False,False,both,0.13566184043884277,zhengkai
fusion_avg,songqian,C:\Users\tahak\ogproject\adaptiveface\data\rmfd\AFDB_masked_face_dataset\songqian\0_0_0.jpg,True,True,True,both,0.1959584653377533,jiangkaitong
fusion_avg,huashao,C:\Users\tahak\ogproject\adaptiveface\data\rmfd\AFDB_masked_face_dataset\huashao\0_0_3.jpg,True,True,True,both,0.16824737191200256,liuye
fusion_avg,zhengyecheng,C:\Users\tahak\ogproject\adaptiveface\data\rmfd\AFDB_masked_face_dataset\zhengyecheng\0_0_2.jpg,True,True,True,both,0.3122730255126953,xiaozhan
fusion_avg,Michael_Chiklis,C:\Users\tahak\ogproject\adaptiveface\data\lfw\Michael_Chiklis\Michael_Chiklis_0005.jpg,False,False,False,both,0.17339476943016052,wuzhenyu
fusion_avg,xuhaiqiao,C:\Users\tahak\ogproject\adaptiveface\data\rmfd\AFDB_masked_face_dataset\xuhaiqiao\0_0_17.jpg,True,True,True,both,0.18255937099456787,jianailiang
fusion_avg,lidaimo,C:\Users\tahak\ogproject\adaptiveface\data\rmfd\AFDB_masked_face_dataset\lidaimo\0_0_3.jpg,True,True,True,both,0.2537025213241577,lidaimo
fusion_avg,Carlo_Ancelotti,C:\Users\tahak\ogproject\adaptiveface\data\lfw\Carlo_Ancelotti\Carlo_Ancelotti_0003.jpg,False,False,False,both,0.08879265189170837,liusongren
fusion_avg,daipeini,C:\Users\tahak\ogproject\adaptiveface\data\rmfd\AFDB_masked_face_dataset\daipeini\0_0_5.jpg,True,True,True,both,0.25394636392593384,daipeini
fusion_avg,Bernard_Landry,C:\Users\tahak\ogproject\adaptiveface\data\lfw\Bernard_Landry\Bernard_Landry_0004.jpg,False,False,False,both,0.129733145236969,zhangbo
fusion_avg,masu,C:\Users\tahak\ogproject\adaptiveface\data\rmfd\AFDB_masked_face_dataset\masu\0_0_23.jpg,True,True,True,both,0.20389261841773987,lanyingying
fusion_avg,xuxidi,C:\Users\tahak\ogproject\adaptiveface\data\rmfd\AFDB_face_dataset\xuxidi\1_0_xuxidi_0034.jpg,False,True,False,both,0.3519055247306824,chenfarong
fusion_avg,lidaimo,C:\Users\tahak\ogproject\adaptiveface\data\rmfd\AFDB_face_dataset\lidaimo\1_0_lidaimo_0094.jpg,False,True,False,both,0.5544649362564087,lidaimo
fusion_avg,chenxiang,C:\Users\tahak\ogproject\adaptiveface\data\rmfd\AFDB_face_dataset\chenxiang\0_0_chenxiang_0006.jpg,False,True,False,both,0.44246187806129456,chenxiang
fusion_avg,wangyuan,C:\Users\tahak\ogproject\adaptiveface\data\rmfd\AFDB_masked_face_dataset\wangyuan\0_0_24.jpg,True,True,True,both,0.2615659236907959,huangxuan
fusion_avg,yinzheng,C:\Users\tahak\ogproject\adaptiveface\data\rmfd\AFDB_masked_face_dataset\yinzheng\0_0_1.png,True,True,True,both,0.41508641839027405,yinzheng
fusion_avg,xuxidi,C:\Users\tahak\ogproject\adaptiveface\data\rmfd\AFDB_masked_face_dataset\xuxidi\1_0_1.jpg,True,True,True,both,0.2694077491760254,xuxidi
fusion_avg,yumenglong,C:\Users\tahak\ogproject\adaptiveface\data\rmfd\AFDB_face_dataset\yumenglong\1_0_yumenglong_0058.jpg,False,True,False,both,0.34987717866897583,tanweiwei
fusion_avg,Romario_Farias,C:\Users\tahak\ogproject\adaptiveface\data\lfw\Romario_Farias\Romario_Farias_0001.jpg,False,False,False,both,0.15879639983177185,zhourunfa
fusion_avg,yingcaier,C:\Users\tahak\ogproject\adaptiveface\data\rmfd\AFDB_masked_face_dataset\yingcaier\0_0_0.jpg,True,True,True,both,0.2052236795425415,xiongdailin
fusion_avg,matianyu,C:\Users\tahak\ogproject\adaptiveface\data\rmfd\AFDB_masked_face_dataset\matianyu\0_0_20.jpg,True,True,True,both,0.3725169003009796,matianyu
fusion_avg,yumenglong,C:\Users\tahak\ogproject\adaptiveface\data\rmfd\AFDB_face_dataset\yumenglong\1_0_yumenglong_0063.jpg,False,True,False,both,0.5622158050537109,yumenglong
fusion_avg,jingbairan,C:\Users\tahak\ogproject\adaptiveface\data\rmfd\AFDB_face_dataset\jingbairan\1_0_jingbairan_0193.jpg,False,True,False,both,0.44577568769454956,jingbairan
fusion_avg,wangyuan,C:\Users\tahak\ogproject\adaptiveface\data\rmfd\AFDB_face_dataset\wangyuan\1_0_wangyuan_0152.jpg,False,True,False,both,0.4736138582229614,wangyuan
fusion_avg,zhangxueying,C:\Users\tahak\ogproject\adaptiveface\data\rmfd\AFDB_masked_face_dataset\zhangxueying\0_0_4.jpg,True,True,True,both,0.2385539561510086,zhangxueying
fusion_avg,chenfarong,C:\Users\tahak\ogproject\adaptiveface\data\rmfd\AFDB_face_dataset\chenfarong\1_0_chenfarong_0137.jpg,False,True,False,both,0.3284083604812622,zhangtianai
fusion_avg,Khaled_Sawalhi,C:\Users\tahak\ogproject\adaptiveface\data\lfw\Khaled_Sawalhi\Khaled_Sawalhi_0001.jpg,False,False,False,both,0.12824925780296326,chenkun
fusion_avg,zhaoliying,C:\Users\tahak\ogproject\adaptiveface\data\rmfd\AFDB_face_dataset\zhaoliying\1_0_zhaoliying_0172.jpg,False,True,False,both,0.563269853591919,zhaoliying
fusion_avg,Russell_Crowe,C:\Users\tahak\ogproject\adaptiveface\data\lfw\Russell_Crowe\Russell_Crowe_0002.jpg,False,False,False,both,0.15019617974758148,zhangbo
fusion_avg,zhaoyihuan,C:\Users\tahak\ogproject\adaptiveface\data\rmfd\AFDB_face_dataset\zhaoyihuan\1_0_zhaoyihuan_0195.jpg,False,True,False,both,0.49913299083709717,zhaoyihuan
fusion_avg,huangxuan,C:\Users\tahak\ogproject\adaptiveface\data\rmfd\AFDB_masked_face_dataset\huangxuan\0_0_22.jpg,True,True,True,both,0.31168389320373535,huangxuan
fusion_avg,zhangliangying,C:\Users\tahak\ogproject\adaptiveface\data\rmfd\AFDB_face_dataset\zhangliangying\1_0_zhangliangying_0021.jpg,False,True,False,both,0.6048885583877563,zhangliangying
fusion_avg,jianailiang,C:\Users\tahak\ogproject\adaptiveface\data\rmfd\AFDB_masked_face_dataset\jianailiang\0_0_5.jpg,True,True,True,both,0.23098498582839966,zhangluyi
fusion_avg,xiongnaijin,C:\Users\tahak\ogproject\adaptiveface\data\rmfd\AFDB_face_dataset\xiongnaijin\1_0_xiongnaijin_0219.jpg,False,True,False,both,0.3358624279499054,zhangjingjing
fusion_avg,yinengjing,C:\Users\tahak\ogproject\adaptiveface\data\rmfd\AFDB_masked_face_dataset\yinengjing\0_0_1.jpg,True,True,True,both,0.31321287155151367,zhangshaohan
fusion_avg,wangou,C:\Users\tahak\ogproject\adaptiveface\data\rmfd\AFDB_face_dataset\wangou\1_0_wangou_0285.jpg,False,True,False,both,0.2937905490398407,xiongdailin
fusion_avg,guojingjing,C:\Users\tahak\ogproject\adaptiveface\data\rmfd\AFDB_masked_face_dataset\guojingjing\1_0_3.jpg,True,True,True,both,0.3053717315196991,huangxuan
fusion_avg,yuyi,C:\Users\tahak\ogproject\adaptiveface\data\rmfd\AFDB_masked_face_dataset\yuyi\0_0_1.jpg,True,True,True,both,0.469085156917572,yuyi
fusion_avg,fanwei,C:\Users\tahak\ogproject\adaptiveface\data\rmfd\AFDB_face_dataset\fanwei\1_0_fanwei_0016.jpg,False,True,False,both,0.4965015947818756,fanwei
fusion_avg,huangrihua,C:\Users\tahak\ogproject\adaptiveface\data\rmfd\AFDB_masked_face_dataset\huangrihua\0_0_2.jpg,True,True,True,both,0.3489114046096802,huangrihua
fusion_avg,liushishi,C:\Users\tahak\ogproject\adaptiveface\data\rmfd\AFDB_masked_face_dataset\liushishi\0_0_5.jpg,True,True,True,both,0.2694050073623657,liushishi
fusion_avg,John_Goold,C:\Users\tahak\ogproject\adaptiveface\data\lfw\John_Goold\John_Goold_0001.jpg,False,False,False,both,0.1331956535577774,zhourunfa
fusion_avg,Patricia_Johnson,C:\Users\tahak\ogproject\adaptiveface\data\lfw\Patricia_Johnson\Patricia_Johnson_0001.jpg,False,False,False,both,0.15137243270874023,masichun
fusion_avg,xiongdailin,C:\Users\tahak\ogproject\adaptiveface\data\rmfd\AFDB_masked_face_dataset\xiongdailin\0_0_1.jpeg,True,True,True,both,0.3899304270744324,xiongdailin
fusion_avg,yuyi,C:\Users\tahak\ogproject\adaptiveface\data\rmfd\AFDB_face_dataset\yuyi\1_0_yuyi_0098.jpg,False,True,False,both,0.47003111243247986,yuyi
fusion_avg,weidaxun,C:\Users\tahak\ogproject\adaptiveface\data\rmfd\AFDB_masked_face_dataset\weidaxun\0_0_6.jpg,True,True,True,both,0.3284446597099304,weidaxun
fusion_avg,zhaoyazhi,C:\Users\tahak\ogproject\adaptiveface\data\rmfd\AFDB_face_dataset\zhaoyazhi\1_0_zhaoyazhi_0175.jpg,False,True,False,both,0.4955330789089203,zhaoyazhi
fusion_avg,lanyingying,C:\Users\tahak\ogproject\adaptiveface\data\rmfd\AFDB_face_dataset\lanyingying\1_0_lanyingying_0040.jpg,False,True,False,both,0.5380924940109253,lanyingying
fusion_avg,zhangbinbin,C:\Users\tahak\ogproject\adaptiveface\data\rmfd\AFDB_face_dataset\zhangbinbin\1_0_zhangbinbin_0170.jpg,False,True,False,both,0.5509161949157715,zhangbinbin
fusion_avg,guojingfei,C:\Users\tahak\ogproject\adaptiveface\data\rmfd\AFDB_masked_face_dataset\guojingfei\0_1_6.jpg,True,True,True,both,0.2141510546207428,guanxiaotong
fusion_avg,zhangxueying,C:\Users\tahak\ogproject\adaptiveface\data\rmfd\AFDB_face_dataset\zhangxueying\1_0_zhangxueying_0065.jpg,False,True,False,both,0.33944064378738403,zhangxueying
fusion_avg,Stephen_Cooper,C:\Users\tahak\ogproject\adaptiveface\data\lfw\Stephen_Cooper\Stephen_Cooper_0001.jpg,False,False,False,both,0.1195497214794159,lidaimo
fusion_avg,tongliya,C:\Users\tahak\ogproject\adaptiveface\data\rmfd\AFDB_masked_face_dataset\tongliya\0_0_2.jpg,True,True,True,both,0.2551823854446411,tongliya
fusion_avg,xiongdailin,C:\Users\tahak\ogproject\adaptiveface\data\rmfd\AFDB_masked_face_dataset\xiongdailin\0_0_0.jpg,True,True,True,both,0.34730401635169983,xiongdailin
fusion_avg,yanyikuan,C:\Users\tahak\ogproject\adaptiveface\data\rmfd\AFDB_masked_face_dataset\yanyikuan\0_0_2.jpg,True,True,True,both,0.3573015630245209,fengjianyu
fusion_avg,John_Elway,C:\Users\tahak\ogproject\adaptiveface\data\lfw\John_Elway\John_Elway_0001.jpg,False,False,False,both,0.09891444444656372,zhangshaohan
fusion_avg,Tim_Conway,C:\Users\tahak\ogproject\adaptiveface\data\lfw\Tim_Conway\Tim_Conway_0003.jpg,False,False,False,both,0.09538384526968002,matianyu
fusion_avg,zhangxueyou,C:\Users\tahak\ogproject\adaptiveface\data\rmfd\AFDB_face_dataset\zhangxueyou\1_0_zhangxueyou_0200.jpg,False,True,False,both,0.38307517766952515,zhangxueyou
fusion_avg,Sammy_Sosa,C:\Users\tahak\ogproject\adaptiveface\data\lfw\Sammy_Sosa\Sammy_Sosa_0002.jpg,False,False,False,both,0.13555654883384705,yangzi
fusion_avg,zhangzifeng,C:\Users\tahak\ogproject\adaptiveface\data\rmfd\AFDB_masked_face_dataset\zhangzifeng\0_1_53.jpg,True,True,False,both,0.28135743737220764,yangqianhua
fusion_avg,tongliya,C:\Users\tahak\ogproject\adaptiveface\data\rmfd\AFDB_face_dataset\tongliya\1_0_tongliya_0148.jpg,False,True,False,both,0.46061810851097107,tongliya
fusion_avg,tongliya,C:\Users\tahak\ogproject\adaptiveface\data\rmfd\AFDB_masked_face_dataset\tongliya\0_0_0.jpg,True,True,True,both,0.2419579178094864,xuhao
fusion_avg,qiuze,C:\Users\tahak\ogproject\adaptiveface\data\rmfd\AFDB_face_dataset\qiuze\1_0_qiuze_0097.jpg,False,True,False,both,0.5650194883346558,qiuze
fusion_avg,xieanqi,C:\Users\tahak\ogproject\adaptiveface\data\rmfd\AFDB_masked_face_dataset\xieanqi\0_1_10.jpg,True,True,True,both,0.18312406539916992,liushishi
fusion_avg,Alexandra_Spann,C:\Users\tahak\ogproject\adaptiveface\data\lfw\Alexandra_Spann\Alexandra_Spann_0001.jpg,False,False,False,both,0.13296324014663696,tangwei
fusion_avg,jingbairan,C:\Users\tahak\ogproject\adaptiveface\data\rmfd\AFDB_masked_face_dataset\jingbairan\0_0_0.jpg,True,True,True,both,0.2155417799949646,jingbairan
fusion_avg,tanweiwei,C:\Users\tahak\ogproject\adaptiveface\data\rmfd\AFDB_masked_face_dataset\tanweiwei\0_0_3.jpg,True,True,False,both,0.2872197926044464,chenxiang
fusion_avg,liuruilin,C:\Users\tahak\ogproject\adaptiveface\data\rmfd\AFDB_face_dataset\liuruilin\1_0_liuruilin_0241.jpg,False,True,False,both,0.4519927203655243,liuruilin
fusion_avg,yingcaier,C:\Users\tahak\ogproject\adaptiveface\data\rmfd\AFDB_masked_face_dataset\yingcaier\0_0_4.jpg,True,True,True,both,0.215773344039917,xudongdong
fusion_avg,shaofeng,C:\Users\tahak\ogproject\adaptiveface\data\rmfd\AFDB_masked_face_dataset\shaofeng\0_0_0.png,True,True,True,both,0.3675343990325928,shaofeng
fusion_avg,chenjiaqi,C:\Users\tahak\ogproject\adaptiveface\data\rmfd\AFDB_face_dataset\chenjiaqi\1_0_chenjiaqi_0007.jpg,False,True,False,both,0.4566272795200348,chenjiaqi
fusion_avg,huangzhongkun,C:\Users\tahak\ogproject\adaptiveface\data\rmfd\AFDB_masked_face_dataset\huangzhongkun\0_0_0.png,True,True,True,both,0.3742513656616211,huangzhongkun
fusion_avg,Bernard_Landry,C:\Users\tahak\ogproject\adaptiveface\data\lfw\Bernard_Landry\Bernard_Landry_0003.jpg,False,False,False,both,0.16367971897125244,liuxiang
fusion_avg,zhangliangying,C:\Users\tahak\ogproject\adaptiveface\data\rmfd\AFDB_masked_face_dataset\zhangliangying\0_0_1.jpg,True,True,True,both,0.2965751886367798,zhangliangying
fusion_avg,huojianhua,C:\Users\tahak\ogproject\adaptiveface\data\rmfd\AFDB_face_dataset\huojianhua\1_0_huojianhua_0129.jpg,False,True,False,both,0.4660305082798004,huojianhua
fusion_avg,linxinru,C:\Users\tahak\ogproject\adaptiveface\data\rmfd\AFDB_masked_face_dataset\linxinru\0_0_16.jpg,True,True,True,both,0.45860084891319275,linxinru
fusion_avg,Carlos_Moya,C:\Users\tahak\ogproject\adaptiveface\data\lfw\Carlos_Moya\Carlos_Moya_0015.jpg,False,False,False,both,0.11725147068500519,lianghanwen
fusion_avg,sunyizhou,C:\Users\tahak\ogproject\adaptiveface\data\rmfd\AFDB_masked_face_dataset\sunyizhou\0_0_1.jpg,True,True,True,both,0.346768856048584,sunyizhou
fusion_avg,zhourunfa,C:\Users\tahak\ogproject\adaptiveface\data\rmfd\AFDB_masked_face_dataset\zhourunfa\0_0_2.jpg,True,True,True,both,0.21742427349090576,liyifeng
fusion_avg,huge,C:\Users\tahak\ogproject\adaptiveface\data\rmfd\AFDB_masked_face_dataset\huge\0_0_3.jpg,True,True,False,both,0.26082223653793335,wangyuan
fusion_weighted,huojianhua,C:\Users\tahak\ogproject\adaptiveface\data\rmfd\AFDB_masked_face_dataset\huojianhua\0_0_21.jpg,True,True,True,both,0.27437198907136917,liushishi
fusion_weighted,zhaoyazhi,C:\Users\tahak\ogproject\adaptiveface\data\rmfd\AFDB_face_dataset\zhaoyazhi\1_0_zhaoyazhi_0198.jpg,False,True,False,both,0.4563996434211731,zhaoyazhi
fusion_weighted,Carlos_Moya,C:\Users\tahak\ogproject\adaptiveface\data\lfw\Carlos_Moya\Carlos_Moya_0002.jpg,False,False,False,both,0.11610112190246581,maoxiaotong
fusion_weighted,xiaozhan,C:\Users\tahak\ogproject\adaptiveface\data\rmfd\AFDB_masked_face_dataset\xiaozhan\0_0_28.jpg,True,True,True,both,0.33161957859992985,xiaozhan
fusion_weighted,zhangshaohan,C:\Users\tahak\ogproject\adaptiveface\data\rmfd\AFDB_masked_face_dataset\zhangshaohan\0_0_3.jpg,True,True,True,both,0.17696878984570502,zhuowenxuan
fusion_weighted,lvyi,C:\Users\tahak\ogproject\adaptiveface\data\rmfd\AFDB_face_dataset\lvyi\1_0_lvyi_0136.jpg,False,True,False,both,0.2632662519812584,wangou
fusion_weighted,daipeini,C:\Users\tahak\ogproject\adaptiveface\data\rmfd\AFDB_face_dataset\daipeini\1_0_daipeini_0001.jpg,False,True,False,both,0.48604676127433777,daipeini
fusion_weighted,linyichen,C:\Users\tahak\ogproject\adaptiveface\data\rmfd\AFDB_face_dataset\linyichen\1_0_linyichen_0328.jpg,False,True,False,both,0.23608226180076597,zhanghanyun
fusion_weighted,Bernard_Law,C:\Users\tahak\ogproject\adaptiveface\data\lfw\Bernard_Law\Bernard_Law_0005.jpg,False,False,False,both,0.13137604296207428,yeyiqian
fusion_weighted,huangzitao,C:\Users\tahak\ogproject\adaptiveface\data\rmfd\AFDB_face_dataset\huangzitao\1_0_huangzitao_0108.jpg,False,True,False,both,0.6650018274784087,huangzitao
fusion_weighted,Ben_Betts,C:\Users\tahak\ogproject\adaptiveface\data\lfw\Ben_Betts\Ben_Betts_0001.jpg,False,False,False,both,0.14811434298753737,liyapeng
fusion_weighted,shaofeng,C:\Users\tahak\ogproject\adaptiveface\data\rmfd\AFDB_face_dataset\shaofeng\1_0_shaofeng_0001.jpg,False,True,False,both,0.5068229556083679,shaofeng
fusion_weighted,Thomas_Bjorn,C:\Users\tahak\ogproject\adaptiveface\data\lfw\Thomas_Bjorn\Thomas_Bjorn_0002.jpg,False,False,False,both,0.13698623329401016,zhouhuimin
fusion_weighted,Intisar_Ajouri,C:\Users\tahak\ogproject\adaptiveface\data\lfw\Intisar_Ajouri\Intisar_Ajouri_0003.jpg,False,False,False,both,0.12539988309144973,hejiong
fusion_weighted,Elena_Tihomirova,C:\Users\tahak\ogproject\adaptiveface\data\lfw\Elena_Tihomirova\Elena_Tihomirova_0001.jpg,False,False,False,both,0.13745907694101334,zhangxueying
fusion_weighted,Nicanor_Duarte_Frutos,C:\Users\tahak\ogproject\adaptiveface\data\lfw\Nicanor_Duarte_Frutos\Nicanor_Duarte_Frutos_0010.jpg,False,False,False,both,0.14457581341266632,duwenze
fusion_weighted,huangzitao,C:\Users\tahak\ogproject\adaptiveface\data\rmfd\AFDB_masked_face_dataset\huangzitao\0_0_2.jpg,True,True,False,both,0.27952773272991177,huangzitao
fusion_weighted,zhangtianai,C:\Users\tahak\ogproject\adaptiveface\data\rmfd\AFDB_masked_face_dataset\zhangtianai\0_0_8.jpg,True,True,True,both,0.21318929195404054,huojianhua
fusion_weighted,Bernard_Law,C:\Users\tahak\ogproject\adaptiveface\data\lfw\Bernard_Law\Bernard_Law_0001.jpg,False,False,False,both,0.11128574982285498,zhangbinbin
fusion_weighted,Tyra_Banks,C:\Users\tahak\ogproject\adaptiveface\data\lfw\Tyra_Banks\Tyra_Banks_0002.jpg,False,False,False,both,0.13482762575149534,xuzheng
fusion_weighted,Michael_Phelps,C:\Users\tahak\ogproject\adaptiveface\data\lfw\Michael_Phelps\Michael_Phelps_0002.jpg,False,False,False,both,0.16285002380609512,huangrihua
fusion_weighted,Martha_Lucia_Ramirez,C:\Users\tahak\ogproject\adaptiveface\data\lfw\Martha_Lucia_Ramirez\Martha_Lucia_Ramirez_0002.jpg,False,False,False,both,0.1119784452021122,zhangbo
fusion_weighted,zhangyi,C:\Users\tahak\ogproject\adaptiveface\data\rmfd\AFDB_masked_face_dataset\zhangyi\0_0_0.jpg,True,True,True,both,0.23090203702449796,zhangyi
fusion_weighted,xuhao,C:\Users\tahak\ogproject\adaptiveface\data\rmfd\AFDB_masked_face_dataset\xuhao\0_0_0.jpg,True,True,False,both,0.5449509918689728,xuhao
fusion_weighted,Boris_Henry,C:\Users\tahak\ogproject\adaptiveface\data\lfw\Boris_Henry\Boris_Henry_0001.jpg,False,False,False,both,0.12297083586454391,jianailiang
fusion_weighted,lianghanwen,C:\Users\tahak\ogproject\adaptiveface\data\rmfd\AFDB_face_dataset\lianghanwen\1_0_lianghanwen_0181.jpg,False,True,False,both,0.2422557592391968,yumenglong
fusion_weighted,zhangluyi,C:\Users\tahak\ogproject\adaptiveface\data\rmfd\AFDB_masked_face_dataset\zhangluyi\0_0_0.png,True,True,True,both,0.39297644495964046,zhangluyi
fusion_weighted,maqiguang,C:\Users\tahak\ogproject\adaptiveface\data\rmfd\AFDB_face_dataset\maqiguang\1_0_maqiguang_0041.jpg,False,True,False,both,0.30531149357557297,maqiguang
fusion_weighted,liushishi,C:\Users\tahak\ogproject\adaptiveface\data\rmfd\AFDB_face_dataset\liushishi\1_0_liushishi_0149.jpg,False,True,False,both,0.27457769513130187,hanqingzi
fusion_weighted,guojingjing,C:\Users\tahak\ogproject\adaptiveface\data\rmfd\AFDB_face_dataset\guojingjing\0_0_guojingjing_0211.jpg,False,True,False,both,0.37171036154031756,guojingjing
fusion_weighted,luozhixiang,C:\Users\tahak\ogproject\adaptiveface\data\rmfd\AFDB_masked_face_dataset\luozhixiang\0_0_4.jpg,True,True,True,both,0.3129409343004227,yangqianhua
fusion_weighted,jianghongbo,C:\Users\tahak\ogproject\adaptiveface\data\rmfd\AFDB_masked_face_dataset\jianghongbo\0_0_0.jpg,True,True,True,both,0.3212398275732994,jianghongbo
fusion_weighted,yingcaier,C:\Users\tahak\ogproject\adaptiveface\data\rmfd\AFDB_face_dataset\yingcaier\1_0_yingcaier_0018.jpg,False,True,False,both,0.2885737687349319,zhangliangying
fusion_weighted,xudongdong,C:\Users\tahak\ogproject\adaptiveface\data\rmfd\AFDB_face_dataset\xudongdong\1_0_xudongdong_0234.jpg,False,True,False,both,0.37835921645164483,xudongdong
fusion_weighted,zhaoyihuan,C:\Users\tahak\ogproject\adaptiveface\data\rmfd\AFDB_face_dataset\zhaoyihuan\1_0_zhaoyihuan_0177.jpg,False,True,False,both,0.32062811553478243,zhuowenxuan
fusion_weighted,Ivan_Helguera,C:\Users\tahak\ogproject\adaptiveface\data\lfw\Ivan_Helguera\Ivan_Helguera_0001.jpg,False,False,False,both,0.1224343866109848,lixiang
fusion_weighted,jingbairan,C:\Users\tahak\ogproject\adaptiveface\data\rmfd\AFDB_masked_face_dataset\jingbairan\0_0_3.jpg,True,True,True,both,0.24148384369909762,wangluodan
fusion_weighted,luozhixiang,C:\Users\tahak\ogproject\adaptiveface\data\rmfd\AFDB_face_dataset\luozhixiang\0_0_luozhixiang_0011.jpg,False,True,False,both,0.19114887714385986,fengjianyu
fusion_weighted,lvjiarong,C:\Users\tahak\ogproject\adaptiveface\data\rmfd\AFDB_face_dataset\lvjiarong\0_0_lvjiarong_0130.jpg,False,True,False,both,0.24903256595134732,tanweiwei
fusion_weighted,zhengyecheng,C:\Users\tahak\ogproject\adaptiveface\data\rmfd\AFDB_face_dataset\zhengyecheng\1_0_zhengyecheng_0174.jpg,False,True,False,both,0.5181101620197296,zhengyecheng
fusion_weighted,Michael_Chiklis,C:\Users\tahak\ogproject\adaptiveface\data\lfw\Michael_Chiklis\Michael_Chiklis_0004.jpg,False,False,False,both,0.1823593586683273,ruanjingtian
fusion_weighted,tanweiwei,C:\Users\tahak\ogproject\adaptiveface\data\rmfd\AFDB_masked_face_dataset\tanweiwei\1_0_2.jpg,True,True,True,both,0.3100105881690979,lianghanwen
fusion_weighted,wangkai,C:\Users\tahak\ogproject\adaptiveface\data\rmfd\AFDB_face_dataset\wangkai\1_0_wangkai_0090.jpg,False,True,False,both,0.44467737972736354,wangkai
fusion_weighted,zhangbo,C:\Users\tahak\ogproject\adaptiveface\data\rmfd\AFDB_face_dataset\zhangbo\1_0_zhangbo_0212.jpg,False,True,False,both,0.42646678090095513,zhangbo
fusion_weighted,Asif_Hanif,C:\Users\tahak\ogproject\adaptiveface\data\lfw\Asif_Hanif\Asif_Hanif_0001.jpg,False,False,False,both,0.1581705793738365,liushishi
fusion_weighted,jiangkaitong,C:\Users\tahak\ogproject\adaptiveface\data\rmfd\AFDB_masked_face_dataset\jiangkaitong\0_0_10.jpg,True,True,False,both,0.3048689663410187,zhaoliying
fusion_weighted,panyueming,C:\Users\tahak\ogproject\adaptiveface\data\rmfd\AFDB_face_dataset\panyueming\1_0_panyueming_0150.jpg,False,True,False,both,0.5123391509056091,panyueming
fusion_weighted,hujing,C:\Users\tahak\ogproject\adaptiveface\data\rmfd\AFDB_face_dataset\hujing\1_0_hujing_0236.jpg,False,True,False,both,0.3883073419332504,hujing
fusion_weighted,lvjiarong,C:\Users\tahak\ogproject\adaptiveface\data\rmfd\AFDB_face_dataset\lvjiarong\0_0_lvjiarong_0002.jpg,False,True,False,both,0.3240567982196808,tanweiwei
fusion_weighted,Eduardo_Romero,C:\Users\tahak\ogproject\adaptiveface\data\lfw\Eduardo_Romero\Eduardo_Romero_0001.jpg,False,False,False,both,0.13565186262130738,zhourunfa
fusion_weighted,Celso_Amorim,C:\Users\tahak\ogproject\adaptiveface\data\lfw\Celso_Amorim\Celso_Amorim_0002.jpg,False,False,False,both,0.11012431010603904,xieanqi
fusion_weighted,zhouxun,C:\Users\tahak\ogproject\adaptiveface\data\rmfd\AFDB_masked_face_dataset\zhouxun\0_0_7.jpg,True,True,True,both,0.23041715621948242,zhouxun
fusion_weighted,Paul_Reiser,C:\Users\tahak\ogproject\adaptiveface\data\lfw\Paul_Reiser\Paul_Reiser_0001.jpg,False,False,False,both,0.12314956113696097,huangzhongkun
fusion_weighted,guojingfei,C:\Users\tahak\ogproject\adaptiveface\data\rmfd\AFDB_masked_face_dataset\guojingfei\0_0_0.jpg,True,True,True,both,0.23673033192753792,liuqianhan
fusion_weighted,yinzheng,C:\Users\tahak\ogproject\adaptiveface\data\rmfd\AFDB_face_dataset\yinzheng\1_0_yinzheng_0093.jpg,False,True,False,both,0.4236180424690246,yinzheng
fusion_weighted,songxiaobo,C:\Users\tahak\ogproject\adaptiveface\data\rmfd\AFDB_face_dataset\songxiaobo\0_0_songxiaobo_0175.jpg,False,True,False,both,0.22107243835926055,duwenze
fusion_weighted,hanqingzi,C:\Users\tahak\ogproject\adaptiveface\data\rmfd\AFDB_face_dataset\hanqingzi\1_0_hanqingzi_0029.jpg,False,True,False,both,0.30361569225788115,hanqingzi
fusion_weighted,yinengjing,C:\Users\tahak\ogproject\adaptiveface\data\rmfd\AFDB_masked_face_dataset\yinengjing\0_0_30.jpg,True,True,True,both,0.31773851513862605,yinengjing
fusion_weighted,lixiang,C:\Users\tahak\ogproject\adaptiveface\data\rmfd\AFDB_masked_face_dataset\lixiang\1_0_19.jpg,True,True,True,both,0.19622845053672788,liusongren
fusion_weighted,dazhangwei,C:\Users\tahak\ogproject\adaptiveface\data\rmfd\AFDB_masked_face_dataset\dazhangwei\1_1_16.jpg,True,True,True,both,0.280730327963829,jiangkaitong
fusion_weighted,liyifeng,C:\Users\tahak\ogproject\adaptiveface\data\rmfd\AFDB_masked_face_dataset\liyifeng\0_0_3.jpg,True,True,True,both,0.27421679496765133,xiaozhan
fusion_weighted,liushishi,C:\Users\tahak\ogproject\adaptiveface\data\rmfd\AFDB_face_dataset\liushishi\0_0_liushishi_0037.jpg,False,True,False,both,0.2853805273771286,liushishi
fusion_weighted,Eliane_Karp,C:\Users\tahak\ogproject\adaptiveface\data\lfw\Eliane_Karp\Eliane_Karp_0001.jpg,False,False,False,both,0.13372572660446166,huozun
fusion_weighted,weidaxun,C:\Users\tahak\ogproject\adaptiveface\data\rmfd\AFDB_masked_face_dataset\weidaxun\0_0_16.jpg,True,True,True,both,0.2977773264050484,liuxiang
fusion_weighted,zhangguoli,C:\Users\tahak\ogproject\adaptiveface\data\rmfd\AFDB_masked_face_dataset\zhangguoli\1_1_1.jpg,True,True,False,both,0.24673716872930523,chenkun
fusion_weighted,Carlos_Moya,C:\Users\tahak\ogproject\adaptiveface\data\lfw\Carlos_Moya\Carlos_Moya_0012.jpg,False,False,False,both,0.11901899576187133,liuxiang
fusion_weighted,wangyu,C:\Users\tahak\ogproject\adaptiveface\data\rmfd\AFDB_face_dataset\wangyu\0_0_wangyu_0164.jpg,False,True,False,both,0.3855966985225677,wangyu
fusion_weighted,zhangjingjing,C:\Users\tahak\ogproject\adaptiveface\data\rmfd\AFDB_face_dataset\zhangjingjing\1_0_zhangjingjing_0014.jpg,False,True,False,both,0.21275634765624998,jingbairan
fusion_weighted,linxinru,C:\Users\tahak\ogproject\adaptiveface\data\rmfd\AFDB_face_dataset\linxinru\0_0_linxinru_0135.jpg,False,True,False,both,0.4711295247077942,linxinru
fusion_weighted,qiuze,C:\Users\tahak\ogproject\adaptiveface\data\rmfd\AFDB_face_dataset\qiuze\1_0_qiuze_0011.jpg,False,True,False,both,0.5881823420524597,qiuze
fusion_weighted,zhangshaohan,C:\Users\tahak\ogproject\adaptiveface\data\rmfd\AFDB_face_dataset\zhangshaohan\1_0_zhangshaohan_0144.jpg,False,True,False,both,0.37967718839645387,zhangshaohan
fusion_weighted,Jimmy_Smits,C:\Users\tahak\ogproject\adaptiveface\data\lfw\Jimmy_Smits\Jimmy_Smits_0001.jpg,False,False,False,both,0.14473801478743553,zhaoyazhi
fusion_weighted,xieanqi,C:\Users\tahak\ogproject\adaptiveface\data\rmfd\AFDB_face_dataset\xieanqi\1_0_xieanqi_0048.jpg,False,True,False,both,0.32743334770202637,xieanqi
fusion_weighted,hejiong,C:\Users\tahak\ogproject\adaptiveface\data\rmfd\AFDB_masked_face_dataset\hejiong\0_0_3.jpg,True,True,True,both,0.28551399558782575,yuyi
fusion_weighted,zhaoyihuan,C:\Users\tahak\ogproject\adaptiveface\data\rmfd\AFDB_masked_face_dataset\zhaoyihuan\0_0_1.jpg,True,True,True,both,0.3967388689517975,liuyifei
fusion_weighted,huangxiaoming,C:\Users\tahak\ogproject\adaptiveface\data\rmfd\AFDB_masked_face_dataset\huangxiaoming\0_0_5.jpg,True,True,True,both,0.2832766681909561,lixiang
fusion_weighted,gongbeibi,C:\Users\tahak\ogproject\adaptiveface\data\rmfd\AFDB_face_dataset\gongbeibi\0_0_gongbeibi_0071.jpg,False,True,False,both,0.4368302941322327,gongbeibi
fusion_weighted,liuxiang,C:\Users\tahak\ogproject\adaptiveface\data\rmfd\AFDB_face_dataset\liuxiang\1_0_liuxiang_0156.jpg,False,True,False,both,0.4857983231544494,liuxiang
fusion_weighted,Roberto_Cercelletta,C:\Users\tahak\ogproject\adaptiveface\data\lfw\Roberto_Cercelletta\Roberto_Cercelletta_0001.jpg,False,False,False,both,0.1280506186187267,tongliya
fusion_weighted,linyuan,C:\Users\tahak\ogproject\adaptiveface\data\rmfd\AFDB_face_dataset\linyuan\1_0_linyuan_0170.jpg,False,True,False,both,0.31320203244686123,linyuan
fusion_weighted,Nicanor_Duarte_Frutos,C:\Users\tahak\ogproject\adaptiveface\data\lfw\Nicanor_Duarte_Frutos\Nicanor_Duarte_Frutos_0007.jpg,False,False,False,both,0.16442268192768095,liudehua
fusion_weighted,Zoran_Djindjic,C:\Users\tahak\ogproject\adaptiveface\data\lfw\Zoran_Djindjic\Zoran_Djindjic_0001.jpg,False,False,False,both,0.0939427264034748,yeyiqian
fusion_weighted,qiuze,C:\Users\tahak\ogproject\adaptiveface\data\rmfd\AFDB_masked_face_dataset\qiuze\0_0_0.jpg,True,True,True,both,0.5043029189109802,qiuze
fusion_weighted,chenxiang,C:\Users\tahak\ogproject\adaptiveface\data\rmfd\AFDB_masked_face_dataset\chenxiang\0_0_1.jpg,True,True,True,both,0.32516802549362184,chenxiang
fusion_weighted,Sammy_Sosa,C:\Users\tahak\ogproject\adaptiveface\data\lfw\Sammy_Sosa\Sammy_Sosa_0001.jpg,False,False,False,both,0.12866538763046265,mali
fusion_weighted,zhangluyi,C:\Users\tahak\ogproject\adaptiveface\data\rmfd\AFDB_face_dataset\zhangluyi\1_0_zhangluyi_0047.jpg,False,True,False,both,0.6464183509349822,zhangluyi
fusion_weighted,Mel_Gibson,C:\Users\tahak\ogproject\adaptiveface\data\lfw\Mel_Gibson\Mel_Gibson_0002.jpg,False,False,False,both,0.1348940134048462,yangqianhua
fusion_weighted,liuyifei,C:\Users\tahak\ogproject\adaptiveface\data\rmfd\AFDB_masked_face_dataset\liuyifei\0_0_0.jpg,True,True,True,both,0.3692808300256729,liuyifei
fusion_weighted,Ascencion_Barajas,C:\Users\tahak\ogproject\adaptiveface\data\lfw\Ascencion_Barajas\Ascencion_Barajas_0001.jpg,False,False,False,both,0.1166856124997139,jianailiang
fusion_weighted,Nicanor_Duarte_Frutos,C:\Users\tahak\ogproject\adaptiveface\data\lfw\Nicanor_Duarte_Frutos\Nicanor_Duarte_Frutos_0011.jpg,False,False,False,both,0.13786497861146926,zhengyecheng
fusion_weighted,Jason_Statham,C:\Users\tahak\ogproject\adaptiveface\data\lfw\Jason_Statham\Jason_Statham_0001.jpg,False,False,False,both,0.11209761723876,liuye
fusion_weighted,Brandon_Lloyd,C:\Users\tahak\ogproject\adaptiveface\data\lfw\Brandon_Lloyd\Brandon_Lloyd_0001.jpg,False,False,False,both,0.11618365049362181,guofucheng
fusion_weighted,jiangkaitong,C:\Users\tahak\ogproject\adaptiveface\data\rmfd\AFDB_masked_face_dataset\jiangkaitong\0_0_4.jpg,True,True,False,both,0.2459373652935028,jiangkaitong
fusion_weighted,liuye,C:\Users\tahak\ogproject\adaptiveface\data\rmfd\AFDB_masked_face_dataset\liuye\0_0_0.jpg,True,True,True,both,0.4727783590555191,liuye
fusion_weighted,Nicanor_Duarte_Frutos,C:\Users\tahak\ogproject\adaptiveface\data\lfw\Nicanor_Duarte_Frutos\Nicanor_Duarte_Frutos_0001.jpg,False,False,False,both,0.12260494008660315,zhengyecheng
fusion_weighted,Ian_McKellen,C:\Users\tahak\ogproject\adaptiveface\data\lfw\Ian_McKellen\Ian_McKellen_0001.jpg,False,False,False,both,0.12661494463682174,raowei
fusion_weighted,Tommy_Amaker,C:\Users\tahak\ogproject\adaptiveface\data\lfw\Tommy_Amaker\Tommy_Amaker_0001.jpg,False,False,False,both,0.10952094048261642,maoxiaotong
fusion_weighted,maoxiaotong,C:\Users\tahak\ogproject\adaptiveface\data\rmfd\AFDB_masked_face_dataset\maoxiaotong\0_0_19.jpg,True,True,True,both,0.3129361361265182,wangyuan
fusion_weighted,mali,C:\Users\tahak\ogproject\adaptiveface\data\rmfd\AFDB_masked_face_dataset\mali\0_0_2.jpg,True,True,True,both,0.4203598707914352,mali
fusion_weighted,liusongren,C:\Users\tahak\ogproject\adaptiveface\data\rmfd\AFDB_face_dataset\liusongren\1_0_liusongren_0104.jpg,False,True,False,both,0.5746899127960204,liusongren
fusion_weighted,liuqianhan,C:\Users\tahak\ogproject\adaptiveface\data\rmfd\AFDB_masked_face_dataset\liuqianhan\1_0_0.jpg,True,True,True,both,0.3453012809157371,liuqianhan
fusion_weighted,jiangyiyi,C:\Users\tahak\ogproject\adaptiveface\data\rmfd\AFDB_face_dataset\jiangyiyi\1_0_jiangyiyi_0067.jpg,False,True,False,both,0.3715141475200653,jiangyiyi
fusion_weighted,matianyu,C:\Users\tahak\ogproject\adaptiveface\data\rmfd\AFDB_face_dataset\matianyu\1_0_matianyu_0069.jpg,False,True,False,both,0.5785106599330901,matianyu
fusion_weighted,jianailiang,C:\Users\tahak\ogproject\adaptiveface\data\rmfd\AFDB_masked_face_dataset\jianailiang\1_0_1.jpg,True,True,True,both,0.20110099762678144,jiangkaitong
fusion_weighted,Bernard_Law,C:\Users\tahak\ogproject\adaptiveface\data\lfw\Bernard_Law\Bernard_Law_0004.jpg,False,False,False,both,0.10574012733995913,mali
fusion_weighted,chenkun,C:\Users\tahak\ogproject\adaptiveface\data\rmfd\AFDB_face_dataset\chenkun\1_0_chenkun_0050.jpg,False,True,False,both,0.45986548662185667,chenkun
fusion_weighted,licaihua,C:\Users\tahak\ogproject\adaptiveface\data\rmfd\AFDB_masked_face_dataset\licaihua\0_0_0.jpg,True,True,True,both,0.29313638210296633,licaihua
fusion_weighted,Bernard_Siegel,C:\Users\tahak\ogproject\adaptiveface\data\lfw\Bernard_Siegel\Bernard_Siegel_0001.jpg,False,False,False,both,0.10456347614526748,wangou
fusion_weighted,Kifah_Ajouri,C:\Users\tahak\ogproject\adaptiveface\data\lfw\Kifah_Ajouri\Kifah_Ajouri_0001.jpg,False,False,False,both,0.10919077694416046,guojingfei
fusion_weighted,guofucheng,C:\Users\tahak\ogproject\adaptiveface\data\rmfd\AFDB_masked_face_dataset\guofucheng\1_0_6.jpg,True,True,True,both,0.2816914439201355,guofucheng
fusion_weighted,wangkai,C:\Users\tahak\ogproject\adaptiveface\data\rmfd\AFDB_masked_face_dataset\wangkai\0_0_0.jpg,True,True,True,both,0.38107411861419677,wangkai
fusion_weighted,wangzuxian,C:\Users\tahak\ogproject\adaptiveface\data\rmfd\AFDB_masked_face_dataset\wangzuxian\0_0_16.jpg,True,True,True,both,0.3588638067245483,wangzuxian
fusion_weighted,tangwei,C:\Users\tahak\ogproject\adaptiveface\data\rmfd\AFDB_masked_face_dataset\tangwei\0_0_0.jpg,True,True,True,both,0.3176159292459488,tangwei
fusion_weighted,Carlos_Moya,C:\Users\tahak\ogproject\adaptiveface\data\lfw\Carlos_Moya\Carlos_Moya_0006.jpg,False,False,False,both,0.12802169099450111,mali
fusion_weighted,Martha_Lucia_Ramirez,C:\Users\tahak\ogproject\adaptiveface\data\lfw\Martha_Lucia_Ramirez\Martha_Lucia_Ramirez_0001.jpg,False,False,False,both,0.1771235242486,zhaoyazhi
fusion_weighted,zhangzifeng,C:\Users\tahak\ogproject\adaptiveface\data\rmfd\AFDB_masked_face_dataset\zhangzifeng\1_0_19.jpg,True,True,False,both,0.34449749141931535,zhangzifeng
fusion_weighted,caobingkun,C:\Users\tahak\ogproject\adaptiveface\data\rmfd\AFDB_masked_face_dataset\caobingkun\0_0_11.jpg,True,True,True,both,0.38029115796089175,caobingkun
fusion_weighted,liuruilin,C:\Users\tahak\ogproject\adaptiveface\data\rmfd\AFDB_face_dataset\liuruilin\1_0_liuruilin_0293.jpg,False,True,False,both,0.3142074942588806,liuruilin
fusion_weighted,fengjianyu,C:\Users\tahak\ogproject\adaptiveface\data\rmfd\AFDB_face_dataset\fengjianyu\1_0_fengjianyu_0103.jpg,False,True,False,both,0.2797552913427353,fengjianyu
fusion_weighted,handongjun,C:\Users\tahak\ogproject\adaptiveface\data\rmfd\AFDB_masked_face_dataset\handongjun\0_0_3.jpg,True,True,True,both,0.3247130751609802,zhengkai
fusion_weighted,shenmengchen,C:\Users\tahak\ogproject\adaptiveface\data\rmfd\AFDB_masked_face_dataset\shenmengchen\0_0_13.jpg,True,True,True,both,0.22596396356821058,mali
fusion_weighted,zhangluyi,C:\Users\tahak\ogproject\adaptiveface\data\rmfd\AFDB_face_dataset\zhangluyi\1_0_zhangluyi_0103.jpg,False,True,False,both,0.5980711460113526,zhangluyi
fusion_weighted,mali,C:\Users\tahak\ogproject\adaptiveface\data\rmfd\AFDB_masked_face_dataset\mali\0_0_0.jpg,True,True,True,both,0.4744919538497925,mali
fusion_weighted,lufangsheng,C:\Users\tahak\ogproject\adaptiveface\data\rmfd\AFDB_masked_face_dataset\lufangsheng\0_0_0.jpg,True,True,True,both,0.4083635687828064,lufangsheng
fusion_weighted,Zoran_Djindjic,C:\Users\tahak\ogproject\adaptiveface\data\lfw\Zoran_Djindjic\Zoran_Djindjic_0004.jpg,False,False,False,both,0.11192709282040596,zhangxueyou
fusion_weighted,xuzheng,C:\Users\tahak\ogproject\adaptiveface\data\rmfd\AFDB_face_dataset\xuzheng\1_0_xuzheng_0059.jpg,False,True,False,both,0.43793905377388,xuzheng
fusion_weighted,huojianhua,C:\Users\tahak\ogproject\adaptiveface\data\rmfd\AFDB_face_dataset\huojianhua\1_0_huojianhua_0128.jpg,False,True,False,both,0.39934062063694,huojianhua
fusion_weighted,xietingfeng,C:\Users\tahak\ogproject\adaptiveface\data\rmfd\AFDB_masked_face_dataset\xietingfeng\0_0_2.jpg,True,True,True,both,0.25851585566997526,xiaozhan
fusion_weighted,zhaoliying,C:\Users\tahak\ogproject\adaptiveface\data\rmfd\AFDB_masked_face_dataset\zhaoliying\1_1_23.jpg,True,True,True,both,0.2700475245714188,hujing
fusion_weighted,zhangguoli,C:\Users\tahak\ogproject\adaptiveface\data\rmfd\AFDB_face_dataset\zhangguoli\1_0_zhangguoli_0139.jpg,False,True,False,both,0.5261593520641327,zhangguoli
fusion_weighted,guofucheng,C:\Users\tahak\ogproject\adaptiveface\data\rmfd\AFDB_face_dataset\guofucheng\1_0_guofucheng_0024.jpg,False,True,False,both,0.4275527477264404,guofucheng
fusion_weighted,liuqianhan,C:\Users\tahak\ogproject\adaptiveface\data\rmfd\AFDB_face_dataset\liuqianhan\1_0_liuqianhan_0032.jpg,False,True,False,both,0.22124475464224813,zhuowenxuan
fusion_weighted,huashao,C:\Users\tahak\ogproject\adaptiveface\data\rmfd\AFDB_masked_face_dataset\huashao\0_0_0.jpg,True,True,True,both,0.18778457790613173,liuye
fusion_weighted,xiena,C:\Users\tahak\ogproject\adaptiveface\data\rmfd\AFDB_masked_face_dataset\xiena\0_0_8.jpg,True,True,True,both,0.21492391228675842,xuhao
fusion_weighted,linxinru,C:\Users\tahak\ogproject\adaptiveface\data\rmfd\AFDB_face_dataset\linxinru\1_0_linxinru_0242.jpg,False,True,False,both,0.430774438381195,linxinru
fusion_weighted,guanxiaotong,C:\Users\tahak\ogproject\adaptiveface\data\rmfd\AFDB_face_dataset\guanxiaotong\1_0_guanxiaotong_0016.jpg,False,True,False,both,0.38643544316291806,guanxiaotong
fusion_weighted,shuqi,C:\Users\tahak\ogproject\adaptiveface\data\rmfd\AFDB_face_dataset\shuqi\1_0_shuqi_0023.jpg,False,True,False,both,0.31867223381996157,zhouxun
fusion_weighted,lixirui,C:\Users\tahak\ogproject\adaptiveface\data\rmfd\AFDB_masked_face_dataset\lixirui\1_0_0.jpg,True,True,True,both,0.2677582591772079,lvyi
fusion_weighted,songqian,C:\Users\tahak\ogproject\adaptiveface\data\rmfd\AFDB_masked_face_dataset\songqian\1_0_17.jpg,True,True,True,both,0.2648479416966438,tongkeke
fusion_weighted,ruanjingtian,C:\Users\tahak\ogproject\adaptiveface\data\rmfd\AFDB_masked_face_dataset\ruanjingtian\0_0_1.jpg,True,True,True,both,0.3542372316122055,jiangjinfu
fusion_weighted,liyifeng,C:\Users\tahak\ogproject\adaptiveface\data\rmfd\AFDB_face_dataset\liyifeng\1_0_liyifeng_0142.jpg,False,True,False,both,0.40772081613540645,liyifeng
fusion_weighted,yanni,C:\Users\tahak\ogproject\adaptiveface\data\rmfd\AFDB_masked_face_dataset\yanni\0_0_13.jpg,True,True,True,both,0.20163815319538117,liusongren
fusion_weighted,caobingkun,C:\Users\tahak\ogproject\adaptiveface\data\rmfd\AFDB_face_dataset\caobingkun\1_0_caobingkun_0234.jpg,False,True,False,both,0.40756306946277615,caobingkun
fusion_weighted,chenfarong,C:\Users\tahak\ogproject\adaptiveface\data\rmfd\AFDB_face_dataset\chenfarong\1_0_chenfarong_0152.jpg,False,True,False,both,0.4984620362520218,chenfarong
fusion_weighted,yanni,C:\Users\tahak\ogproject\adaptiveface\data\rmfd\AFDB_face_dataset\yanni\1_0_yanni_0039.jpg,False,True,False,both,0.39167024493217467,yanni
fusion_weighted,tongliya,C:\Users\tahak\ogproject\adaptiveface\data\rmfd\AFDB_face_dataset\tongliya\0_0_tongliya_0169.jpg,False,True,False,both,0.6088144421577453,tongliya
fusion_weighted,zhengkai,C:\Users\tahak\ogproject\adaptiveface\data\rmfd\AFDB_masked_face_dataset\zhengkai\0_1_10.jpg,True,True,True,both,0.3133022874593735,huangxuan
fusion_weighted,huangbo,C:\Users\tahak\ogproject\adaptiveface\data\rmfd\AFDB_masked_face_dataset\huangbo\0_0_0.jpg,True,True,True,both,0.33327106237411497,huangbo
fusion_weighted,hujing,C:\Users\tahak\ogproject\adaptiveface\data\rmfd\AFDB_masked_face_dataset\hujing\0_0_33.jpg,True,True,True,both,0.402430921792984,hujing
fusion_weighted,chenxiang,C:\Users\tahak\ogproject\adaptiveface\data\rmfd\AFDB_face_dataset\chenxiang\1_0_chenxiang_0002.jpg,False,True,False,both,0.2557709068059921,chenxiang
fusion_weighted,mowenwei,C:\Users\tahak\ogproject\adaptiveface\data\rmfd\AFDB_masked_face_dataset\mowenwei\0_0_1.jpg,True,True,True,both,0.20682801008224488,liusongren
fusion_weighted,huangbo,C:\Users\tahak\ogproject\adaptiveface\data\rmfd\AFDB_masked_face_dataset\huangbo\0_0_1.jpg,True,True,True,both,0.3411233007907868,huangbo
fusion_weighted,masichun,C:\Users\tahak\ogproject\adaptiveface\data\rmfd\AFDB_face_dataset\masichun\1_0_masichun_0171.jpg,False,True,False,both,0.44179936051368707,masichun
fusion_weighted,caizhuoyan,C:\Users\tahak\ogproject\adaptiveface\data\rmfd\AFDB_face_dataset\caizhuoyan\1_0_caizhuoyan_0077.jpg,False,True,False,both,0.36563947200775143,caizhuoyan
fusion_weighted,chenjiaqi,C:\Users\tahak\ogproject\adaptiveface\data\rmfd\AFDB_masked_face_dataset\chenjiaqi\0_0_0.jpg,True,True,True,both,0.2466733381152153,wangxiaomin
fusion_weighted,Ian_McKellen,C:\Users\tahak\ogproject\adaptiveface\data\lfw\Ian_McKellen\Ian_McKellen_0003.jpg,False,False,False,both,0.15109005421400068,lianghanwen
fusion_weighted,shuqi,C:\Users\tahak\ogproject\adaptiveface\data\rmfd\AFDB_masked_face_dataset\shuqi\0_0_3.jpg,True,True,True,both,0.27276497036218644,raowei
fusion_weighted,Carlos_Moya,C:\Users\tahak\ogproject\adaptiveface\data\lfw\Carlos_Moya\Carlos_Moya_0011.jpg,False,False,False,both,0.11699823886156083,gongbeibi
fusion_weighted,linxinru,C:\Users\tahak\ogproject\adaptiveface\data\rmfd\AFDB_masked_face_dataset\linxinru\0_0_9.jpg,True,True,True,both,0.3161654233932495,linxinru
fusion_weighted,liuxiang,C:\Users\tahak\ogproject\adaptiveface\data\rmfd\AFDB_masked_face_dataset\liuxiang\1_0_11.jpg,True,True,True,both,0.2574533313512802,zhangbo
fusion_weighted,xiongdailin,C:\Users\tahak\ogproject\adaptiveface\data\rmfd\AFDB_face_dataset\xiongdailin\1_0_xiongdailin_0027.jpg,False,True,False,both,0.5869703412055969,xiongdailin
fusion_weighted,lidaimo,C:\Users\tahak\ogproject\adaptiveface\data\rmfd\AFDB_face_dataset\lidaimo\1_0_lidaimo_0207.jpg,False,True,False,both,0.37898328006267545,lidaimo
fusion_weighted,Nicanor_Duarte_Frutos,C:\Users\tahak\ogproject\adaptiveface\data\lfw\Nicanor_Duarte_Frutos\Nicanor_Duarte_Frutos_0008.jpg,False,False,False,both,0.1466741234064102,zhangxueyou
fusion_weighted,fengjianyu,C:\Users\tahak\ogproject\adaptiveface\data\rmfd\AFDB_face_dataset\fengjianyu\0_0_fengjianyu_0016.jpg,False,True,False,both,0.29624178707599635,fengjianyu
fusion_weighted,Kenneth_Brill,C:\Users\tahak\ogproject\adaptiveface\data\lfw\Kenneth_Brill\Kenneth_Brill_0001.jpg,False,False,False,both,0.10843244418501853,yangqianhua
fusion_weighted,panyueming,C:\Users\tahak\ogproject\adaptiveface\data\rmfd\AFDB_masked_face_dataset\panyueming\0_0_0.jpg,True,True,True,both,0.2189861550927162,huangzhongkun
fusion_weighted,caiguoqing,C:\Users\tahak\ogproject\adaptiveface\data\rmfd\AFDB_face_dataset\caiguoqing\1_0_caiguoqing_0126.jpg,False,True,False,both,0.5317898094654083,caiguoqing
fusion_weighted,xiongdailin,C:\Users\tahak\ogproject\adaptiveface\data\rmfd\AFDB_face_dataset\xiongdailin\1_0_xiongdailin_0083.jpg,False,True,False,both,0.6772978246212005,xiongdailin
fusion_weighted,liuruilin,C:\Users\tahak\ogproject\adaptiveface\data\rmfd\AFDB_masked_face_dataset\liuruilin\0_0_0.jpg,True,True,True,both,0.28774206042289735,jiangkaitong
fusion_weighted,masichun,C:\Users\tahak\ogproject\adaptiveface\data\rmfd\AFDB_masked_face_dataset\masichun\0_0_4.png,True,True,True,both,0.38163817822933194,xuhao
fusion_weighted,Carlo_Ancelotti,C:\Users\tahak\ogproject\adaptiveface\data\lfw\Carlo_Ancelotti\Carlo_Ancelotti_0001.jpg,False,False,False,both,0.12754002958536148,zhourunfa
fusion_weighted,lanyingying,C:\Users\tahak\ogproject\adaptiveface\data\rmfd\AFDB_masked_face_dataset\lanyingying\1_1_2.jpg,True,True,True,both,0.35199280381202697,lanyingying
fusion_weighted,sunyizhou,C:\Users\tahak\ogproject\adaptiveface\data\rmfd\AFDB_face_dataset\sunyizhou\0_0_sunyizhou_0046.jpg,False,True,False,both,0.47469685077667234,sunyizhou
fusion_weighted,xudongdong,C:\Users\tahak\ogproject\adaptiveface\data\rmfd\AFDB_face_dataset\xudongdong\1_0_xudongdong_0188.jpg,False,True,False,both,0.34111853539943693,xudongdong
fusion_weighted,huangxiaoming,C:\Users\tahak\ogproject\adaptiveface\data\rmfd\AFDB_face_dataset\huangxiaoming\1_0_huangxiaoming_0199.jpg,False,True,False,both,0.3761466860771179,huangxiaoming
fusion_weighted,gulinazha,C:\Users\tahak\ogproject\adaptiveface\data\rmfd\AFDB_face_dataset\gulinazha\0_0_gulinazha_0104.jpg,False,True,False,both,0.39400689601898187,gulinazha
fusion_weighted,chenyi,C:\Users\tahak\ogproject\adaptiveface\data\rmfd\AFDB_face_dataset\chenyi\1_0_chenyi_0076.jpg,False,True,False,both,0.5334050834178924,chenyi
fusion_weighted,Zach_Safrin,C:\Users\tahak\ogproject\adaptiveface\data\lfw\Zach_Safrin\Zach_Safrin_0001.jpg,False,False,False,both,0.13507190868258476,lvjiarong
fusion_weighted,Pascal_Rheaume,C:\Users\tahak\ogproject\adaptiveface\data\lfw\Pascal_Rheaume\Pascal_Rheaume_0001.jpg,False,False,False,both,0.11889484524726868,zhangyi
fusion_weighted,jingbairan,C:\Users\tahak\ogproject\adaptiveface\data\rmfd\AFDB_face_dataset\jingbairan\1_0_jingbairan_0103.jpg,False,True,False,both,0.49239351749420157,jingbairan
fusion_weighted,zhangxueying,C:\Users\tahak\ogproject\adaptiveface\data\rmfd\AFDB_masked_face_dataset\zhangxueying\0_0_1.jpg,True,True,True,both,0.3811835587024689,zhangxueying
fusion_weighted,xuzheng,C:\Users\tahak\ogproject\adaptiveface\data\rmfd\AFDB_masked_face_dataset\xuzheng\0_0_11.jpg,True,True,False,both,0.12811173647642135,zhangbo
fusion_weighted,huashao,C:\Users\tahak\ogproject\adaptiveface\data\rmfd\AFDB_face_dataset\huashao\0_0_huashao_0109.jpg,False,True,False,both,0.21338973641395567,fengjianyu
fusion_weighted,guojingjing,C:\Users\tahak\ogproject\adaptiveface\data\rmfd\AFDB_face_dataset\guojingjing\0_0_guojingjing_0005.jpg,False,True,False,both,0.431660383939743,guojingjing
fusion_weighted,Carlo_Ancelotti,C:\Users\tahak\ogproject\adaptiveface\data\lfw\Carlo_Ancelotti\Carlo_Ancelotti_0002.jpg,False,False,False,both,0.1262732446193695,zhourunfa
fusion_weighted,Keith_Bogans,C:\Users\tahak\ogproject\adaptiveface\data\lfw\Keith_Bogans\Keith_Bogans_0002.jpg,False,False,False,both,0.13696663379669188,zhangbinbin
fusion_weighted,fengjianyu,C:\Users\tahak\ogproject\adaptiveface\data\rmfd\AFDB_masked_face_dataset\fengjianyu\0_0_0.jpg,True,True,True,both,0.24511898010969163,fengjianyu
fusion_weighted,zhangxueyou,C:\Users\tahak\ogproject\adaptiveface\data\rmfd\AFDB_masked_face_dataset\zhangxueyou\0_0_0.jpg,True,True,True,both,0.4032634198665619,zhangxueyou
fusion_weighted,maoxiaotong,C:\Users\tahak\ogproject\adaptiveface\data\rmfd\AFDB_face_dataset\maoxiaotong\1_0_maoxiaotong_0037.jpg,False,True,False,both,0.29969800412654873,maoxiaotong
fusion_weighted,wulei,C:\Users\tahak\ogproject\adaptiveface\data\rmfd\AFDB_face_dataset\wulei\1_0_wulei_0131.jpg,False,True,False,both,0.3059423834085464,wulei
fusion_weighted,gutianle,C:\Users\tahak\ogproject\adaptiveface\data\rmfd\AFDB_masked_face_dataset\gutianle\0_1_6.jpg,True,True,True,both,0.360252445936203,huge
fusion_weighted,gutianle,C:\Users\tahak\ogproject\adaptiveface\data\rmfd\AFDB_face_dataset\gutianle\1_0_gutianle_0124.jpg,False,True,False,both,0.5408216059207915,gutianle
fusion_weighted,liuqianhan,C:\Users\tahak\ogproject\adaptiveface\data\rmfd\AFDB_face_dataset\liuqianhan\1_0_liuqianhan_0255.jpg,False,True,False,both,0.5112919509410858,liuqianhan
fusion_weighted,huangzitao,C:\Users\tahak\ogproject\adaptiveface\data\rmfd\AFDB_masked_face_dataset\huangzitao\0_0_11.jpg,True,True,False,both,0.20745897740125657,wangyuan
fusion_weighted,Carlos_Moya,C:\Users\tahak\ogproject\adaptiveface\data\lfw\Carlos_Moya\Carlos_Moya_0008.jpg,False,False,False,both,0.1282298058271408,zhaoliying
fusion_weighted,Rafeeuddin_Ahmed,C:\Users\tahak\ogproject\adaptiveface\data\lfw\Rafeeuddin_Ahmed\Rafeeuddin_Ahmed_0001.jpg,False,False,False,both,0.09753000140190124,wangkai
fusion_weighted,zhouxun,C:\Users\tahak\ogproject\adaptiveface\data\rmfd\AFDB_face_dataset\zhouxun\0_0_zhouxun_0157.jpg,False,True,False,both,0.3545926362276077,wangou
fusion_weighted,zhaoyihuan,C:\Users\tahak\ogproject\adaptiveface\data\rmfd\AFDB_masked_face_dataset\zhaoyihuan\0_0_0.jpg,True,True,True,both,0.353283354640007,liuyifei
fusion_weighted,wangou,C:\Users\tahak\ogproject\adaptiveface\data\rmfd\AFDB_face_dataset\wangou\1_0_wangou_0203.jpg,False,True,False,both,0.3831203699111938,wangou
fusion_weighted,licaihua,C:\Users\tahak\ogproject\adaptiveface\data\rmfd\AFDB_face_dataset\licaihua\0_0_licaihua_0197.jpg,False,True,False,both,0.4801754593849182,licaihua
fusion_weighted,mowenwei,C:\Users\tahak\ogproject\adaptiveface\data\rmfd\AFDB_face_dataset\mowenwei\1_0_mowenwei_0050.jpg,False,True,False,both,0.42226419448852537,mowenwei
fusion_weighted,caobingkun,C:\Users\tahak\ogproject\adaptiveface\data\rmfd\AFDB_face_dataset\caobingkun\0_0_caobingkun_0198.jpg,False,True,False,both,0.5321810454130173,caobingkun
fusion_weighted,liusongren,C:\Users\tahak\ogproject\adaptiveface\data\rmfd\AFDB_face_dataset\liusongren\1_0_liusongren_0081.jpg,False,True,False,both,0.5820316433906555,liusongren
fusion_weighted,wulei,C:\Users\tahak\ogproject\adaptiveface\data\rmfd\AFDB_face_dataset\wulei\1_0_wulei_0069.jpg,False,True,False,both,0.3259272396564483,wulei
fusion_weighted,guanxiaotong,C:\Users\tahak\ogproject\adaptiveface\data\rmfd\AFDB_masked_face_dataset\guanxiaotong\0_0_29.jpg,True,True,True,both,0.26209298670291903,zhangxueying
fusion_weighted,yangzi,C:\Users\tahak\ogproject\adaptiveface\data\rmfd\AFDB_masked_face_dataset\yangzi\0_0_25.jpg,True,True,True,both,0.2278576299548149,zhangxueying
fusion_weighted,tongkeke,C:\Users\tahak\ogproject\adaptiveface\data\rmfd\AFDB_masked_face_dataset\tongkeke\0_0_3.jpg,True,True,True,both,0.6241212308406829,tongkeke
fusion_weighted,Tyrone_Medley,C:\Users\tahak\ogproject\adaptiveface\data\lfw\Tyrone_Medley\Tyrone_Medley_0001.jpg,False,False,False,both,0.11912475898861885,guojingjing
fusion_weighted,dingding,C:\Users\tahak\ogproject\adaptiveface\data\rmfd\AFDB_face_dataset\dingding\1_0_dingding_0011.jpg,False,True,False,both,0.27978848814964297,liuyifei
fusion_weighted,Tim_Conway,C:\Users\tahak\ogproject\adaptiveface\data\lfw\Tim_Conway\Tim_Conway_0002.jpg,False,False,False,both,0.11678441464900968,chenkun
fusion_weighted,Lawrence_MacAulay,C:\Users\tahak\ogproject\adaptiveface\data\lfw\Lawrence_MacAulay\Lawrence_MacAulay_0001.jpg,False,False,False,both,0.12664390504360198,huangzhongkun
fusion_weighted,lanyingying,C:\Users\tahak\ogproject\adaptiveface\data\rmfd\AFDB_masked_face_dataset\lanyingying\1_0_2.jpg,True,True,True,both,0.23339396119117733,lanyingying
fusion_weighted,matianyu,C:\Users\tahak\ogproject\adaptiveface\data\rmfd\AFDB_masked_face_dataset\matianyu\0_0_0.jpg,True,True,True,both,0.2805111944675446,yangqianhua
fusion_weighted,linjing,C:\Users\tahak\ogproject\adaptiveface\data\rmfd\AFDB_masked_face_dataset\linjing\0_0_0.jpeg,True,True,False,both,0.3039162278175354,gulinazha
fusion_weighted,wangluodan,C:\Users\tahak\ogproject\adaptiveface\data\rmfd\AFDB_face_dataset\wangluodan\1_0_wangluodan_0010.jpg,False,True,False,both,0.4122174620628357,wangluodan
fusion_weighted,Mark_Hurlbert,C:\Users\tahak\ogproject\adaptiveface\data\lfw\Mark_Hurlbert\Mark_Hurlbert_0003.jpg,False,False,False,both,0.11624950170516968,jianailiang
fusion_weighted,songxiaobo,C:\Users\tahak\ogproject\adaptiveface\data\rmfd\AFDB_masked_face_dataset\songxiaobo\0_0_1.jpg,True,True,True,both,0.30424509644508363,liuxiang
fusion_weighted,raowei,C:\Users\tahak\ogproject\adaptiveface\data\rmfd\AFDB_face_dataset\raowei\1_0_raowei_0010.jpg,False,True,False,both,0.4244716465473175,huangzitao
fusion_weighted,hanqingzi,C:\Users\tahak\ogproject\adaptiveface\data\rmfd\AFDB_face_dataset\hanqingzi\1_0_hanqingzi_0133.jpg,False,True,False,both,0.3118172228336334,hanqingzi
fusion_weighted,Billy_Sollie,C:\Users\tahak\ogproject\adaptiveface\data\lfw\Billy_Sollie\Billy_Sollie_0002.jpg,False,False,False,both,0.14656164199113844,hanqingzi
fusion_weighted,huangxiaoming,C:\Users\tahak\ogproject\adaptiveface\data\rmfd\AFDB_face_dataset\huangxiaoming\1_0_huangxiaoming_0088.jpg,False,True,False,both,0.45776601433753966,huangxiaoming
fusion_weighted,lianghanwen,C:\Users\tahak\ogproject\adaptiveface\data\rmfd\AFDB_face_dataset\lianghanwen\1_0_lianghanwen_0210.jpg,False,True,False,both,0.45343684554100033,lianghanwen
fusion_weighted,Carlos_Moya,C:\Users\tahak\ogproject\adaptiveface\data\lfw\Carlos_Moya\Carlos_Moya_0013.jpg,False,False,False,both,0.10696548148989676,panyueming
fusion_weighted,zhaoyazhi,C:\Users\tahak\ogproject\adaptiveface\data\rmfd\AFDB_masked_face_dataset\zhaoyazhi\1_1_6.jpg,True,True,True,both,0.21168292611837386,mali
fusion_weighted,liyifeng,C:\Users\tahak\ogproject\adaptiveface\data\rmfd\AFDB_masked_face_dataset\liyifeng\0_0_13.jpg,True,True,True,both,0.310471847653389,xiaozhan
fusion_weighted,xiaozhan,C:\Users\tahak\ogproject\adaptiveface\data\rmfd\AFDB_face_dataset\xiaozhan\0_0_xiaozhan_0191.jpg,False,True,False,both,0.48973812758922575,xiaozhan
fusion_weighted,Carlos_Moya,C:\Users\tahak\ogproject\adaptiveface\data\lfw\Carlos_Moya\Carlos_Moya_0001.jpg,False,False,False,both,0.11776579916477202,wangqing
fusion_weighted,zhangyi,C:\Users\tahak\ogproject\adaptiveface\data\rmfd\AFDB_face_dataset\zhangyi\1_0_zhangyi_0256.jpg,False,True,False,both,0.4422233611345291,zhangyi
fusion_weighted,zhangxinyu,C:\Users\tahak\ogproject\adaptiveface\data\rmfd\AFDB_masked_face_dataset\zhangxinyu\1_0_0.jpg,True,True,False,both,0.2799291282892227,gulinazha
fusion_weighted,Keith_Bogans,C:\Users\tahak\ogproject\adaptiveface\data\lfw\Keith_Bogans\Keith_Bogans_0003.jpg,False,False,False,both,0.13817405700683594,zhangbinbin
fusion_weighted,xinzhilei,C:\Users\tahak\ogproject\adaptiveface\data\rmfd\AFDB_face_dataset\xinzhilei\1_0_xinzhilei_0068.jpg,False,True,False,both,0.3897842913866043,xinzhilei
fusion_weighted,Nicanor_Duarte_Frutos,C:\Users\tahak\ogproject\adaptiveface\data\lfw\Nicanor_Duarte_Frutos\Nicanor_Duarte_Frutos_0004.jpg,False,False,False,both,0.142389789968729,xiaozhan
fusion_weighted,zhanghuiwen,C:\Users\tahak\ogproject\adaptiveface\data\rmfd\AFDB_masked_face_dataset\zhanghuiwen\0_0_2.jpg,True,True,True,both,0.32447431087493894,zhanghuiwen
fusion_weighted,Claudia_Coslovich,C:\Users\tahak\ogproject\adaptiveface\data\lfw\Claudia_Coslovich\Claudia_Coslovich_0001.jpg,False,False,False,both,0.14112788289785383,zhangjingjing
fusion_weighted,Intisar_Ajouri,C:\Users\tahak\ogproject\adaptiveface\data\lfw\Intisar_Ajouri\Intisar_Ajouri_0002.jpg,False,False,False,both,0.13877292573451994,guofucheng
fusion_weighted,Carlos_Moya,C:\Users\tahak\ogproject\adaptiveface\data\lfw\Carlos_Moya\Carlos_Moya_0016.jpg,False,False,False,both,0.10278295278549193,zhanghuiwen
fusion_weighted,wangxiaomin,C:\Users\tahak\ogproject\adaptiveface\data\rmfd\AFDB_face_dataset\wangxiaomin\0_0_wangxiaomin_0179.jpg,False,True,False,both,0.38301862180233,wangxiaomin
fusion_weighted,weidaxun,C:\Users\tahak\ogproject\adaptiveface\data\rmfd\AFDB_face_dataset\weidaxun\1_0_weidaxun_0097.jpg,False,True,False,both,0.3597213804721832,weidaxun
fusion_weighted,tangwei,C:\Users\tahak\ogproject\adaptiveface\data\rmfd\AFDB_face_dataset\tangwei\1_0_tangwei_0239.jpg,False,True,False,both,0.5660055994987487,tangwei
fusion_weighted,Thomas_Bjorn,C:\Users\tahak\ogproject\adaptiveface\data\lfw\Thomas_Bjorn\Thomas_Bjorn_0001.jpg,False,False,False,both,0.10786412060260772,jianghongbo
fusion_weighted,Carlos_Moya,C:\Users\tahak\ogproject\adaptiveface\data\lfw\Carlos_Moya\Carlos_Moya_0007.jpg,False,False,False,both,0.1041369155049324,liuruilin
fusion_weighted,zhouhuimin,C:\Users\tahak\ogproject\adaptiveface\data\rmfd\AFDB_masked_face_dataset\zhouhuimin\0_0_0.jpg,True,True,True,both,0.3587220624089241,lvjiarong
fusion_weighted,Russell_Crowe,C:\Users\tahak\ogproject\adaptiveface\data\lfw\Russell_Crowe\Russell_Crowe_0001.jpg,False,False,False,both,0.17248836606740953,zhangbo
fusion_weighted,zhanghuiwen,C:\Users\tahak\ogproject\adaptiveface\data\rmfd\AFDB_face_dataset\zhanghuiwen\1_0_zhanghuiwen_0016.jpg,False,True,False,both,0.37062908411025997,zhanghuiwen
fusion_weighted,dingding,C:\Users\tahak\ogproject\adaptiveface\data\rmfd\AFDB_masked_face_dataset\dingding\0_0_5.jpg,True,True,False,both,0.23354070484638212,wangyuan
fusion_weighted,lianghanwen,C:\Users\tahak\ogproject\adaptiveface\data\rmfd\AFDB_masked_face_dataset\lianghanwen\0_0_0.jpg,True,True,True,both,0.2495046392083168,zhangxueyou
fusion_weighted,caiyilin,C:\Users\tahak\ogproject\adaptiveface\data\rmfd\AFDB_face_dataset\caiyilin\1_0_caiyilin_0132.jpg,False,True,False,both,0.2784962937235832,caiyilin
fusion_weighted,Carlos_Moya,C:\Users\tahak\ogproject\adaptiveface\data\lfw\Carlos_Moya\Carlos_Moya_0019.jpg,False,False,False,both,0.12411675974726677,lianghanwen
fusion_weighted,tongkeke,C:\Users\tahak\ogproject\adaptiveface\data\rmfd\AFDB_face_dataset\tongkeke\1_0_tongkeke_0067.jpg,False,True,False,both,0.41959208548068994,tongkeke
fusion_weighted,Pete_Rose,C:\Users\tahak\ogproject\adaptiveface\data\lfw\Pete_Rose\Pete_Rose_0002.jpg,False,False,False,both,0.14000695049762724,yinengjing
fusion_weighted,zhouhuimin,C:\Users\tahak\ogproject\adaptiveface\data\rmfd\AFDB_face_dataset\zhouhuimin\1_0_zhouhuimin_0212.jpg,False,True,False,both,0.534069275856018,zhouhuimin
fusion_weighted,wangou,C:\Users\tahak\ogproject\adaptiveface\data\rmfd\AFDB_masked_face_dataset\wangou\0_0_0.jpg,True,True,True,both,0.2834378987550735,lanyingying
fusion_weighted,Carlos_Moya,C:\Users\tahak\ogproject\adaptiveface\data\lfw\Carlos_Moya\Carlos_Moya_0009.jpg,False,False,False,both,0.125948516279459,lianghanwen
fusion_weighted,Tim_Conway,C:\Users\tahak\ogproject\adaptiveface\data\lfw\Tim_Conway\Tim_Conway_0001.jpg,False,False,False,both,0.10350517034530639,wangkai
fusion_weighted,Martha_Lucia_Ramirez,C:\Users\tahak\ogproject\adaptiveface\data\lfw\Martha_Lucia_Ramirez\Martha_Lucia_Ramirez_0003.jpg,False,False,False,both,0.16341657042503355,yuyi
fusion_weighted,Nicanor_Duarte_Frutos,C:\Users\tahak\ogproject\adaptiveface\data\lfw\Nicanor_Duarte_Frutos\Nicanor_Duarte_Frutos_0009.jpg,False,False,False,both,0.13439771085977553,xiaozhan
fusion_weighted,Nicolas_Kiefer,C:\Users\tahak\ogproject\adaptiveface\data\lfw\Nicolas_Kiefer\Nicolas_Kiefer_0001.jpg,False,False,False,both,0.1305693045258522,zhourunfa
fusion_weighted,qinjunjie,C:\Users\tahak\ogproject\adaptiveface\data\rmfd\AFDB_face_dataset\qinjunjie\1_0_qinjunjie_0079.jpg,False,True,False,both,0.2998114675283432,qinjunjie
fusion_weighted,guofucheng,C:\Users\tahak\ogproject\adaptiveface\data\rmfd\AFDB_masked_face_dataset\guofucheng\0_0_7.jpg,True,True,True,both,0.30346237756311895,wangluodan
fusion_weighted,Bilal_Erdogan,C:\Users\tahak\ogproject\adaptiveface\data\lfw\Bilal_Erdogan\Bilal_Erdogan_0001.jpg,False,False,False,both,0.12025215327739715,xiongdailin
fusion_weighted,Robert_Wagner,C:\Users\tahak\ogproject\adaptiveface\data\lfw\Robert_Wagner\Robert_Wagner_0001.jpg,False,False,False,both,0.14128675013780592,huojianhua
fusion_weighted,xinzhilei,C:\Users\tahak\ogproject\adaptiveface\data\rmfd\AFDB_masked_face_dataset\xinzhilei\0_0_0.jpg,True,True,True,both,0.21634144335985184,wangxiaomin
fusion_weighted,huozun,C:\Users\tahak\ogproject\adaptiveface\data\rmfd\AFDB_masked_face_dataset\huozun\0_0_4.jpg,True,True,True,both,0.33863505125045773,huozun
fusion_weighted,qiuze,C:\Users\tahak\ogproject\adaptiveface\data\rmfd\AFDB_masked_face_dataset\qiuze\0_0_2.jpg,True,True,True,both,0.41557866930961607,qiuze
fusion_weighted,gulinazha,C:\Users\tahak\ogproject\adaptiveface\data\rmfd\AFDB_face_dataset\gulinazha\1_0_gulinazha_0027.jpg,False,True,False,both,0.38909241557121277,gulinazha
fusion_weighted,jiangjinfu,C:\Users\tahak\ogproject\adaptiveface\data\rmfd\AFDB_face_dataset\jiangjinfu\1_0_jiangjinfu_0043.jpg,False,True,False,both,0.5237726271152496,jiangjinfu
fusion_weighted,chenfarong,C:\Users\tahak\ogproject\adaptiveface\data\rmfd\AFDB_masked_face_dataset\chenfarong\0_0_0.jpg,True,True,True,both,0.3532926112413406,yangzi
fusion_weighted,yeyiqian,C:\Users\tahak\ogproject\adaptiveface\data\rmfd\AFDB_face_dataset\yeyiqian\1_0_yeyiqian_0040.jpg,False,True,False,both,0.30784639418125154,yeyiqian
fusion_weighted,caiyilin,C:\Users\tahak\ogproject\adaptiveface\data\rmfd\AFDB_face_dataset\caiyilin\1_0_caiyilin_0047.jpg,False,True,False,both,0.5536835551261902,caiyilin
fusion_weighted,Eliane_Karp,C:\Users\tahak\ogproject\adaptiveface\data\lfw\Eliane_Karp\Eliane_Karp_0004.jpg,False,False,False,both,0.13149153292179105,wangqing
fusion_weighted,yanni,C:\Users\tahak\ogproject\adaptiveface\data\rmfd\AFDB_face_dataset\yanni\1_0_yanni_0106.jpg,False,True,False,both,0.5272965610027313,yanni
fusion_weighted,luozhixiang,C:\Users\tahak\ogproject\adaptiveface\data\rmfd\AFDB_face_dataset\luozhixiang\1_0_luozhixiang_0057.jpg,False,True,False,both,0.29345174729824064,yinengjing
fusion_weighted,liyapeng,C:\Users\tahak\ogproject\adaptiveface\data\rmfd\AFDB_masked_face_dataset\liyapeng\0_0_0.jpg,True,True,True,both,0.32372626662254333,liyapeng
fusion_weighted,liuyifei,C:\Users\tahak\ogproject\adaptiveface\data\rmfd\AFDB_face_dataset\liuyifei\1_0_liuyifei_0098.jpg,False,True,False,both,0.24758560359477996,liuyifei
fusion_weighted,gulinazha,C:\Users\tahak\ogproject\adaptiveface\data\rmfd\AFDB_masked_face_dataset\gulinazha\0_0_18.jpg,True,True,True,both,0.41946486234664915,gulinazha
fusion_weighted,Lawrence_MacAulay,C:\Users\tahak\ogproject\adaptiveface\data\lfw\Lawrence_MacAulay\Lawrence_MacAulay_0002.jpg,False,False,False,both,0.14261076673865317,huangzhongkun
fusion_weighted,Bernard_Landry,C:\Users\tahak\ogproject\adaptiveface\data\lfw\Bernard_Landry\Bernard_Landry_0002.jpg,False,False,False,both,0.14058849439024926,qiuze
fusion_weighted,wulei,C:\Users\tahak\ogproject\adaptiveface\data\rmfd\AFDB_masked_face_dataset\wulei\0_0_1.jpg,True,True,True,both,0.21665199995040893,xuhao
fusion_weighted,guojingfei,C:\Users\tahak\ogproject\adaptiveface\data\rmfd\AFDB_face_dataset\guojingfei\1_0_guojingfei_0126.jpg,False,True,False,both,0.4032565593719482,guojingfei
fusion_weighted,xuezhiqian,C:\Users\tahak\ogproject\adaptiveface\data\rmfd\AFDB_masked_face_dataset\xuezhiqian\1_0_14.jpg,True,True,True,both,0.1896851286292076,wangzuxian
fusion_weighted,Michael_Phelps,C:\Users\tahak\ogproject\adaptiveface\data\lfw\Michael_Phelps\Michael_Phelps_0001.jpg,False,False,False,both,0.1798987716436386,mali
fusion_weighted,Dino_Risi,C:\Users\tahak\ogproject\adaptiveface\data\lfw\Dino_Risi\Dino_Risi_0001.jpg,False,False,False,both,0.12516385391354562,chenxiang
fusion_weighted,huangxuan,C:\Users\tahak\ogproject\adaptiveface\data\rmfd\AFDB_masked_face_dataset\huangxuan\0_0_11.jpg,True,True,True,both,0.1992442637681961,huangxuan
fusion_weighted,zhangtianai,C:\Users\tahak\ogproject\adaptiveface\data\rmfd\AFDB_face_dataset\zhangtianai\1_0_zhangtianai_0017.jpg,False,True,False,both,0.48429766297340393,zhangtianai
fusion_weighted,liyapeng,C:\Users\tahak\ogproject\adaptiveface\data\rmfd\AFDB_face_dataset\liyapeng\1_0_liyapeng_0074.jpg,False,True,False,both,0.4389774799346924,liyapeng
fusion_weighted,linyuan,C:\Users\tahak\ogproject\adaptiveface\data\rmfd\AFDB_masked_face_dataset\linyuan\0_0_0.jpg,True,True,True,both,0.2721229404211044,linyuan
fusion_weighted,xuezhiqian,C:\Users\tahak\ogproject\adaptiveface\data\rmfd\AFDB_face_dataset\xuezhiqian\0_0_xuezhiqian_0039.jpg,False,True,False,both,0.2412117779254913,yumenglong
fusion_weighted,wangxiaomin,C:\Users\tahak\ogproject\adaptiveface\data\rmfd\AFDB_face_dataset\wangxiaomin\1_0_wangxiaomin_0135.jpg,False,True,False,both,0.3838951587677002,wangxiaomin
fusion_weighted,Ann_Landers,C:\Users\tahak\ogproject\adaptiveface\data\lfw\Ann_Landers\Ann_Landers_0001.jpg,False,False,False,both,0.1257200926542282,yuyi
fusion_weighted,panyueming,C:\Users\tahak\ogproject\adaptiveface\data\rmfd\AFDB_face_dataset\panyueming\1_0_panyueming_0051.jpg,False,True,False,both,0.524366146326065,panyueming
fusion_weighted,fanwei,C:\Users\tahak\ogproject\adaptiveface\data\rmfd\AFDB_face_dataset\fanwei\1_0_fanwei_0036.jpg,False,True,False,both,0.44675229191780086,fanwei
fusion_weighted,shuqi,C:\Users\tahak\ogproject\adaptiveface\data\rmfd\AFDB_face_dataset\shuqi\1_0_shuqi_0004.jpg,False,True,False,both,0.3061700880527496,zhouxun
fusion_weighted,dazhangwei,C:\Users\tahak\ogproject\adaptiveface\data\rmfd\AFDB_face_dataset\dazhangwei\1_0_dazhangwei_0019.jpg,False,True,False,both,0.2773960471153259,zhangxueyou
fusion_weighted,masu,C:\Users\tahak\ogproject\adaptiveface\data\rmfd\AFDB_masked_face_dataset\masu\0_0_19.jpg,True,True,True,both,0.25283506512641907,lanyingying
fusion_weighted,pengjing,C:\Users\tahak\ogproject\adaptiveface\data\rmfd\AFDB_face_dataset\pengjing\1_0_pengjing_0017.jpg,False,True,False,both,0.31211834251880644,tongliya
fusion_weighted,jiangyiyi,C:\Users\tahak\ogproject\adaptiveface\data\rmfd\AFDB_face_dataset\jiangyiyi\1_0_jiangyiyi_0202.jpg,False,True,False,both,0.4314725995063782,jiangyiyi
fusion_weighted,xuxidi,C:\Users\tahak\ogproject\adaptiveface\data\rmfd\AFDB_face_dataset\xuxidi\1_0_xuxidi_0002.jpg,False,True,False,both,0.49833152294158933,xuxidi
fusion_weighted,Darryl_McDaniels,C:\Users\tahak\ogproject\adaptiveface\data\lfw\Darryl_McDaniels\Darryl_McDaniels_0001.jpg,False,False,False,both,0.11501607894897459,jianailiang
fusion_weighted,hejiong,C:\Users\tahak\ogproject\adaptiveface\data\rmfd\AFDB_face_dataset\hejiong\0_0_hejiong_0165.jpg,False,True,False,both,0.41468568742275236,hejiong
fusion_weighted,xuhaiqiao,C:\Users\tahak\ogproject\adaptiveface\data\rmfd\AFDB_face_dataset\xuhaiqiao\1_0_xuhaiqiao_0058.jpg,False,True,False,both,0.2291884064674377,hejiong
fusion_weighted,xiongnaijin,C:\Users\tahak\ogproject\adaptiveface\data\rmfd\AFDB_masked_face_dataset\xiongnaijin\1_1_2.jpg,True,True,True,both,0.3265477314591408,lanyingying
fusion_weighted,Zoran_Djindjic,C:\Users\tahak\ogproject\adaptiveface\data\lfw\Zoran_Djindjic\Zoran_Djindjic_0003.jpg,False,False,False,both,0.09455188661813735,yinzheng
fusion_weighted,Mel_Gibson,C:\Users\tahak\ogproject\adaptiveface\data\lfw\Mel_Gibson\Mel_Gibson_0001.jpg,False,False,False,both,0.10747627466917037,zhourunfa
fusion_weighted,lixiang,C:\Users\tahak\ogproject\adaptiveface\data\rmfd\AFDB_face_dataset\lixiang\1_0_lixiang_0118.jpg,False,True,False,both,0.6091354846954345,lixiang
fusion_weighted,zhanghanyun,C:\Users\tahak\ogproject\adaptiveface\data\rmfd\AFDB_masked_face_dataset\zhanghanyun\0_0_6.jpg,True,True,True,both,0.3386511921882629,zhanghanyun
fusion_weighted,jianghongbo,C:\Users\tahak\ogproject\adaptiveface\data\rmfd\AFDB_masked_face_dataset\jianghongbo\0_0_1.jpg,True,True,True,both,0.3777013003826142,jianghongbo
fusion_weighted,songxiaobo,C:\Users\tahak\ogproject\adaptiveface\data\rmfd\AFDB_masked_face_dataset\songxiaobo\0_0_0.jpg,True,True,True,both,0.33725794851779933,liyifeng
fusion_weighted,Michael_Phelps,C:\Users\tahak\ogproject\adaptiveface\data\lfw\Michael_Phelps\Michael_Phelps_0004.jpg,False,False,False,both,0.1372553378343582,zhaoliying
fusion_weighted,yeyiqian,C:\Users\tahak\ogproject\adaptiveface\data\rmfd\AFDB_masked_face_dataset\yeyiqian\0_0_20.jpg,True,True,True,both,0.37276801466941833,mali
fusion_weighted,wangyuan,C:\Users\tahak\ogproject\adaptiveface\data\rmfd\AFDB_face_dataset\wangyuan\1_0_wangyuan_0057.jpg,False,True,False,both,0.6363954424858094,wangyuan
fusion_weighted,zhangxinyu,C:\Users\tahak\ogproject\adaptiveface\data\rmfd\AFDB_face_dataset\zhangxinyu\1_0_zhangxinyu_0002.jpg,False,True,False,both,0.3843503415584564,zhanghanyun
fusion_weighted,wangzuxian,C:\Users\tahak\ogproject\adaptiveface\data\rmfd\AFDB_masked_face_dataset\wangzuxian\0_0_18.jpg,True,True,True,both,0.38554278016090393,zhangtianai
fusion_weighted,zhangdanfeng,C:\Users\tahak\ogproject\adaptiveface\data\rmfd\AFDB_masked_face_dataset\zhangdanfeng\0_0_0.png,True,True,True,both,0.3527643769979477,zhangdanfeng
fusion_weighted,wuzhenyu,C:\Users\tahak\ogproject\adaptiveface\data\rmfd\AFDB_face_dataset\wuzhenyu\1_0_wuzhenyu_0010.jpg,False,True,False,both,0.5302317202091217,wuzhenyu
fusion_weighted,fanwei,C:\Users\tahak\ogproject\adaptiveface\data\rmfd\AFDB_masked_face_dataset\fanwei\0_0_1.png,True,True,True,both,0.30150987207889557,fanwei
fusion_weighted,sunyizhou,C:\Users\tahak\ogproject\adaptiveface\data\rmfd\AFDB_face_dataset\sunyizhou\0_0_sunyizhou_0152.jpg,False,True,False,both,0.48243421614170073,sunyizhou
fusion_weighted,lvyi,C:\Users\tahak\ogproject\adaptiveface\data\rmfd\AFDB_face_dataset\lvyi\1_0_lvyi_0012.jpg,False,True,False,both,0.2151550620794296,lvyi
fusion_weighted,xiaozhan,C:\Users\tahak\ogproject\adaptiveface\data\rmfd\AFDB_masked_face_dataset\xiaozhan\0_0_5.jpg,True,True,True,both,0.36199187636375424,zhangbinbin
fusion_weighted,guofucheng,C:\Users\tahak\ogproject\adaptiveface\data\rmfd\AFDB_face_dataset\guofucheng\0_0_guofucheng_0128.jpg,False,True,False,both,0.3600153788924217,guofucheng
fusion_weighted,jianghongbo,C:\Users\tahak\ogproject\adaptiveface\data\rmfd\AFDB_face_dataset\jianghongbo\1_0_jianghongbo_0235.jpg,False,True,False,both,0.4131255477666855,jianghongbo
fusion_weighted,wuzhenyu,C:\Users\tahak\ogproject\adaptiveface\data\rmfd\AFDB_masked_face_dataset\wuzhenyu\0_0_6.jpg,True,True,True,both,0.35659233331680296,wuzhenyu
fusion_weighted,zhangtianai,C:\Users\tahak\ogproject\adaptiveface\data\rmfd\AFDB_masked_face_dataset\zhangtianai\0_0_1.jpg,True,True,True,both,0.2173293188214302,lvjiarong
fusion_weighted,lvjiarong,C:\Users\tahak\ogproject\adaptiveface\data\rmfd\AFDB_masked_face_dataset\lvjiarong\0_0_0.jpg,True,True,True,both,0.33362558484077454,hujing
fusion_weighted,huge,C:\Users\tahak\ogproject\adaptiveface\data\rmfd\AFDB_masked_face_dataset\huge\1_0_10.jpg,True,True,True,both,0.27572702467441557,zhanghuiwen
fusion_weighted,zhangshaohan,C:\Users\tahak\ogproject\adaptiveface\data\rmfd\AFDB_face_dataset\zhangshaohan\1_0_zhangshaohan_0146.jpg,False,True,False,both,0.3987829506397247,zhangshaohan
fusion_weighted,Carlos_Moya,C:\Users\tahak\ogproject\adaptiveface\data\lfw\Carlos_Moya\Carlos_Moya_0003.jpg,False,False,False,both,0.1451466977596283,zhanghuiwen
fusion_weighted,xuhao,C:\Users\tahak\ogproject\adaptiveface\data\rmfd\AFDB_face_dataset\xuhao\1_0_xuhao_0191.jpg,False,True,False,both,0.5784370303153992,xuhao
fusion_weighted,hejiong,C:\Users\tahak\ogproject\adaptiveface\data\rmfd\AFDB_face_dataset\hejiong\1_0_hejiong_0101.jpg,False,True,False,both,0.3626524418592453,hejiong
fusion_weighted,zhangshaohan,C:\Users\tahak\ogproject\adaptiveface\data\rmfd\AFDB_masked_face_dataset\zhangshaohan\0_0_0.jpg,True,True,True,both,0.20962383598089218,fanwei
fusion_weighted,caiyilin,C:\Users\tahak\ogproject\adaptiveface\data\rmfd\AFDB_masked_face_dataset\caiyilin\0_0_5.jpg,True,True,True,both,0.156140998005867,lixirui
fusion_weighted,Kifah_Ajouri,C:\Users\tahak\ogproject\adaptiveface\data\lfw\Kifah_Ajouri\Kifah_Ajouri_0002.jpg,False,False,False,both,0.176966068148613,xuzheng
fusion_weighted,huashao,C:\Users\tahak\ogproject\adaptiveface\data\rmfd\AFDB_face_dataset\huashao\0_0_huashao_0073.jpg,False,True,False,both,0.16316238492727278,qinjunjie
fusion_weighted,zhangliangying,C:\Users\tahak\ogproject\adaptiveface\data\rmfd\AFDB_masked_face_dataset\zhangliangying\0_0_2.jpg,True,True,True,both,0.2687186971306801,zhangliangying
fusion_weighted,wangyu,C:\Users\tahak\ogproject\adaptiveface\data\rmfd\AFDB_masked_face_dataset\wangyu\0_1_0.jpg,True,True,True,both,0.2570360332727432,zhangbinbin
fusion_weighted,jianailiang,C:\Users\tahak\ogproject\adaptiveface\data\rmfd\AFDB_face_dataset\jianailiang\1_0_jianailiang_0167.jpg,False,True,False,both,0.39424774050712585,jianailiang
fusion_weighted,zhangjingjing,C:\Users\tahak\ogproject\adaptiveface\data\rmfd\AFDB_masked_face_dataset\zhangjingjing\0_0_0.jpg,True,True,True,both,0.375427183508873,liushishi
fusion_weighted,wangqing,C:\Users\tahak\ogproject\adaptiveface\data\rmfd\AFDB_masked_face_dataset\wangqing\0_0_33.jpg,True,True,True,both,0.37323593795299526,xuhao
fusion_weighted,Carlos_Moya,C:\Users\tahak\ogproject\adaptiveface\data\lfw\Carlos_Moya\Carlos_Moya_0010.jpg,False,False,False,both,0.09844323247671127,zhaoliying
fusion_weighted,Charles_Richardson,C:\Users\tahak\ogproject\adaptiveface\data\lfw\Charles_Richardson\Charles_Richardson_0001.jpg,False,False,False,both,0.1352906286716461,yuyi
fusion_weighted,yingcaier,C:\Users\tahak\ogproject\adaptiveface\data\rmfd\AFDB_face_dataset\yingcaier\1_0_yingcaier_0128.jpg,False,True,False,both,0.2837909877300262,zhouhuimin
fusion_weighted,shaofeng,C:\Users\tahak\ogproject\adaptiveface\data\rmfd\AFDB_face_dataset\shaofeng\1_0_shaofeng_0057.jpg,False,True,False,both,0.6068904280662537,shaofeng
fusion_weighted,dazhangwei,C:\Users\tahak\ogproject\adaptiveface\data\rmfd\AFDB_face_dataset\dazhangwei\1_0_dazhangwei_0079.jpg,False,True,False,both,0.29502241462469103,yanyikuan
fusion_weighted,Ian_McKellen,C:\Users\tahak\ogproject\adaptiveface\data\lfw\Ian_McKellen\Ian_McKellen_0002.jpg,False,False,False,both,0.1491217315196991,hujing
fusion_weighted,liuyifei,C:\Users\tahak\ogproject\adaptiveface\data\rmfd\AFDB_face_dataset\liuyifei\1_0_liuyifei_0137.jpg,False,True,False,both,0.534578549861908,liuyifei
fusion_weighted,linyichen,C:\Users\tahak\ogproject\adaptiveface\data\rmfd\AFDB_masked_face_dataset\linyichen\1_0_2.jpg,True,True,True,both,0.3270948112010956,jianghongbo
fusion_weighted,zhouhuimin,C:\Users\tahak\ogproject\adaptiveface\data\rmfd\AFDB_face_dataset\zhouhuimin\1_0_zhouhuimin_0226.jpg,False,True,False,both,0.40482700169086455,zhouhuimin
fusion_weighted,Bernard_Law,C:\Users\tahak\ogproject\adaptiveface\data\lfw\Bernard_Law\Bernard_Law_0003.jpg,False,False,False,both,0.0991818144917488,xieanqi
fusion_weighted,shuqi,C:\Users\tahak\ogproject\adaptiveface\data\rmfd\AFDB_masked_face_dataset\shuqi\1_0_1.jpg,True,True,False,both,0.3071761608123779,zhouxun
fusion_weighted,Mark_Hurlbert,C:\Users\tahak\ogproject\adaptiveface\data\lfw\Mark_Hurlbert\Mark_Hurlbert_0002.jpg,False,False,False,both,0.11203541681170462,chenkun
fusion_weighted,liudehua,C:\Users\tahak\ogproject\adaptiveface\data\rmfd\AFDB_masked_face_dataset\liudehua\0_0_8.jpg,True,True,True,both,0.3966673940420151,liudehua
fusion_weighted,wangyu,C:\Users\tahak\ogproject\adaptiveface\data\rmfd\AFDB_face_dataset\wangyu\1_0_wangyu_0210.jpg,False,True,False,both,0.3982553899288177,wangyu
fusion_weighted,zhanghanyun,C:\Users\tahak\ogproject\adaptiveface\data\rmfd\AFDB_masked_face_dataset\zhanghanyun\0_0_11.jpg,True,True,True,both,0.32734656929969785,zhanghanyun
fusion_weighted,liudehua,C:\Users\tahak\ogproject\adaptiveface\data\rmfd\AFDB_masked_face_dataset\liudehua\0_1_1.jpg,True,True,True,both,0.36746935546398163,liudehua
fusion_weighted,wuzhenyu,C:\Users\tahak\ogproject\adaptiveface\data\rmfd\AFDB_masked_face_dataset\wuzhenyu\0_1_5.jpg,True,True,True,both,0.5757261335849762,wuzhenyu
fusion_weighted,tanweiwei,C:\Users\tahak\ogproject\adaptiveface\data\rmfd\AFDB_face_dataset\tanweiwei\1_0_tanweiwei_0024.jpg,False,True,False,both,0.229780139029026,tanweiwei
fusion_weighted,yanyikuan,C:\Users\tahak\ogproject\adaptiveface\data\rmfd\AFDB_masked_face_dataset\yanyikuan\0_0_3.jpg,True,True,True,both,0.2932251363992691,yanyikuan
fusion_weighted,zhangxueying,C:\Users\tahak\ogproject\adaptiveface\data\rmfd\AFDB_face_dataset\zhangxueying\1_0_zhangxueying_0181.jpg,False,True,False,both,0.48531821370124817,zhangxueying
fusion_weighted,xuzheng,C:\Users\tahak\ogproject\adaptiveface\data\rmfd\AFDB_face_dataset\xuzheng\1_0_xuzheng_0147.jpg,False,True,False,both,0.4840742170810699,xuzheng
fusion_weighted,Michael_Phelps,C:\Users\tahak\ogproject\adaptiveface\data\lfw\Michael_Phelps\Michael_Phelps_0003.jpg,False,False,False,both,0.1567096084356308,huangrihua
fusion_weighted,zhangbinbin,C:\Users\tahak\ogproject\adaptiveface\data\rmfd\AFDB_face_dataset\zhangbinbin\1_0_zhangbinbin_0194.jpg,False,True,False,both,0.5223641782999038,zhangbinbin
fusion_weighted,hanqingzi,C:\Users\tahak\ogproject\adaptiveface\data\rmfd\AFDB_masked_face_dataset\hanqingzi\0_0_1.jpg,True,True,True,both,0.2632938101887703,zhaoliying
fusion_weighted,zhouxun,C:\Users\tahak\ogproject\adaptiveface\data\rmfd\AFDB_face_dataset\zhouxun\0_0_zhouxun_0089.jpg,False,True,False,both,0.4150748163461685,zhouxun
fusion_weighted,yanni,C:\Users\tahak\ogproject\adaptiveface\data\rmfd\AFDB_masked_face_dataset\yanni\0_0_17.jpg,True,True,True,both,0.162204048037529,hejiong
fusion_weighted,zhangxinyu,C:\Users\tahak\ogproject\adaptiveface\data\rmfd\AFDB_masked_face_dataset\zhangxinyu\1_0_21.jpg,True,True,False,both,0.24804501086473463,hujing
fusion_weighted,masu,C:\Users\tahak\ogproject\adaptiveface\data\rmfd\AFDB_face_dataset\masu\1_0_masu_0145.jpg,False,True,False,both,0.46426593959331514,masu
fusion_weighted,benxi,C:\Users\tahak\ogproject\adaptiveface\data\rmfd\AFDB_face_dataset\benxi\1_0_benxi_0100.jpg,False,True,False,both,0.21816111505031585,xieanqi
fusion_weighted,pengjing,C:\Users\tahak\ogproject\adaptiveface\data\rmfd\AFDB_masked_face_dataset\pengjing\0_0_20.jpg,True,True,True,both,0.15845317244529725,guojingjing
fusion_weighted,zhanghanyun,C:\Users\tahak\ogproject\adaptiveface\data\rmfd\AFDB_face_dataset\zhanghanyun\0_0_zhanghanyun_0149.jpg,False,True,False,both,0.48674486875534057,zhanghanyun
fusion_weighted,tangwei,C:\Users\tahak\ogproject\adaptiveface\data\rmfd\AFDB_face_dataset\tangwei\1_0_tangwei_0004.jpg,False,True,False,both,0.4034189134836197,tangwei
fusion_weighted,Keith_Bogans,C:\Users\tahak\ogproject\adaptiveface\data\lfw\Keith_Bogans\Keith_Bogans_0001.jpg,False,False,False,both,0.1159061886370182,huozun
fusion_weighted,maqiguang,C:\Users\tahak\ogproject\adaptiveface\data\rmfd\AFDB_face_dataset\maqiguang\1_0_maqiguang_0003.jpg,False,True,False,both,0.4182535707950592,maqiguang
fusion_weighted,guanxiaotong,C:\Users\tahak\ogproject\adaptiveface\data\rmfd\AFDB_face_dataset\guanxiaotong\1_0_guanxiaotong_0080.jpg,False,True,False,both,0.5368307888507843,guanxiaotong
fusion_weighted,hujing,C:\Users\tahak\ogproject\adaptiveface\data\rmfd\AFDB_face_dataset\hujing\1_0_hujing_0176.jpg,False,True,False,both,0.36824305355548853,hujing
fusion_weighted,Diego_Colorado,C:\Users\tahak\ogproject\adaptiveface\data\lfw\Diego_Colorado\Diego_Colorado_0001.jpg,False,False,False,both,0.15585302859544753,chenxiang
fusion_weighted,zhangbo,C:\Users\tahak\ogproject\adaptiveface\data\rmfd\AFDB_masked_face_dataset\zhangbo\0_0_0.jpg,True,True,True,both,0.354403892159462,zhangbo
fusion_weighted,linjing,C:\Users\tahak\ogproject\adaptiveface\data\rmfd\AFDB_face_dataset\linjing\1_0_linjing_0053.jpg,False,True,False,both,0.5234468191862106,linjing
fusion_weighted,Yoon_Young-kwan,C:\Users\tahak\ogproject\adaptiveface\data\lfw\Yoon_Young-kwan\Yoon_Young-kwan_0001.jpg,False,False,False,both,0.16975703686475752,xietingfeng
fusion_weighted,huxia,C:\Users\tahak\ogproject\adaptiveface\data\rmfd\AFDB_face_dataset\huxia\1_0_huxia_0078.jpg,False,True,False,both,0.18776563853025435,wangyuan
fusion_weighted,luozhixiang,C:\Users\tahak\ogproject\adaptiveface\data\rmfd\AFDB_masked_face_dataset\luozhixiang\0_0_0.jpg,True,True,True,both,0.21267255991697312,matianyu
fusion_weighted,yangzi,C:\Users\tahak\ogproject\adaptiveface\data\rmfd\AFDB_face_dataset\yangzi\0_0_yangzi_0076.jpg,False,True,False,both,0.41979633271694183,yangzi
fusion_weighted,liyapeng,C:\Users\tahak\ogproject\adaptiveface\data\rmfd\AFDB_face_dataset\liyapeng\1_0_liyapeng_0138.jpg,False,True,False,both,0.33007186949253076,liyapeng
fusion_weighted,yinengjing,C:\Users\tahak\ogproject\adaptiveface\data\rmfd\AFDB_face_dataset\yinengjing\1_0_yinengjing_0051.jpg,False,True,False,both,0.42275487780570986,yinengjing
fusion_weighted,Michael_Chiklis,C:\Users\tahak\ogproject\adaptiveface\data\lfw\Michael_Chiklis\Michael_Chiklis_0001.jpg,False,False,False,both,0.12306346856057644,maqiguang
fusion_weighted,Omar_Vizquel,C:\Users\tahak\ogproject\adaptiveface\data\lfw\Omar_Vizquel\Omar_Vizquel_0001.jpg,False,False,False,both,0.12212957888841627,zhaoliying
fusion_weighted,maoxiaotong,C:\Users\tahak\ogproject\adaptiveface\data\rmfd\AFDB_face_dataset\maoxiaotong\0_0_maoxiaotong_0122.jpg,False,True,False,both,0.3322363555431366,maoxiaotong
fusion_weighted,huxia,C:\Users\tahak\ogproject\adaptiveface\data\rmfd\AFDB_masked_face_dataset\huxia\0_0_18.jpg,True,True,True,both,0.24960753470659255,chenfarong
fusion_weighted,zhanghuiwen,C:\Users\tahak\ogproject\adaptiveface\data\rmfd\AFDB_face_dataset\zhanghuiwen\1_0_zhanghuiwen_0035.jpg,False,True,False,both,0.5836513578891753,zhanghuiwen
fusion_weighted,mowenwei,C:\Users\tahak\ogproject\adaptiveface\data\rmfd\AFDB_face_dataset\mowenwei\1_0_mowenwei_0016.jpg,False,True,False,both,0.36931474804878234,mowenwei
fusion_weighted,jiangjinfu,C:\Users\tahak\ogproject\adaptiveface\data\rmfd\AFDB_masked_face_dataset\jiangjinfu\1_0_15.jpg,True,True,True,both,0.44043129980564116,jiangjinfu
fusion_weighted,raowei,C:\Users\tahak\ogproject\adaptiveface\data\rmfd\AFDB_masked_face_dataset\raowei\0_0_3.jpg,True,True,False,both,0.26029150784015653,raowei
fusion_weighted,jianghongbo,C:\Users\tahak\ogproject\adaptiveface\data\rmfd\AFDB_face_dataset\jianghongbo\1_0_jianghongbo_0127.jpg,False,True,False,both,0.430615097284317,jianghongbo
fusion_weighted,guojingjing,C:\Users\tahak\ogproject\adaptiveface\data\rmfd\AFDB_masked_face_dataset\guojingjing\0_0_4.jpg,True,True,True,both,0.3346553862094879,huangxuan
fusion_weighted,huangzhongkun,C:\Users\tahak\ogproject\adaptiveface\data\rmfd\AFDB_face_dataset\huangzhongkun\1_0_huangzhongkun_0117.jpg,False,True,False,both,0.5258238196372985,huangzhongkun
fusion_weighted,zhangxueyou,C:\Users\tahak\ogproject\adaptiveface\data\rmfd\AFDB_masked_face_dataset\zhangxueyou\0_0_1.jpg,True,True,True,both,0.29893502593040466,chenxiang
fusion_weighted,huangxuan,C:\Users\tahak\ogproject\adaptiveface\data\rmfd\AFDB_face_dataset\huangxuan\1_0_huangxuan_0020.jpg,False,True,False,both,0.4435692280530929,huangxuan
fusion_weighted,handongjun,C:\Users\tahak\ogproject\adaptiveface\data\rmfd\AFDB_face_dataset\handongjun\1_0_handongjun_0209.jpg,False,True,False,both,0.2744945615530014,zhangxueyou
fusion_weighted,xiena,C:\Users\tahak\ogproject\adaptiveface\data\rmfd\AFDB_face_dataset\xiena\1_0_xiena_0233.jpg,False,True,False,both,0.2741430267691612,yeyiqian
fusion_weighted,lvyi,C:\Users\tahak\ogproject\adaptiveface\data\rmfd\AFDB_masked_face_dataset\lvyi\0_0_0.png,True,True,True,both,0.25131776332855227,jianghongbo
fusion_weighted,caizhuoyan,C:\Users\tahak\ogproject\adaptiveface\data\rmfd\AFDB_face_dataset\caizhuoyan\1_0_caizhuoyan_0053.jpg,False,True,False,both,0.41382609903812406,caizhuoyan
fusion_weighted,Sean_Patrick_Thomas,C:\Users\tahak\ogproject\adaptiveface\data\lfw\Sean_Patrick_Thomas\Sean_Patrick_Thomas_0001.jpg,False,False,False,both,0.14731578975915907,hejiong
fusion_weighted,raowei,C:\Users\tahak\ogproject\adaptiveface\data\rmfd\AFDB_face_dataset\raowei\1_0_raowei_0019.jpg,False,True,False,both,0.2991449803113937,wulei
fusion_weighted,jiangjinfu,C:\Users\tahak\ogproject\adaptiveface\data\rmfd\AFDB_face_dataset\jiangjinfu\1_0_jiangjinfu_0233.jpg,False,True,False,both,0.4283430874347687,jiangjinfu
fusion_weighted,Michael_Chiklis,C:\Users\tahak\ogproject\adaptiveface\data\lfw\Michael_Chiklis\Michael_Chiklis_0003.jpg,False,False,False,both,0.13519599959254264,wuzhenyu
fusion_weighted,Carlos_Moya,C:\Users\tahak\ogproject\adaptiveface\data\lfw\Carlos_Moya\Carlos_Moya_0018.jpg,False,False,False,both,0.13157476633787155,linjing
fusion_weighted,maqiguang,C:\Users\tahak\ogproject\adaptiveface\data\rmfd\AFDB_masked_face_dataset\maqiguang\0_0_0.jpg,True,True,True,both,0.2792576014995575,yinzheng
fusion_weighted,zhanghuiwen,C:\Users\tahak\ogproject\adaptiveface\data\rmfd\AFDB_masked_face_dataset\zhanghuiwen\1_0_8.jpg,True,True,False,both,0.4476962834596634,zhanghuiwen
fusion_weighted,gongbeibi,C:\Users\tahak\ogproject\adaptiveface\data\rmfd\AFDB_masked_face_dataset\gongbeibi\0_0_0.jpg,True,True,True,both,0.39537285566329955,gongbeibi
fusion_weighted,Terry_Lynn_Barton,C:\Users\tahak\ogproject\adaptiveface\data\lfw\Terry_Lynn_Barton\Terry_Lynn_Barton_0001.jpg,False,False,False,both,0.16769171208143235,zhangxueyou
fusion_weighted,huangzitao,C:\Users\tahak\ogproject\adaptiveface\data\rmfd\AFDB_face_dataset\huangzitao\1_0_huangzitao_0117.jpg,False,True,False,both,0.4932313650846481,huangzitao
fusion_weighted,yuyi,C:\Users\tahak\ogproject\adaptiveface\data\rmfd\AFDB_face_dataset\yuyi\1_0_yuyi_0040.jpg,False,True,False,both,0.6517143368721008,yuyi
fusion_weighted,huojianhua,C:\Users\tahak\ogproject\adaptiveface\data\rmfd\AFDB_masked_face_dataset\huojianhua\0_1_26.jpg,True,True,True,both,0.40226146280765535,huojianhua
fusion_weighted,xuhao,C:\Users\tahak\ogproject\adaptiveface\data\rmfd\AFDB_face_dataset\xuhao\1_0_xuhao_0135.jpg,False,True,False,both,0.4474373161792755,xuhao
fusion_weighted,zhangbinbin,C:\Users\tahak\ogproject\adaptiveface\data\rmfd\AFDB_masked_face_dataset\zhangbinbin\0_0_0.jpg,True,True,True,both,0.3311352908611298,zhangbinbin
fusion_weighted,huge,C:\Users\tahak\ogproject\adaptiveface\data\rmfd\AFDB_face_dataset\huge\1_0_huge_0004.jpg,False,True,False,both,0.5672526240348815,huge
fusion_weighted,wangluodan,C:\Users\tahak\ogproject\adaptiveface\data\rmfd\AFDB_masked_face_dataset\wangluodan\0_0_14.jpg,True,True,True,both,0.24047197699546813,wangluodan
fusion_weighted,mali,C:\Users\tahak\ogproject\adaptiveface\data\rmfd\AFDB_face_dataset\mali\1_0_mali_0011.jpg,False,True,False,both,0.40012637972831727,mali
fusion_weighted,liudehua,C:\Users\tahak\ogproject\adaptiveface\data\rmfd\AFDB_face_dataset\liudehua\0_0_liudehua_0095.jpg,False,True,False,both,0.5255058050155639,liudehua
fusion_weighted,duwenze,C:\Users\tahak\ogproject\adaptiveface\data\rmfd\AFDB_face_dataset\duwenze\1_0_duwenze_0004.jpg,False,True,False,both,0.5802312016487121,duwenze
fusion_weighted,Kellie_Coffey,C:\Users\tahak\ogproject\adaptiveface\data\lfw\Kellie_Coffey\Kellie_Coffey_0001.jpg,False,False,False,both,0.15361811518669127,zhaoyihuan
fusion_weighted,xiongnaijin,C:\Users\tahak\ogproject\adaptiveface\data\rmfd\AFDB_masked_face_dataset\xiongnaijin\0_0_2.jpg,True,True,True,both,0.36556916087865826,zhaoliying
fusion_weighted,fengjianyu,C:\Users\tahak\ogproject\adaptiveface\data\rmfd\AFDB_masked_face_dataset\fengjianyu\0_0_1.jpg,True,True,True,both,0.29179100394248964,fengjianyu
fusion_weighted,zhangdanfeng,C:\Users\tahak\ogproject\adaptiveface\data\rmfd\AFDB_face_dataset\zhangdanfeng\1_0_zhangdanfeng_0104.jpg,False,True,False,both,0.594386225938797,zhangdanfeng
fusion_weighted,xuhaiqiao,C:\Users\tahak\ogproject\adaptiveface\data\rmfd\AFDB_masked_face_dataset\xuhaiqiao\0_0_11.jpg,True,True,True,both,0.2162543475627899,caobingkun
fusion_weighted,fanwei,C:\Users\tahak\ogproject\adaptiveface\data\rmfd\AFDB_masked_face_dataset\fanwei\0_0_0.png,True,True,True,both,0.34972143173217773,fanwei
fusion_weighted,wangluodan,C:\Users\tahak\ogproject\adaptiveface\data\rmfd\AFDB_face_dataset\wangluodan\1_0_wangluodan_0014.jpg,False,True,False,both,0.3700527250766754,wangluodan
fusion_weighted,Nicanor_Duarte_Frutos,C:\Users\tahak\ogproject\adaptiveface\data\lfw\Nicanor_Duarte_Frutos\Nicanor_Duarte_Frutos_0003.jpg,False,False,False,both,0.13093943297863006,maqiguang
fusion_weighted,linjing,C:\Users\tahak\ogproject\adaptiveface\data\rmfd\AFDB_face_dataset\linjing\1_0_linjing_0106.jpg,False,True,False,both,0.33819451630115505,linjing
fusion_weighted,duwenze,C:\Users\tahak\ogproject\adaptiveface\data\rmfd\AFDB_face_dataset\duwenze\1_0_duwenze_0071.jpg,False,True,False,both,0.47155895233154294,duwenze
fusion_weighted,xietingfeng,C:\Users\tahak\ogproject\adaptiveface\data\rmfd\AFDB_face_dataset\xietingfeng\1_0_xietingfeng_0191.jpg,False,True,False,both,0.4352865010499954,xietingfeng
fusion_weighted,Carlos_Lordkipanitse,C:\Users\tahak\ogproject\adaptiveface\data\lfw\Carlos_Lordkipanitse\Carlos_Lordkipanitse_0001.jpg,False,False,False,both,0.11223667114973067,wangxiaomin
fusion_weighted,Duncan_Fletcher,C:\Users\tahak\ogproject\adaptiveface\data\lfw\Duncan_Fletcher\Duncan_Fletcher_0001.jpg,False,False,False,both,0.12018312364816666,weidaxun
fusion_weighted,handongjun,C:\Users\tahak\ogproject\adaptiveface\data\rmfd\AFDB_masked_face_dataset\handongjun\0_0_1.png,True,True,True,both,0.23477344512939452,yanyikuan
fusion_weighted,benxi,C:\Users\tahak\ogproject\adaptiveface\data\rmfd\AFDB_face_dataset\benxi\1_0_benxi_0042.jpg,False,True,False,both,0.23378228545188903,zhangshaohan
fusion_weighted,qinjunjie,C:\Users\tahak\ogproject\adaptiveface\data\rmfd\AFDB_masked_face_dataset\qinjunjie\0_0_5.jpg,True,True,True,both,0.25830039381980896,lanyingying
fusion_weighted,zhangjingjing,C:\Users\tahak\ogproject\adaptiveface\data\rmfd\AFDB_face_dataset\zhangjingjing\1_0_zhangjingjing_0006.jpg,False,True,False,both,0.26685085296630856,mowenwei
fusion_weighted,xieanqi,C:\Users\tahak\ogproject\adaptiveface\data\rmfd\AFDB_face_dataset\xieanqi\1_0_xieanqi_0059.jpg,False,True,False,both,0.4090850293636322,xieanqi
fusion_weighted,liuyifei,C:\Users\tahak\ogproject\adaptiveface\data\rmfd\AFDB_masked_face_dataset\liuyifei\1_0_1.jpg,True,True,True,both,0.3115396797657013,xuhao
fusion_weighted,huangxuan,C:\Users\tahak\ogproject\adaptiveface\data\rmfd\AFDB_face_dataset\huangxuan\1_0_huangxuan_0013.jpg,False,True,False,both,0.43535897731781004,huangxuan
fusion_weighted,yumenglong,C:\Users\tahak\ogproject\adaptiveface\data\rmfd\AFDB_masked_face_dataset\yumenglong\0_0_2.jpg,True,True,True,both,0.257942621409893,lixiang
fusion_weighted,Mark_Broxmeyer,C:\Users\tahak\ogproject\adaptiveface\data\lfw\Mark_Broxmeyer\Mark_Broxmeyer_0001.jpg,False,False,False,both,0.18425021469593048,wuzhenyu
fusion_weighted,ruanjingtian,C:\Users\tahak\ogproject\adaptiveface\data\rmfd\AFDB_face_dataset\ruanjingtian\1_0_ruanjingtian_0125.jpg,False,True,False,both,0.5170883536338806,ruanjingtian
fusion_weighted,gutianle,C:\Users\tahak\ogproject\adaptiveface\data\rmfd\AFDB_face_dataset\gutianle\1_0_gutianle_0053.jpg,False,True,False,both,0.5636493504047394,gutianle
fusion_weighted,Bernard_Landry,C:\Users\tahak\ogproject\adaptiveface\data\lfw\Bernard_Landry\Bernard_Landry_0001.jpg,False,False,False,both,0.12139867320656776,qiuze
fusion_weighted,chenyi,C:\Users\tahak\ogproject\adaptiveface\data\rmfd\AFDB_face_dataset\chenyi\1_0_chenyi_0050.jpg,False,True,False,both,0.4438268840312958,chenyi
fusion_weighted,zhangzifeng,C:\Users\tahak\ogproject\adaptiveface\data\rmfd\AFDB_face_dataset\zhangzifeng\1_0_zhangzifeng_0074.jpg,False,True,False,both,0.25428681820631027,mowenwei
fusion_weighted,Carlos_Moya,C:\Users\tahak\ogproject\adaptiveface\data\lfw\Carlos_Moya\Carlos_Moya_0014.jpg,False,False,False,both,0.11201449036598204,lianghanwen
fusion_weighted,xiena,C:\Users\tahak\ogproject\adaptiveface\data\rmfd\AFDB_masked_face_dataset\xiena\1_1_1.jpg,True,True,False,both,0.2093577355146408,yangqianhua
fusion_weighted,xiaozhan,C:\Users\tahak\ogproject\adaptiveface\data\rmfd\AFDB_face_dataset\xiaozhan\1_0_xiaozhan_0156.jpg,False,True,False,both,0.5074440121650695,xiaozhan
fusion_weighted,hejiong,C:\Users\tahak\ogproject\adaptiveface\data\rmfd\AFDB_masked_face_dataset\hejiong\0_0_1.jpg,True,True,False,both,0.16288117915391923,yinzheng
fusion_weighted,matianyu,C:\Users\tahak\ogproject\adaptiveface\data\rmfd\AFDB_face_dataset\matianyu\1_0_matianyu_0153.jpg,False,True,False,both,0.4066065788269043,matianyu
fusion_weighted,zhangbo,C:\Users\tahak\ogproject\adaptiveface\data\rmfd\AFDB_face_dataset\zhangbo\1_0_zhangbo_0195.jpg,False,True,False,both,0.3727538168430328,zhangbo
fusion_weighted,Shania_Twain,C:\Users\tahak\ogproject\adaptiveface\data\lfw\Shania_Twain\Shania_Twain_0001.jpg,False,False,False,both,0.1507161095738411,zhanghuiwen
fusion_weighted,xietingfeng,C:\Users\tahak\ogproject\adaptiveface\data\rmfd\AFDB_face_dataset\xietingfeng\1_0_xietingfeng_0155.jpg,False,True,False,both,0.6957577884197235,xietingfeng
fusion_weighted,songqian,C:\Users\tahak\ogproject\adaptiveface\data\rmfd\AFDB_face_dataset\songqian\1_0_songqian_0200.jpg,False,True,False,both,0.2307723045349121,xiongdailin
fusion_weighted,jiangkaitong,C:\Users\tahak\ogproject\adaptiveface\data\rmfd\AFDB_face_dataset\jiangkaitong\1_0_jiangkaitong_0082.jpg,False,True,False,both,0.3371386736631393,jiangkaitong
fusion_weighted,Nicanor_Duarte_Frutos,C:\Users\tahak\ogproject\adaptiveface\data\lfw\Nicanor_Duarte_Frutos\Nicanor_Duarte_Frutos_0006.jpg,False,False,False,both,0.14821115061640738,liuruilin
fusion_weighted,huangbo,C:\Users\tahak\ogproject\adaptiveface\data\rmfd\AFDB_face_dataset\huangbo\1_0_huangbo_0110.jpg,False,True,False,both,0.45934771597385404,huangbo
fusion_weighted,huangrihua,C:\Users\tahak\ogproject\adaptiveface\data\rmfd\AFDB_masked_face_dataset\huangrihua\0_0_5.jpg,True,True,True,both,0.23576515316963195,huangbo
fusion_weighted,shenmengchen,C:\Users\tahak\ogproject\adaptiveface\data\rmfd\AFDB_face_dataset\shenmengchen\1_0_shenmengchen_0108.jpg,False,True,False,both,0.5617634534835816,shenmengchen
fusion_weighted,songxiaobo,C:\Users\tahak\ogproject\adaptiveface\data\rmfd\AFDB_face_dataset\songxiaobo\1_0_songxiaobo_0198.jpg,False,True,False,both,0.21946824491024017,huge
fusion_weighted,xiena,C:\Users\tahak\ogproject\adaptiveface\data\rmfd\AFDB_face_dataset\xiena\1_0_xiena_0017.jpg,False,True,False,both,0.33307704031467433,zhanghanyun
fusion_weighted,tongkeke,C:\Users\tahak\ogproject\adaptiveface\data\rmfd\AFDB_face_dataset\tongkeke\0_0_tongkeke_0188.jpg,False,True,False,both,0.31926867216825483,tongkeke
fusion_weighted,Nicanor_Duarte_Frutos,C:\Users\tahak\ogproject\adaptiveface\data\lfw\Nicanor_Duarte_Frutos\Nicanor_Duarte_Frutos_0005.jpg,False,False,False,both,0.12305425629019737,lixirui
fusion_weighted,Mark_Hurlbert,C:\Users\tahak\ogproject\adaptiveface\data\lfw\Mark_Hurlbert\Mark_Hurlbert_0004.jpg,False,False,False,both,0.1370493620634079,zhourunfa
fusion_weighted,Virgina_Ruano_Pascal,C:\Users\tahak\ogproject\adaptiveface\data\lfw\Virgina_Ruano_Pascal\Virgina_Ruano_Pascal_0001.jpg,False,False,False,both,0.17004450112581254,caizhuoyan
fusion_weighted,gulinazha,C:\Users\tahak\ogproject\adaptiveface\data\rmfd\AFDB_masked_face_dataset\gulinazha\0_0_1.jpg,True,True,True,both,0.3024706244468689,gulinazha
fusion_weighted,xuhaiqiao,C:\Users\tahak\ogproject\adaptiveface\data\rmfd\AFDB_face_dataset\xuhaiqiao\1_0_xuhaiqiao_0103.jpg,False,True,False,both,0.2528157070279121,qiuze
fusion_weighted,Michael_Phelps,C:\Users\tahak\ogproject\adaptiveface\data\lfw\Michael_Phelps\Michael_Phelps_0005.jpg,False,False,False,both,0.13586571514606474,zhaoliying
fusion_weighted,licaihua,C:\Users\tahak\ogproject\adaptiveface\data\rmfd\AFDB_face_dataset\licaihua\1_0_licaihua_0188.jpg,False,True,False,both,0.4336069196462631,licaihua
fusion_weighted,masichun,C:\Users\tahak\ogproject\adaptiveface\data\rmfd\AFDB_face_dataset\masichun\1_0_masichun_0135.jpg,False,True,False,both,0.2654139757156372,huojianhua
fusion_weighted,xieanqi,C:\Users\tahak\ogproject\adaptiveface\data\rmfd\AFDB_masked_face_dataset\xieanqi\0_0_2.jpg,True,True,True,both,0.3079316563904285,shenmengchen
fusion_weighted,Pete_Rose,C:\Users\tahak\ogproject\adaptiveface\data\lfw\Pete_Rose\Pete_Rose_0001.jpg,False,False,False,both,0.1153011105954647,linjing
fusion_weighted,gutianle,C:\Users\tahak\ogproject\adaptiveface\data\rmfd\AFDB_masked_face_dataset\gutianle\0_0_17.jpg,True,True,False,both,0.3440031230449676,gutianle
fusion_weighted,zhangliangying,C:\Users\tahak\ogproject\adaptiveface\data\rmfd\AFDB_face_dataset\zhangliangying\1_0_zhangliangying_0140.jpg,False,True,False,both,0.34178311228752134,zhuowenxuan
fusion_weighted,yinengjing,C:\Users\tahak\ogproject\adaptiveface\data\rmfd\AFDB_face_dataset\yinengjing\1_0_yinengjing_0099.jpg,False,True,False,both,0.37867606878280635,yinengjing
fusion_weighted,lanyingying,C:\Users\tahak\ogproject\adaptiveface\data\rmfd\AFDB_face_dataset\lanyingying\0_0_lanyingying_0156.jpg,False,True,False,both,0.3290225625038147,lanyingying
fusion_weighted,liuruilin,C:\Users\tahak\ogproject\adaptiveface\data\rmfd\AFDB_masked_face_dataset\liuruilin\0_0_4.jpg,True,True,True,both,0.3007809087634087,jiangkaitong
fusion_weighted,zhangbo,C:\Users\tahak\ogproject\adaptiveface\data\rmfd\AFDB_masked_face_dataset\zhangbo\0_0_1.jpg,True,True,True,both,0.3298104792833328,xiaozhan
fusion_weighted,zhangluyi,C:\Users\tahak\ogproject\adaptiveface\data\rmfd\AFDB_masked_face_dataset\zhangluyi\0_0_3.png,True,True,True,both,0.5242671251296998,zhangluyi
fusion_weighted,mali,C:\Users\tahak\ogproject\adaptiveface\data\rmfd\AFDB_face_dataset\mali\1_0_mali_0040.jpg,False,True,False,both,0.48558568954467773,mali
fusion_weighted,panyueming,C:\Users\tahak\ogproject\adaptiveface\data\rmfd\AFDB_masked_face_dataset\panyueming\0_0_25.jpg,True,True,False,both,0.2104409784078598,xuzheng
fusion_weighted,Eliane_Karp,C:\Users\tahak\ogproject\adaptiveface\data\lfw\Eliane_Karp\Eliane_Karp_0003.jpg,False,False,False,both,0.11849102824926375,wulei
fusion_weighted,liuxiang,C:\Users\tahak\ogproject\adaptiveface\data\rmfd\AFDB_masked_face_dataset\liuxiang\0_0_3.jpg,True,True,False,both,0.3478594839572906,liuxiang
fusion_weighted,Stephen_Glassroth,C:\Users\tahak\ogproject\adaptiveface\data\lfw\Stephen_Glassroth\Stephen_Glassroth_0001.jpg,False,False,False,both,0.128528194129467,tanweiwei
fusion_weighted,xuxidi,C:\Users\tahak\ogproject\adaptiveface\data\rmfd\AFDB_masked_face_dataset\xuxidi\1_0_19.jpg,True,True,True,both,0.2882976621389389,chenfarong
fusion_weighted,benxi,C:\Users\tahak\ogproject\adaptiveface\data\rmfd\AFDB_masked_face_dataset\benxi\0_0_27.jpg,True,True,True,both,0.337799546122551,xieanqi
fusion_weighted,zhourunfa,C:\Users\tahak\ogproject\adaptiveface\data\rmfd\AFDB_face_dataset\zhourunfa\1_0_zhourunfa_0098.jpg,False,True,False,both,0.47201498150825494,zhourunfa
fusion_weighted,tangwei,C:\Users\tahak\ogproject\adaptiveface\data\rmfd\AFDB_masked_face_dataset\tangwei\0_0_11.jpg,True,True,True,both,0.22946310341358186,yangzi
fusion_weighted,ruanjingtian,C:\Users\tahak\ogproject\adaptiveface\data\rmfd\AFDB_masked_face_dataset\ruanjingtian\0_0_0.jpg,True,True,True,both,0.4643561065196991,ruanjingtian
fusion_weighted,huangxiaoming,C:\Users\tahak\ogproject\adaptiveface\data\rmfd\AFDB_masked_face_dataset\huangxiaoming\0_0_1.jpg,True,True,True,both,0.2437690943479538,huangxiaoming
fusion_weighted,yangzi,C:\Users\tahak\ogproject\adaptiveface\data\rmfd\AFDB_masked_face_dataset\yangzi\0_0_23.jpg,True,True,True,both,0.30914458334445954,yangzi
fusion_weighted,Sanjay_Chawla,C:\Users\tahak\ogproject\adaptiveface\data\lfw\Sanjay_Chawla\Sanjay_Chawla_0001.jpg,False,False,False,both,0.1456153318285942,zhangjingjing
fusion_weighted,Intisar_Ajouri,C:\Users\tahak\ogproject\adaptiveface\data\lfw\Intisar_Ajouri\Intisar_Ajouri_0001.jpg,False,False,False,both,0.184648334980011,hejiong
fusion_weighted,chenjiaqi,C:\Users\tahak\ogproject\adaptiveface\data\rmfd\AFDB_face_dataset\chenjiaqi\0_0_chenjiaqi_0004.jpg,False,True,False,both,0.35766516327857967,chenjiaqi
fusion_weighted,lufangsheng,C:\Users\tahak\ogproject\adaptiveface\data\rmfd\AFDB_face_dataset\lufangsheng\1_0_lufangsheng_0161.jpg,False,True,False,both,0.5142192631959915,lufangsheng
fusion_weighted,Clint_Howard,C:\Users\tahak\ogproject\adaptiveface\data\lfw\Clint_Howard\Clint_Howard_0001.jpg,False,False,False,both,0.13982269167900085,zhaoliying
fusion_weighted,shenmengchen,C:\Users\tahak\ogproject\adaptiveface\data\rmfd\AFDB_face_dataset\shenmengchen\1_0_shenmengchen_0082.jpg,False,True,False,both,0.2713541090488434,caizhuoyan
fusion_weighted,Michael_Chiklis,C:\Users\tahak\ogproject\adaptiveface\data\lfw\Michael_Chiklis\Michael_Chiklis_0002.jpg,False,False,False,both,0.14294530600309371,maqiguang
fusion_weighted,daipeini,C:\Users\tahak\ogproject\adaptiveface\data\rmfd\AFDB_face_dataset\daipeini\1_0_daipeini_0065.jpg,False,True,False,both,0.5245851337909698,daipeini
fusion_weighted,caobingkun,C:\Users\tahak\ogproject\adaptiveface\data\rmfd\AFDB_masked_face_dataset\caobingkun\0_0_15.jpg,True,True,True,both,0.29866139888763427,caobingkun
fusion_weighted,guojingfei,C:\Users\tahak\ogproject\adaptiveface\data\rmfd\AFDB_face_dataset\guojingfei\1_0_guojingfei_0087.jpg,False,True,False,both,0.42957213521003723,guojingfei
fusion_weighted,wangkai,C:\Users\tahak\ogproject\adaptiveface\data\rmfd\AFDB_masked_face_dataset\wangkai\0_0_1.jpg,True,True,True,both,0.4598110556602478,wangkai
fusion_weighted,yuyi,C:\Users\tahak\ogproject\adaptiveface\data\rmfd\AFDB_masked_face_dataset\yuyi\0_0_2.png,True,True,True,both,0.49509254992008206,yuyi
fusion_weighted,zhangguoli,C:\Users\tahak\ogproject\adaptiveface\data\rmfd\AFDB_masked_face_dataset\zhangguoli\0_0_1.jpg,True,True,False,both,0.24816079586744305,lufangsheng
fusion_weighted,zhangyi,C:\Users\tahak\ogproject\adaptiveface\data\rmfd\AFDB_face_dataset\zhangyi\1_0_zhangyi_0008.jpg,False,True,False,both,0.39704956114292145,zhangyi
fusion_weighted,masichun,C:\Users\tahak\ogproject\adaptiveface\data\rmfd\AFDB_masked_face_dataset\masichun\0_0_2.png,True,True,True,both,0.3516422361135483,masichun
fusion_weighted,James_Phelps,C:\Users\tahak\ogproject\adaptiveface\data\lfw\James_Phelps\James_Phelps_0001.jpg,False,False,False,both,0.1266970157623291,zhangluyi
fusion_weighted,xudongdong,C:\Users\tahak\ogproject\adaptiveface\data\rmfd\AFDB_masked_face_dataset\xudongdong\0_0_1.jpg,True,True,False,both,0.24266167879104614,xudongdong
fusion_weighted,liyifeng,C:\Users\tahak\ogproject\adaptiveface\data\rmfd\AFDB_face_dataset\liyifeng\1_0_liyifeng_0006.jpg,False,True,False,both,0.49111250042915344,liyifeng
fusion_weighted,wangluodan,C:\Users\tahak\ogproject\adaptiveface\data\rmfd\AFDB_masked_face_dataset\wangluodan\0_0_2.jpg,True,True,True,both,0.26022631525993345,wangluodan
fusion_weighted,Lane_Odom,C:\Users\tahak\ogproject\adaptiveface\data\lfw\Lane_Odom\Lane_Odom_0001.jpg,False,False,False,both,0.12421513944864274,maoxiaotong
fusion_weighted,dazhangwei,C:\Users\tahak\ogproject\adaptiveface\data\rmfd\AFDB_masked_face_dataset\dazhangwei\1_0_21.jpg,True,True,True,both,0.2867753207683563,weidaxun
fusion_weighted,songqian,C:\Users\tahak\ogproject\adaptiveface\data\rmfd\AFDB_face_dataset\songqian\1_0_songqian_0240.jpg,False,True,False,both,0.2368438124656677,songqian
fusion_weighted,Tyra_Banks,C:\Users\tahak\ogproject\adaptiveface\data\lfw\Tyra_Banks\Tyra_Banks_0001.jpg,False,False,False,both,0.15655264258384705,xuzheng
fusion_weighted,huozun,C:\Users\tahak\ogproject\adaptiveface\data\rmfd\AFDB_face_dataset\huozun\1_0_huozun_0205.jpg,False,True,False,both,0.501619279384613,huozun
fusion_weighted,masu,C:\Users\tahak\ogproject\adaptiveface\data\rmfd\AFDB_face_dataset\masu\1_0_masu_0152.jpg,False,True,False,both,0.3114305645227432,wangzuxian
fusion_weighted,zhangxinyu,C:\Users\tahak\ogproject\adaptiveface\data\rmfd\AFDB_face_dataset\zhangxinyu\1_0_zhangxinyu_0102.jpg,False,True,False,both,0.31017841398715973,lanyingying
fusion_weighted,Collis_Temple_III,C:\Users\tahak\ogproject\adaptiveface\data\lfw\Collis_Temple_III\Collis_Temple_III_0001.jpg,False,False,False,both,0.09226937294006347,gulinazha
fusion_weighted,yangqianhua,C:\Users\tahak\ogproject\adaptiveface\data\rmfd\AFDB_face_dataset\yangqianhua\1_0_yangqianhua_0046.jpg,False,True,False,both,0.5121348261833191,yangqianhua
fusion_weighted,liuye,C:\Users\tahak\ogproject\adaptiveface\data\rmfd\AFDB_face_dataset\liuye\1_0_liuye_0039.jpg,False,True,False,both,0.5396683752536773,liuye
fusion_weighted,David_Rivkin_Jr,C:\Users\tahak\ogproject\adaptiveface\data\lfw\David_Rivkin_Jr\David_Rivkin_Jr_0001.jpg,False,False,False,both,0.12506115362048148,tangwei
fusion_weighted,wuzhenyu,C:\Users\tahak\ogproject\adaptiveface\data\rmfd\AFDB_face_dataset\wuzhenyu\0_0_wuzhenyu_0138.jpg,False,True,False,both,0.7147373676300048,wuzhenyu
fusion_weighted,Mark_Hurlbert,C:\Users\tahak\ogproject\adaptiveface\data\lfw\Mark_Hurlbert\Mark_Hurlbert_0001.jpg,False,False,False,both,0.11124468445777892,chenkun
fusion_weighted,yeyiqian,C:\Users\tahak\ogproject\adaptiveface\data\rmfd\AFDB_face_dataset\yeyiqian\0_0_yeyiqian_0155.jpg,False,True,False,both,0.4231668889522552,yeyiqian
fusion_weighted,huozun,C:\Users\tahak\ogproject\adaptiveface\data\rmfd\AFDB_face_dataset\huozun\1_0_huozun_0172.jpg,False,True,False,both,0.41353496015071867,huozun
fusion_weighted,Bernard_Law,C:\Users\tahak\ogproject\adaptiveface\data\lfw\Bernard_Law\Bernard_Law_0002.jpg,False,False,False,both,0.09773852154612542,raowei
fusion_weighted,Martha_Lucia_Ramirez,C:\Users\tahak\ogproject\adaptiveface\data\lfw\Martha_Lucia_Ramirez\Martha_Lucia_Ramirez_0004.jpg,False,False,False,both,0.10744225531816481,yangqianhua
fusion_weighted,zhourunfa,C:\Users\tahak\ogproject\adaptiveface\data\rmfd\AFDB_face_dataset\zhourunfa\0_0_zhourunfa_0148.jpg,False,True,False,both,0.4977263867855072,zhourunfa
fusion_weighted,yanyikuan,C:\Users\tahak\ogproject\adaptiveface\data\rmfd\AFDB_face_dataset\yanyikuan\1_0_yanyikuan_0142.jpg,False,True,False,both,0.36686339676380153,yanyikuan
fusion_weighted,gongbeibi,C:\Users\tahak\ogproject\adaptiveface\data\rmfd\AFDB_face_dataset\gongbeibi\1_0_gongbeibi_0179.jpg,False,True,False,both,0.47553057372570035,gongbeibi
fusion_weighted,zhuowenxuan,C:\Users\tahak\ogproject\adaptiveface\data\rmfd\AFDB_face_dataset\zhuowenxuan\1_0_zhuowenxuan_0053.jpg,False,True,False,both,0.5666726291179657,zhuowenxuan
fusion_weighted,xuezhiqian,C:\Users\tahak\ogproject\adaptiveface\data\rmfd\AFDB_masked_face_dataset\xuezhiqian\0_0_2.jpg,True,True,True,both,0.2366736948490143,fengjianyu
fusion_weighted,Eliane_Karp,C:\Users\tahak\ogproject\adaptiveface\data\lfw\Eliane_Karp\Eliane_Karp_0002.jpg,False,False,False,both,0.12147453799843788,jiangjinfu
fusion_weighted,mowenwei,C:\Users\tahak\ogproject\adaptiveface\data\rmfd\AFDB_masked_face_dataset\mowenwei\0_0_7.jpg,True,True,True,both,0.2517421841621399,mowenwei
fusion_weighted,caiguoqing,C:\Users\tahak\ogproject\adaptiveface\data\rmfd\AFDB_face_dataset\caiguoqing\1_0_caiguoqing_0039.jpg,False,True,False,both,0.5758571207523346,caiguoqing
fusion_weighted,zhuowenxuan,C:\Users\tahak\ogproject\adaptiveface\data\rmfd\AFDB_masked_face_dataset\zhuowenxuan\0_0_0.jpg,True,True,True,both,0.22843226343393325,masichun
fusion_weighted,jianailiang,C:\Users\tahak\ogproject\adaptiveface\data\rmfd\AFDB_face_dataset\jianailiang\1_0_jianailiang_0043.jpg,False,True,False,both,0.3078660905361176,zhangdanfeng
fusion_weighted,tanweiwei,C:\Users\tahak\ogproject\adaptiveface\data\rmfd\AFDB_face_dataset\tanweiwei\1_0_tanweiwei_0020.jpg,False,True,False,both,0.294848769903183,tanweiwei
fusion_weighted,yinzheng,C:\Users\tahak\ogproject\adaptiveface\data\rmfd\AFDB_face_dataset\yinzheng\1_0_yinzheng_0046.jpg,False,True,False,both,0.48245162963867183,yinzheng
fusion_weighted,ruanjingtian,C:\Users\tahak\ogproject\adaptiveface\data\rmfd\AFDB_face_dataset\ruanjingtian\0_0_ruanjingtian_0052.jpg,False,True,False,both,0.509246101975441,ruanjingtian
fusion_weighted,jiangkaitong,C:\Users\tahak\ogproject\adaptiveface\data\rmfd\AFDB_face_dataset\jiangkaitong\1_0_jiangkaitong_0206.jpg,False,True,False,both,0.3150544226169586,jiangkaitong
fusion_weighted,zhangtianai,C:\Users\tahak\ogproject\adaptiveface\data\rmfd\AFDB_face_dataset\zhangtianai\1_0_zhangtianai_0168.jpg,False,True,False,both,0.4537000596523285,zhangtianai
fusion_weighted,xiongnaijin,C:\Users\tahak\ogproject\adaptiveface\data\rmfd\AFDB_face_dataset\xiongnaijin\1_0_xiongnaijin_0201.jpg,False,True,False,both,0.3377985507249832,xiongnaijin
fusion_weighted,xinzhilei,C:\Users\tahak\ogproject\adaptiveface\data\rmfd\AFDB_face_dataset\xinzhilei\0_0_xinzhilei_0064.jpg,False,True,False,both,0.46603423953056333,xinzhilei
fusion_weighted,linyichen,C:\Users\tahak\ogproject\adaptiveface\data\rmfd\AFDB_face_dataset\linyichen\1_0_linyichen_0222.jpg,False,True,False,both,0.27561452388763424,zhaoliying
fusion_weighted,huangzhongkun,C:\Users\tahak\ogproject\adaptiveface\data\rmfd\AFDB_face_dataset\huangzhongkun\1_0_huangzhongkun_0046.jpg,False,True,False,both,0.5963936626911164,huangzhongkun
fusion_weighted,chenyi,C:\Users\tahak\ogproject\adaptiveface\data\rmfd\AFDB_masked_face_dataset\chenyi\0_0_0.jpg,True,True,True,both,0.4126011073589325,chenyi
fusion_weighted,sunyizhou,C:\Users\tahak\ogproject\adaptiveface\data\rmfd\AFDB_masked_face_dataset\sunyizhou\1_0_0.jpg,True,True,False,both,0.27395612597465513,sunyizhou
fusion_weighted,caizhuoyan,C:\Users\tahak\ogproject\adaptiveface\data\rmfd\AFDB_masked_face_dataset\caizhuoyan\1_0_14.jpg,True,True,True,both,0.2776651069521904,jianghongbo
fusion_weighted,wangqing,C:\Users\tahak\ogproject\adaptiveface\data\rmfd\AFDB_masked_face_dataset\wangqing\0_0_8.jpg,True,True,True,both,0.35855307579040524,wangqing
fusion_weighted,Carlos_Moya,C:\Users\tahak\ogproject\adaptiveface\data\lfw\Carlos_Moya\Carlos_Moya_0004.jpg,False,False,False,both,0.11523585319519042,wangqing
fusion_weighted,liushishi,C:\Users\tahak\ogproject\adaptiveface\data\rmfd\AFDB_masked_face_dataset\liushishi\0_0_3.jpg,True,True,True,both,0.2700295254588127,liuyifei
fusion_weighted,zhaoliying,C:\Users\tahak\ogproject\adaptiveface\data\rmfd\AFDB_masked_face_dataset\zhaoliying\0_0_12.jpg,True,True,True,both,0.3456373393535614,masichun
fusion_weighted,yangqianhua,C:\Users\tahak\ogproject\adaptiveface\data\rmfd\AFDB_face_dataset\yangqianhua\1_0_yangqianhua_0047.jpg,False,True,False,both,0.4361661314964294,yangqianhua
fusion_weighted,raowei,C:\Users\tahak\ogproject\adaptiveface\data\rmfd\AFDB_masked_face_dataset\raowei\0_0_1.jpg,True,True,True,both,0.2707516118884086,qiuze
fusion_weighted,lixiang,C:\Users\tahak\ogproject\adaptiveface\data\rmfd\AFDB_face_dataset\lixiang\1_0_lixiang_0157.jpg,False,True,False,both,0.2655161291360855,lixiang
fusion_weighted,zhangdanfeng,C:\Users\tahak\ogproject\adaptiveface\data\rmfd\AFDB_face_dataset\zhangdanfeng\1_0_zhangdanfeng_0074.jpg,False,True,False,both,0.4849593728780746,zhangdanfeng
fusion_weighted,Rod_Thorn,C:\Users\tahak\ogproject\adaptiveface\data\lfw\Rod_Thorn\Rod_Thorn_0001.jpg,False,False,False,both,0.08460593074560166,yinzheng
fusion_weighted,chenxiang,C:\Users\tahak\ogproject\adaptiveface\data\rmfd\AFDB_masked_face_dataset\chenxiang\0_0_4.jpg,True,True,True,both,0.24200633093714713,yanni
fusion_weighted,pengjing,C:\Users\tahak\ogproject\adaptiveface\data\rmfd\AFDB_face_dataset\pengjing\1_0_pengjing_0013.jpg,False,True,False,both,0.2895377993583679,yangzi
fusion_weighted,qinjunjie,C:\Users\tahak\ogproject\adaptiveface\data\rmfd\AFDB_face_dataset\qinjunjie\0_0_qinjunjie_0130.jpg,False,True,False,both,0.3908681213855743,qinjunjie
fusion_weighted,huangrihua,C:\Users\tahak\ogproject\adaptiveface\data\rmfd\AFDB_face_dataset\huangrihua\1_0_huangrihua_0073.jpg,False,True,False,both,0.5382124602794647,huangrihua
fusion_weighted,yumenglong,C:\Users\tahak\ogproject\adaptiveface\data\rmfd\AFDB_masked_face_dataset\yumenglong\0_0_0.jpg,True,True,True,both,0.3254200398921967,yumenglong
fusion_weighted,maqiguang,C:\Users\tahak\ogproject\adaptiveface\data\rmfd\AFDB_masked_face_dataset\maqiguang\0_0_1.jpg,True,True,True,both,0.4547007381916046,maqiguang
fusion_weighted,huge,C:\Users\tahak\ogproject\adaptiveface\data\rmfd\AFDB_face_dataset\huge\1_0_huge_0082.jpg,False,True,False,both,0.5084046304225922,huge
fusion_weighted,liuye,C:\Users\tahak\ogproject\adaptiveface\data\rmfd\AFDB_face_dataset\liuye\1_0_liuye_0103.jpg,False,True,False,both,0.5852228075265884,liuye
fusion_weighted,yangqianhua,C:\Users\tahak\ogproject\adaptiveface\data\rmfd\AFDB_masked_face_dataset\yangqianhua\1_0_0.jpg,True,True,True,both,0.2407588243484497,yangqianhua
fusion_weighted,zhanghanyun,C:\Users\tahak\ogproject\adaptiveface\data\rmfd\AFDB_face_dataset\zhanghanyun\1_0_zhanghanyun_0260.jpg,False,True,False,both,0.40462644696235656,zhanghanyun
fusion_weighted,wangqing,C:\Users\tahak\ogproject\adaptiveface\data\rmfd\AFDB_face_dataset\wangqing\1_0_wangqing_0067.jpg,False,True,False,both,0.1978581890463829,liyifeng
fusion_weighted,Mark_Hurlbert,C:\Users\tahak\ogproject\adaptiveface\data\lfw\Mark_Hurlbert\Mark_Hurlbert_0005.jpg,False,False,False,both,0.0757896788418293,chenkun
fusion_weighted,wangou,C:\Users\tahak\ogproject\adaptiveface\data\rmfd\AFDB_masked_face_dataset\wangou\0_0_16.jpg,True,True,True,both,0.2665773510932922,lixirui
fusion_weighted,yangqianhua,C:\Users\tahak\ogproject\adaptiveface\data\rmfd\AFDB_masked_face_dataset\yangqianhua\0_0_2.jpg,True,True,True,both,0.28648702502250667,zhaoyazhi
fusion_weighted,xudongdong,C:\Users\tahak\ogproject\adaptiveface\data\rmfd\AFDB_masked_face_dataset\xudongdong\0_0_0.jpg,True,True,True,both,0.2534227058291435,chenxiang
fusion_weighted,zhengyecheng,C:\Users\tahak\ogproject\adaptiveface\data\rmfd\AFDB_face_dataset\zhengyecheng\1_0_zhengyecheng_0129.jpg,False,True,False,both,0.5930681228637695,zhengyecheng
fusion_weighted,Carlos_Moya,C:\Users\tahak\ogproject\adaptiveface\data\lfw\Carlos_Moya\Carlos_Moya_0017.jpg,False,False,False,both,0.10305698215961456,linjing
fusion_weighted,liudehua,C:\Users\tahak\ogproject\adaptiveface\data\rmfd\AFDB_face_dataset\liudehua\1_0_liudehua_0238.jpg,False,True,False,both,0.40722730755805964,liudehua
fusion_weighted,Carlos_Moya,C:\Users\tahak\ogproject\adaptiveface\data\lfw\Carlos_Moya\Carlos_Moya_0005.jpg,False,False,False,both,0.14195087403059004,zhangliangying
fusion_weighted,Dereck_Whittenburg,C:\Users\tahak\ogproject\adaptiveface\data\lfw\Dereck_Whittenburg\Dereck_Whittenburg_0001.jpg,False,False,False,both,0.20090147554874419,yuyi
fusion_weighted,zhuowenxuan,C:\Users\tahak\ogproject\adaptiveface\data\rmfd\AFDB_face_dataset\zhuowenxuan\0_0_zhuowenxuan_0046.jpg,False,True,False,both,0.34089170098304744,zhuowenxuan
fusion_weighted,Billy_Sollie,C:\Users\tahak\ogproject\adaptiveface\data\lfw\Billy_Sollie\Billy_Sollie_0001.jpg,False,False,False,both,0.1481598228216171,hanqingzi
fusion_weighted,huangrihua,C:\Users\tahak\ogproject\adaptiveface\data\rmfd\AFDB_face_dataset\huangrihua\1_0_huangrihua_0019.jpg,False,True,False,both,0.6811980783939361,huangrihua
fusion_weighted,handongjun,C:\Users\tahak\ogproject\adaptiveface\data\rmfd\AFDB_face_dataset\handongjun\1_0_handongjun_0032.jpg,False,True,False,both,0.3231208115816116,maqiguang
fusion_weighted,zhangzifeng,C:\Users\tahak\ogproject\adaptiveface\data\rmfd\AFDB_face_dataset\zhangzifeng\1_0_zhangzifeng_0126.jpg,False,True,False,both,0.4142998069524765,zhangzifeng
fusion_weighted,lufangsheng,C:\Users\tahak\ogproject\adaptiveface\data\rmfd\AFDB_face_dataset\lufangsheng\1_0_lufangsheng_0194.jpg,False,True,False,both,0.5363814175128936,lufangsheng
fusion_weighted,zhourunfa,C:\Users\tahak\ogproject\adaptiveface\data\rmfd\AFDB_masked_face_dataset\zhourunfa\0_0_3.jpg,True,True,True,both,0.2570276319980621,xuzheng
fusion_weighted,chenkun,C:\Users\tahak\ogproject\adaptiveface\data\rmfd\AFDB_face_dataset\chenkun\1_0_chenkun_0056.jpg,False,True,False,both,0.35510594844818116,chenkun
fusion_weighted,chenkun,C:\Users\tahak\ogproject\adaptiveface\data\rmfd\AFDB_masked_face_dataset\chenkun\0_0_10.jpg,True,True,True,both,0.20993668884038924,jiangkaitong
fusion_weighted,wangkai,C:\Users\tahak\ogproject\adaptiveface\data\rmfd\AFDB_face_dataset\wangkai\1_0_wangkai_0109.jpg,False,True,False,both,0.48169429898262023,wangkai
fusion_weighted,jiangyiyi,C:\Users\tahak\ogproject\adaptiveface\data\rmfd\AFDB_masked_face_dataset\jiangyiyi\0_0_0.jpg,True,True,True,both,0.4007977873086929,zhangxueying
fusion_weighted,yangzi,C:\Users\tahak\ogproject\adaptiveface\data\rmfd\AFDB_face_dataset\yangzi\1_0_yangzi_0181.jpg,False,True,False,both,0.45904181599617006,yangzi
fusion_weighted,caizhuoyan,C:\Users\tahak\ogproject\adaptiveface\data\rmfd\AFDB_masked_face_dataset\caizhuoyan\0_0_1.jpg,True,True,True,both,0.3836979612708092,jianghongbo
fusion_weighted,weidaxun,C:\Users\tahak\ogproject\adaptiveface\data\rmfd\AFDB_face_dataset\weidaxun\0_0_weidaxun_0154.jpg,False,True,False,both,0.2783928573131561,weidaxun
fusion_weighted,linyuan,C:\Users\tahak\ogproject\adaptiveface\data\rmfd\AFDB_face_dataset\linyuan\1_0_linyuan_0085.jpg,False,True,False,both,0.3339850723743438,linyuan
fusion_weighted,zhengkai,C:\Users\tahak\ogproject\adaptiveface\data\rmfd\AFDB_face_dataset\zhengkai\1_0_zhengkai_0174.jpg,False,True,False,both,0.2745095610618591,duwenze
fusion_weighted,zhaoyazhi,C:\Users\tahak\ogproject\adaptiveface\data\rmfd\AFDB_masked_face_dataset\zhaoyazhi\0_0_0.jpg,True,True,True,both,0.3772563487291336,yeyiqian
fusion_weighted,Stephane_Rousseau,C:\Users\tahak\ogproject\adaptiveface\data\lfw\Stephane_Rousseau\Stephane_Rousseau_0001.jpg,False,False,False,both,0.12598736211657524,weidaxun
fusion_weighted,zhaoliying,C:\Users\tahak\ogproject\adaptiveface\data\rmfd\AFDB_face_dataset\zhaoliying\1_0_zhaoliying_0057.jpg,False,True,False,both,0.48070127665996554,zhaoliying
fusion_weighted,Zoran_Djindjic,C:\Users\tahak\ogproject\adaptiveface\data\lfw\Zoran_Djindjic\Zoran_Djindjic_0002.jpg,False,False,False,both,0.08853694200515747,shaofeng
fusion_weighted,xuezhiqian,C:\Users\tahak\ogproject\adaptiveface\data\rmfd\AFDB_face_dataset\xuezhiqian\1_0_xuezhiqian_0030.jpg,False,True,False,both,0.3031197905540466,wulei
fusion_weighted,wangzuxian,C:\Users\tahak\ogproject\adaptiveface\data\rmfd\AFDB_face_dataset\wangzuxian\1_0_wangzuxian_0224.jpg,False,True,False,both,0.5358907520771026,wangzuxian
fusion_weighted,wangqing,C:\Users\tahak\ogproject\adaptiveface\data\rmfd\AFDB_face_dataset\wangqing\1_0_wangqing_0077.jpg,False,True,False,both,0.426276221871376,wangqing
fusion_weighted,zhouxun,C:\Users\tahak\ogproject\adaptiveface\data\rmfd\AFDB_masked_face_dataset\zhouxun\0_0_10.jpg,True,True,True,both,0.18302725702524186,zhaoyazhi
fusion_weighted,lixirui,C:\Users\tahak\ogproject\adaptiveface\data\rmfd\AFDB_face_dataset\lixirui\1_0_lixirui_0058.jpg,False,True,False,both,0.3730109423398971,lixirui
fusion_weighted,guanxiaotong,C:\Users\tahak\ogproject\adaptiveface\data\rmfd\AFDB_masked_face_dataset\guanxiaotong\1_0_2.jpg,True,True,True,both,0.3157768487930298,zhangxueying
fusion_weighted,wangzuxian,C:\Users\tahak\ogproject\adaptiveface\data\rmfd\AFDB_face_dataset\wangzuxian\1_0_wangzuxian_0068.jpg,False,True,False,both,0.45080881416797636,wangzuxian
fusion_weighted,lixirui,C:\Users\tahak\ogproject\adaptiveface\data\rmfd\AFDB_face_dataset\lixirui\1_0_lixirui_0189.jpg,False,True,False,both,0.2428177624940872,wangkai
fusion_weighted,yanyikuan,C:\Users\tahak\ogproject\adaptiveface\data\rmfd\AFDB_face_dataset\yanyikuan\1_0_yanyikuan_0057.jpg,False,True,False,both,0.429469957947731,maqiguang
fusion_weighted,zhangguoli,C:\Users\tahak\ogproject\adaptiveface\data\rmfd\AFDB_face_dataset\zhangguoli\1_0_zhangguoli_0034.jpg,False,True,False,both,0.5774799525737762,zhangguoli
fusion_weighted,Celso_Amorim,C:\Users\tahak\ogproject\adaptiveface\data\lfw\Celso_Amorim\Celso_Amorim_0001.jpg,False,False,False,both,0.11893693655729293,zhangbo
fusion_weighted,zhangxueyou,C:\Users\tahak\ogproject\adaptiveface\data\rmfd\AFDB_face_dataset\zhangxueyou\1_0_zhangxueyou_0020.jpg,False,True,False,both,0.5759624540805817,zhangxueyou
fusion_weighted,huozun,C:\Users\tahak\ogproject\adaptiveface\data\rmfd\AFDB_masked_face_dataset\huozun\0_0_7.jpg,True,True,True,both,0.4541104584932327,huozun
fusion_weighted,hanqingzi,C:\Users\tahak\ogproject\adaptiveface\data\rmfd\AFDB_masked_face_dataset\hanqingzi\0_0_0.jpg,True,True,True,both,0.28605020344257354,wangzuxian
fusion_weighted,Nicanor_Duarte_Frutos,C:\Users\tahak\ogproject\adaptiveface\data\lfw\Nicanor_Duarte_Frutos\Nicanor_Duarte_Frutos_0002.jpg,False,False,False,both,0.11222473308444023,fanwei
fusion_weighted,songqian,C:\Users\tahak\ogproject\adaptiveface\data\rmfd\AFDB_masked_face_dataset\songqian\0_0_0.jpg,True,True,True,both,0.2148626282811165,zhangjingjing
fusion_weighted,huashao,C:\Users\tahak\ogproject\adaptiveface\data\rmfd\AFDB_masked_face_dataset\huashao\0_0_3.jpg,True,True,True,both,0.19764274507760998,caiguoqing
fusion_weighted,zhengyecheng,C:\Users\tahak\ogproject\adaptiveface\data\rmfd\AFDB_masked_face_dataset\zhengyecheng\0_0_2.jpg,True,True,True,both,0.3588140159845352,xiaozhan
fusion_weighted,Michael_Chiklis,C:\Users\tahak\ogproject\adaptiveface\data\lfw\Michael_Chiklis\Michael_Chiklis_0005.jpg,False,False,False,both,0.15121397376060486,wuzhenyu
fusion_weighted,xuhaiqiao,C:\Users\tahak\ogproject\adaptiveface\data\rmfd\AFDB_masked_face_dataset\xuhaiqiao\0_0_17.jpg,True,True,True,both,0.19848853424191473,huangzitao
fusion_weighted,lidaimo,C:\Users\tahak\ogproject\adaptiveface\data\rmfd\AFDB_masked_face_dataset\lidaimo\0_0_3.jpg,True,True,True,both,0.2470948427915573,lidaimo
fusion_weighted,Carlo_Ancelotti,C:\Users\tahak\ogproject\adaptiveface\data\lfw\Carlo_Ancelotti\Carlo_Ancelotti_0003.jpg,False,False,False,both,0.10210496112704276,liusongren
fusion_weighted,daipeini,C:\Users\tahak\ogproject\adaptiveface\data\rmfd\AFDB_masked_face_dataset\daipeini\0_0_5.jpg,True,True,True,both,0.2610873818397522,daipeini
fusion_weighted,Bernard_Landry,C:\Users\tahak\ogproject\adaptiveface\data\lfw\Bernard_Landry\Bernard_Landry_0004.jpg,False,False,False,both,0.1190054826438427,xuzheng
fusion_weighted,masu,C:\Users\tahak\ogproject\adaptiveface\data\rmfd\AFDB_masked_face_dataset\masu\0_0_23.jpg,True,True,True,both,0.21195496767759323,lanyingying
fusion_weighted,xuxidi,C:\Users\tahak\ogproject\adaptiveface\data\rmfd\AFDB_face_dataset\xuxidi\1_0_xuxidi_0034.jpg,False,True,False,both,0.336380760371685,xuxidi
fusion_weighted,lidaimo,C:\Users\tahak\ogproject\adaptiveface\data\rmfd\AFDB_face_dataset\lidaimo\1_0_lidaimo_0094.jpg,False,True,False,both,0.5632915258407593,lidaimo
fusion_weighted,chenxiang,C:\Users\tahak\ogproject\adaptiveface\data\rmfd\AFDB_face_dataset\chenxiang\0_0_chenxiang_0006.jpg,False,True,False,both,0.44389075636863706,chenxiang
fusion_weighted,wangyuan,C:\Users\tahak\ogproject\adaptiveface\data\rmfd\AFDB_masked_face_dataset\wangyuan\0_0_24.jpg,True,True,True,both,0.3003798574209213,huangxuan
fusion_weighted,yinzheng,C:\Users\tahak\ogproject\adaptiveface\data\rmfd\AFDB_masked_face_dataset\yinzheng\0_0_1.png,True,True,True,both,0.4246714532375336,yinzheng
fusion_weighted,xuxidi,C:\Users\tahak\ogproject\adaptiveface\data\rmfd\AFDB_masked_face_dataset\xuxidi\1_0_1.jpg,True,True,True,both,0.30739215165376665,xuxidi
fusion_weighted,yumenglong,C:\Users\tahak\ogproject\adaptiveface\data\rmfd\AFDB_face_dataset\yumenglong\1_0_yumenglong_0058.jpg,False,True,False,both,0.3124825000762939,yumenglong
fusion_weighted,Romario_Farias,C:\Users\tahak\ogproject\adaptiveface\data\lfw\Romario_Farias\Romario_Farias_0001.jpg,False,False,False,both,0.14090851098299026,zhourunfa
fusion_weighted,yingcaier,C:\Users\tahak\ogproject\adaptiveface\data\rmfd\AFDB_masked_face_dataset\yingcaier\0_0_0.jpg,True,True,True,both,0.20613383501768112,xiongdailin
fusion_weighted,matianyu,C:\Users\tahak\ogproject\adaptiveface\data\rmfd\AFDB_masked_face_dataset\matianyu\0_0_20.jpg,True,True,True,both,0.37127415537834163,matianyu
fusion_weighted,yumenglong,C:\Users\tahak\ogproject\adaptiveface\data\rmfd\AFDB_face_dataset\yumenglong\1_0_yumenglong_0063.jpg,False,True,False,both,0.5635875940322875,yumenglong
fusion_weighted,jingbairan,C:\Users\tahak\ogproject\adaptiveface\data\rmfd\AFDB_face_dataset\jingbairan\1_0_jingbairan_0193.jpg,False,True,False,both,0.43760606944561,jingbairan
fusion_weighted,wangyuan,C:\Users\tahak\ogproject\adaptiveface\data\rmfd\AFDB_face_dataset\wangyuan\1_0_wangyuan_0152.jpg,False,True,False,both,0.4544890642166137,wangyuan
fusion_weighted,zhangxueying,C:\Users\tahak\ogproject\adaptiveface\data\rmfd\AFDB_masked_face_dataset\zhangxueying\0_0_4.jpg,True,True,True,both,0.24856435656547546,wangxiaomin
fusion_weighted,chenfarong,C:\Users\tahak\ogproject\adaptiveface\data\rmfd\AFDB_face_dataset\chenfarong\1_0_chenfarong_0137.jpg,False,True,False,both,0.3351958692073822,chenfarong
fusion_weighted,Khaled_Sawalhi,C:\Users\tahak\ogproject\adaptiveface\data\lfw\Khaled_Sawalhi\Khaled_Sawalhi_0001.jpg,False,False,False,both,0.12515236735343932,chenkun
fusion_weighted,zhaoliying,C:\Users\tahak\ogproject\adaptiveface\data\rmfd\AFDB_face_dataset\zhaoliying\1_0_zhaoliying_0172.jpg,False,True,False,both,0.5738127768039702,zhaoliying
fusion_weighted,Russell_Crowe,C:\Users\tahak\ogproject\adaptiveface\data\lfw\Russell_Crowe\Russell_Crowe_0002.jpg,False,False,False,both,0.14366767704486846,zhangbo
fusion_weighted,zhaoyihuan,C:\Users\tahak\ogproject\adaptiveface\data\rmfd\AFDB_face_dataset\zhaoyihuan\1_0_zhaoyihuan_0195.jpg,False,True,False,both,0.5171731621026993,zhaoyihuan
fusion_weighted,huangxuan,C:\Users\tahak\ogproject\adaptiveface\data\rmfd\AFDB_masked_face_dataset\huangxuan\0_0_22.jpg,True,True,True,both,0.34175021946430206,huangxuan
fusion_weighted,zhangliangying,C:\Users\tahak\ogproject\adaptiveface\data\rmfd\AFDB_face_dataset\zhangliangying\1_0_zhangliangying_0021.jpg,False,True,False,both,0.6017005205154419,zhangliangying
fusion_weighted,jianailiang,C:\Users\tahak\ogproject\adaptiveface\data\rmfd\AFDB_masked_face_dataset\jianailiang\0_0_5.jpg,True,True,True,both,0.27020366638898846,zhangluyi
fusion_weighted,xiongnaijin,C:\Users\tahak\ogproject\adaptiveface\data\rmfd\AFDB_face_dataset\xiongnaijin\1_0_xiongnaijin_0219.jpg,False,True,False,both,0.32860819697380067,zhangjingjing
fusion_weighted,yinengjing,C:\Users\tahak\ogproject\adaptiveface\data\rmfd\AFDB_masked_face_dataset\yinengjing\0_0_1.jpg,True,True,True,both,0.32977229058742524,zhangshaohan
fusion_weighted,wangou,C:\Users\tahak\ogproject\adaptiveface\data\rmfd\AFDB_face_dataset\wangou\1_0_wangou_0285.jpg,False,True,False,both,0.29327899813652036,wangou
fusion_weighted,guojingjing,C:\Users\tahak\ogproject\adaptiveface\data\rmfd\AFDB_masked_face_dataset\guojingjing\1_0_3.jpg,True,True,True,both,0.33496583104133604,huangxuan
fusion_weighted,yuyi,C:\Users\tahak\ogproject\adaptiveface\data\rmfd\AFDB_masked_face_dataset\yuyi\0_0_1.jpg,True,True,True,both,0.4992566704750061,yuyi
fusion_weighted,fanwei,C:\Users\tahak\ogproject\adaptiveface\data\rmfd\AFDB_face_dataset\fanwei\1_0_fanwei_0016.jpg,False,True,False,both,0.50348681807518,fanwei
fusion_weighted,huangrihua,C:\Users\tahak\ogproject\adaptiveface\data\rmfd\AFDB_masked_face_dataset\huangrihua\0_0_2.jpg,True,True,True,both,0.3678359746932983,huangrihua
fusion_weighted,liushishi,C:\Users\tahak\ogproject\adaptiveface\data\rmfd\AFDB_masked_face_dataset\liushishi\0_0_5.jpg,True,True,True,both,0.25983948111534116,lvyi
fusion_weighted,John_Goold,C:\Users\tahak\ogproject\adaptiveface\data\lfw\John_Goold\John_Goold_0001.jpg,False,False,False,both,0.12533727958798407,huojianhua
fusion_weighted,Patricia_Johnson,C:\Users\tahak\ogproject\adaptiveface\data\lfw\Patricia_Johnson\Patricia_Johnson_0001.jpg,False,False,False,both,0.16493179351091383,yangzi
fusion_weighted,xiongdailin,C:\Users\tahak\ogproject\adaptiveface\data\rmfd\AFDB_masked_face_dataset\xiongdailin\0_0_1.jpeg,True,True,True,both,0.3844204694032669,xiongdailin
fusion_weighted,yuyi,C:\Users\tahak\ogproject\adaptiveface\data\rmfd\AFDB_face_dataset\yuyi\1_0_yuyi_0098.jpg,False,True,False,both,0.4882844507694244,yuyi
fusion_weighted,weidaxun,C:\Users\tahak\ogproject\adaptiveface\data\rmfd\AFDB_masked_face_dataset\weidaxun\0_0_6.jpg,True,True,True,both,0.3478348135948181,weidaxun
fusion_weighted,zhaoyazhi,C:\Users\tahak\ogproject\adaptiveface\data\rmfd\AFDB_face_dataset\zhaoyazhi\1_0_zhaoyazhi_0175.jpg,False,True,False,both,0.5166947185993195,zhaoyazhi
fusion_weighted,lanyingying,C:\Users\tahak\ogproject\adaptiveface\data\rmfd\AFDB_face_dataset\lanyingying\1_0_lanyingying_0040.jpg,False,True,False,both,0.533459085226059,lanyingying
fusion_weighted,zhangbinbin,C:\Users\tahak\ogproject\adaptiveface\data\rmfd\AFDB_face_dataset\zhangbinbin\1_0_zhangbinbin_0170.jpg,False,True,False,both,0.5580183327198028,zhangbinbin
fusion_weighted,guojingfei,C:\Users\tahak\ogproject\adaptiveface\data\rmfd\AFDB_masked_face_dataset\guojingfei\0_1_6.jpg,True,True,True,both,0.23909434229135512,guanxiaotong
fusion_weighted,zhangxueying,C:\Users\tahak\ogproject\adaptiveface\data\rmfd\AFDB_face_dataset\zhangxueying\1_0_zhangxueying_0065.jpg,False,True,False,both,0.30453941822052,zhangxueying
fusion_weighted,Stephen_Cooper,C:\Users\tahak\ogproject\adaptiveface\data\lfw\Stephen_Cooper\Stephen_Cooper_0001.jpg,False,False,False,both,0.12233584970235825,jiangjinfu
fusion_weighted,tongliya,C:\Users\tahak\ogproject\adaptiveface\data\rmfd\AFDB_masked_face_dataset\tongliya\0_0_2.jpg,True,True,True,both,0.265349905192852,yangzi
fusion_weighted,xiongdailin,C:\Users\tahak\ogproject\adaptiveface\data\rmfd\AFDB_masked_face_dataset\xiongdailin\0_0_0.jpg,True,True,True,both,0.3601564109325409,xiongdailin
fusion_weighted,yanyikuan,C:\Users\tahak\ogproject\adaptiveface\data\rmfd\AFDB_masked_face_dataset\yanyikuan\0_0_2.jpg,True,True,True,both,0.36396457552909856,fengjianyu
fusion_weighted,John_Elway,C:\Users\tahak\ogproject\adaptiveface\data\lfw\John_Elway\John_Elway_0001.jpg,False,False,False,both,0.12344682812690734,zhangshaohan
fusion_weighted,Tim_Conway,C:\Users\tahak\ogproject\adaptiveface\data\lfw\Tim_Conway\Tim_Conway_0003.jpg,False,False,False,both,0.11254995726048946,matianyu
fusion_weighted,zhangxueyou,C:\Users\tahak\ogproject\adaptiveface\data\rmfd\AFDB_face_dataset\zhangxueyou\1_0_zhangxueyou_0200.jpg,False,True,False,both,0.3952829450368881,zhangxueyou
fusion_weighted,Sammy_Sosa,C:\Users\tahak\ogproject\adaptiveface\data\lfw\Sammy_Sosa\Sammy_Sosa_0002.jpg,False,False,False,both,0.1385130539536476,zhangguoli
fusion_weighted,zhangzifeng,C:\Users\tahak\ogproject\adaptiveface\data\rmfd\AFDB_masked_face_dataset\zhangzifeng\0_1_53.jpg,True,True,False,both,0.2874818980693817,yangqianhua
fusion_weighted,tongliya,C:\Users\tahak\ogproject\adaptiveface\data\rmfd\AFDB_face_dataset\tongliya\1_0_tongliya_0148.jpg,False,True,False,both,0.4596738874912262,tongliya
fusion_weighted,tongliya,C:\Users\tahak\ogproject\adaptiveface\data\rmfd\AFDB_masked_face_dataset\tongliya\0_0_0.jpg,True,True,True,both,0.23856392800807952,xuhao
fusion_weighted,qiuze,C:\Users\tahak\ogproject\adaptiveface\data\rmfd\AFDB_face_dataset\qiuze\1_0_qiuze_0097.jpg,False,True,False,both,0.5617694616317749,qiuze
fusion_weighted,xieanqi,C:\Users\tahak\ogproject\adaptiveface\data\rmfd\AFDB_masked_face_dataset\xieanqi\0_1_10.jpg,True,True,True,both,0.20388659834861755,liushishi
fusion_weighted,Alexandra_Spann,C:\Users\tahak\ogproject\adaptiveface\data\lfw\Alexandra_Spann\Alexandra_Spann_0001.jpg,False,False,False,both,0.13271284848451614,tangwei
fusion_weighted,jingbairan,C:\Users\tahak\ogproject\adaptiveface\data\rmfd\AFDB_masked_face_dataset\jingbairan\0_0_0.jpg,True,True,True,both,0.2712352892383933,linyuan
fusion_weighted,tanweiwei,C:\Users\tahak\ogproject\adaptiveface\data\rmfd\AFDB_masked_face_dataset\tanweiwei\0_0_3.jpg,True,True,False,both,0.2534293353557586,chenxiang
fusion_weighted,liuruilin,C:\Users\tahak\ogproject\adaptiveface\data\rmfd\AFDB_face_dataset\liuruilin\1_0_liuruilin_0241.jpg,False,True,False,both,0.45193319916725155,liuruilin
fusion_weighted,yingcaier,C:\Users\tahak\ogproject\adaptiveface\data\rmfd\AFDB_masked_face_dataset\yingcaier\0_0_4.jpg,True,True,True,both,0.2294669345021248,xudongdong
fusion_weighted,shaofeng,C:\Users\tahak\ogproject\adaptiveface\data\rmfd\AFDB_masked_face_dataset\shaofeng\0_0_0.png,True,True,True,both,0.39733923971652985,shaofeng
fusion_weighted,chenjiaqi,C:\Users\tahak\ogproject\adaptiveface\data\rmfd\AFDB_face_dataset\chenjiaqi\1_0_chenjiaqi_0007.jpg,False,True,False,both,0.4637913882732391,chenjiaqi
fusion_weighted,huangzhongkun,C:\Users\tahak\ogproject\adaptiveface\data\rmfd\AFDB_masked_face_dataset\huangzhongkun\0_0_0.png,True,True,True,both,0.3849118500947952,huangzhongkun
fusion_weighted,Bernard_Landry,C:\Users\tahak\ogproject\adaptiveface\data\lfw\Bernard_Landry\Bernard_Landry_0003.jpg,False,False,False,both,0.15547062009572982,licaihua
fusion_weighted,zhangliangying,C:\Users\tahak\ogproject\adaptiveface\data\rmfd\AFDB_masked_face_dataset\zhangliangying\0_0_1.jpg,True,True,True,both,0.31178984642028806,zhangliangying
fusion_weighted,huojianhua,C:\Users\tahak\ogproject\adaptiveface\data\rmfd\AFDB_face_dataset\huojianhua\1_0_huojianhua_0129.jpg,False,True,False,both,0.473987478017807,huojianhua
fusion_weighted,linxinru,C:\Users\tahak\ogproject\adaptiveface\data\rmfd\AFDB_masked_face_dataset\linxinru\0_0_16.jpg,True,True,True,both,0.4422402203083038,linxinru
fusion_weighted,Carlos_Moya,C:\Users\tahak\ogproject\adaptiveface\data\lfw\Carlos_Moya\Carlos_Moya_0015.jpg,False,False,False,both,0.1301146775484085,lianghanwen
fusion_weighted,sunyizhou,C:\Users\tahak\ogproject\adaptiveface\data\rmfd\AFDB_masked_face_dataset\sunyizhou\0_0_1.jpg,True,True,True,both,0.32458238303661346,sunyizhou
fusion_weighted,zhourunfa,C:\Users\tahak\ogproject\adaptiveface\data\rmfd\AFDB_masked_face_dataset\zhourunfa\0_0_2.jpg,True,True,True,both,0.22459356635808944,liyifeng
fusion_weighted,huge,C:\Users\tahak\ogproject\adaptiveface\data\rmfd\AFDB_masked_face_dataset\huge\0_0_3.jpg,True,True,False,both,0.21786868423223493,liuxiang
multi_max,huojianhua,C:\Users\tahak\ogproject\adaptiveface\data\rmfd\AFDB_masked_face_dataset\huojianhua\0_0_21.jpg,True,True,True,multi,0.2176261693239212,liushishi
multi_max,zhaoyazhi,C:\Users\tahak\ogproject\adaptiveface\data\rmfd\AFDB_face_dataset\zhaoyazhi\1_0_zhaoyazhi_0198.jpg,False,True,False,multi,0.46311020851135254,zhaoyazhi
multi_max,Carlos_Moya,C:\Users\tahak\ogproject\adaptiveface\data\lfw\Carlos_Moya\Carlos_Moya_0002.jpg,False,False,False,multi,0.11737824976444244,liuxiang
multi_max,xiaozhan,C:\Users\tahak\ogproject\adaptiveface\data\rmfd\AFDB_masked_face_dataset\xiaozhan\0_0_28.jpg,True,True,True,multi,0.2982274889945984,tanweiwei
multi_max,zhangshaohan,C:\Users\tahak\ogproject\adaptiveface\data\rmfd\AFDB_masked_face_dataset\zhangshaohan\0_0_3.jpg,True,True,True,multi,0.21099025011062622,zhangshaohan
multi_max,lvyi,C:\Users\tahak\ogproject\adaptiveface\data\rmfd\AFDB_face_dataset\lvyi\1_0_lvyi_0136.jpg,False,True,False,multi,0.2720138430595398,wangou
multi_max,daipeini,C:\Users\tahak\ogproject\adaptiveface\data\rmfd\AFDB_face_dataset\daipeini\1_0_daipeini_0001.jpg,False,True,False,multi,0.4853149652481079,daipeini
multi_max,linyichen,C:\Users\tahak\ogproject\adaptiveface\data\rmfd\AFDB_face_dataset\linyichen\1_0_linyichen_0328.jpg,False,True,False,multi,0.21631984412670135,tangwei
multi_max,Bernard_Law,C:\Users\tahak\ogproject\adaptiveface\data\lfw\Bernard_Law\Bernard_Law_0005.jpg,False,False,False,multi,0.13846978545188904,zhangshaohan
multi_max,huangzitao,C:\Users\tahak\ogproject\adaptiveface\data\rmfd\AFDB_face_dataset\huangzitao\1_0_huangzitao_0108.jpg,False,True,False,multi,0.6773836016654968,huangzitao
multi_max,Ben_Betts,C:\Users\tahak\ogproject\adaptiveface\data\lfw\Ben_Betts\Ben_Betts_0001.jpg,False,False,False,multi,0.1618323028087616,zhaoliying
multi_max,shaofeng,C:\Users\tahak\ogproject\adaptiveface\data\rmfd\AFDB_face_dataset\shaofeng\1_0_shaofeng_0001.jpg,False,True,False,multi,0.530182957649231,shaofeng
multi_max,Thomas_Bjorn,C:\Users\tahak\ogproject\adaptiveface\data\lfw\Thomas_Bjorn\Thomas_Bjorn_0002.jpg,False,False,False,multi,0.13941580057144165,maoxiaotong
multi_max,Intisar_Ajouri,C:\Users\tahak\ogproject\adaptiveface\data\lfw\Intisar_Ajouri\Intisar_Ajouri_0003.jpg,False,False,False,multi,0.14091767370700836,hejiong
multi_max,Elena_Tihomirova,C:\Users\tahak\ogproject\adaptiveface\data\lfw\Elena_Tihomirova\Elena_Tihomirova_0001.jpg,False,False,False,multi,0.12616512179374695,zhangxueying
multi_max,Nicanor_Duarte_Frutos,C:\Users\tahak\ogproject\adaptiveface\data\lfw\Nicanor_Duarte_Frutos\Nicanor_Duarte_Frutos_0010.jpg,False,False,False,multi,0.13128361105918884,duwenze
multi_max,huangzitao,C:\Users\tahak\ogproject\adaptiveface\data\rmfd\AFDB_masked_face_dataset\huangzitao\0_0_2.jpg,True,True,False,multi,0.34862616658210754,huangzitao
multi_max,zhangtianai,C:\Users\tahak\ogproject\adaptiveface\data\rmfd\AFDB_masked_face_dataset\zhangtianai\0_0_8.jpg,True,True,True,multi,0.2489059865474701,zhangtianai
multi_max,Bernard_Law,C:\Users\tahak\ogproject\adaptiveface\data\lfw\Bernard_Law\Bernard_Law_0001.jpg,False,False,False,multi,0.14329606294631958,zhangbinbin
multi_max,Tyra_Banks,C:\Users\tahak\ogproject\adaptiveface\data\lfw\Tyra_Banks\Tyra_Banks_0002.jpg,False,False,False,multi,0.17379802465438843,zhouxun
multi_max,Michael_Phelps,C:\Users\tahak\ogproject\adaptiveface\data\lfw\Michael_Phelps\Michael_Phelps_0002.jpg,False,False,False,multi,0.184547558426857,zhaoliying
multi_max,Martha_Lucia_Ramirez,C:\Users\tahak\ogproject\adaptiveface\data\lfw\Martha_Lucia_Ramirez\Martha_Lucia_Ramirez_0002.jpg,False,False,False,multi,0.14236071705818176,xiongdailin
multi_max,zhangyi,C:\Users\tahak\ogproject\adaptiveface\data\rmfd\AFDB_masked_face_dataset\zhangyi\0_0_0.jpg,True,True,True,multi,0.31527286767959595,zhangyi
multi_max,xuhao,C:\Users\tahak\ogproject\adaptiveface\data\rmfd\AFDB_masked_face_dataset\xuhao\0_0_0.jpg,True,True,False,multi,0.5642375946044922,xuhao
multi_max,Boris_Henry,C:\Users\tahak\ogproject\adaptiveface\data\lfw\Boris_Henry\Boris_Henry_0001.jpg,False,False,False,multi,0.15660758316516876,jianailiang
multi_max,lianghanwen,C:\Users\tahak\ogproject\adaptiveface\data\rmfd\AFDB_face_dataset\lianghanwen\1_0_lianghanwen_0181.jpg,False,True,False,multi,0.2325717806816101,duwenze
multi_max,zhangluyi,C:\Users\tahak\ogproject\adaptiveface\data\rmfd\AFDB_masked_face_dataset\zhangluyi\0_0_0.png,True,True,True,multi,0.38627463579177856,zhangluyi
multi_max,maqiguang,C:\Users\tahak\ogproject\adaptiveface\data\rmfd\AFDB_face_dataset\maqiguang\1_0_maqiguang_0041.jpg,False,True,False,multi,0.3400622606277466,maqiguang
multi_max,liushishi,C:\Users\tahak\ogproject\adaptiveface\data\rmfd\AFDB_face_dataset\liushishi\1_0_liushishi_0149.jpg,False,True,False,multi,0.26332083344459534,jiangkaitong
multi_max,guojingjing,C:\Users\tahak\ogproject\adaptiveface\data\rmfd\AFDB_face_dataset\guojingjing\0_0_guojingjing_0211.jpg,False,True,False,multi,0.4261454939842224,guojingjing
multi_max,luozhixiang,C:\Users\tahak\ogproject\adaptiveface\data\rmfd\AFDB_masked_face_dataset\luozhixiang\0_0_4.jpg,True,True,True,multi,0.2571033537387848,yangqianhua
multi_max,jianghongbo,C:\Users\tahak\ogproject\adaptiveface\data\rmfd\AFDB_masked_face_dataset\jianghongbo\0_0_0.jpg,True,True,True,multi,0.32898443937301636,jianghongbo
multi_max,yingcaier,C:\Users\tahak\ogproject\adaptiveface\data\rmfd\AFDB_face_dataset\yingcaier\1_0_yingcaier_0018.jpg,False,True,False,multi,0.2800155282020569,zhangliangying
multi_max,xudongdong,C:\Users\tahak\ogproject\adaptiveface\data\rmfd\AFDB_face_dataset\xudongdong\1_0_xudongdong_0234.jpg,False,True,False,multi,0.3578386902809143,xudongdong
multi_max,zhaoyihuan,C:\Users\tahak\ogproject\adaptiveface\data\rmfd\AFDB_face_dataset\zhaoyihuan\1_0_zhaoyihuan_0177.jpg,False,True,False,multi,0.23325487971305847,zhuowenxuan
multi_max,Ivan_Helguera,C:\Users\tahak\ogproject\adaptiveface\data\lfw\Ivan_Helguera\Ivan_Helguera_0001.jpg,False,False,False,multi,0.15079480409622192,gutianle
multi_max,jingbairan,C:\Users\tahak\ogproject\adaptiveface\data\rmfd\AFDB_masked_face_dataset\jingbairan\0_0_3.jpg,True,True,True,multi,0.19987279176712036,caobingkun
multi_max,luozhixiang,C:\Users\tahak\ogproject\adaptiveface\data\rmfd\AFDB_face_dataset\luozhixiang\0_0_luozhixiang_0011.jpg,False,True,False,multi,0.23650208115577698,yinengjing
multi_max,lvjiarong,C:\Users\tahak\ogproject\adaptiveface\data\rmfd\AFDB_face_dataset\lvjiarong\0_0_lvjiarong_0130.jpg,False,True,False,multi,0.2927097678184509,daipeini
multi_max,zhengyecheng,C:\Users\tahak\ogproject\adaptiveface\data\rmfd\AFDB_face_dataset\zhengyecheng\1_0_zhengyecheng_0174.jpg,False,True,False,multi,0.5356742143630981,zhengyecheng
multi_max,Michael_Chiklis,C:\Users\tahak\ogproject\adaptiveface\data\lfw\Michael_Chiklis\Michael_Chiklis_0004.jpg,False,False,False,multi,0.1932564675807953,ruanjingtian
multi_max,tanweiwei,C:\Users\tahak\ogproject\adaptiveface\data\rmfd\AFDB_masked_face_dataset\tanweiwei\1_0_2.jpg,True,True,True,multi,0.24085307121276855,lianghanwen
multi_max,wangkai,C:\Users\tahak\ogproject\adaptiveface\data\rmfd\AFDB_face_dataset\wangkai\1_0_wangkai_0090.jpg,False,True,False,multi,0.5057542324066162,wangkai
multi_max,zhangbo,C:\Users\tahak\ogproject\adaptiveface\data\rmfd\AFDB_face_dataset\zhangbo\1_0_zhangbo_0212.jpg,False,True,False,multi,0.4273696839809418,zhangbo
multi_max,Asif_Hanif,C:\Users\tahak\ogproject\adaptiveface\data\lfw\Asif_Hanif\Asif_Hanif_0001.jpg,False,False,False,multi,0.17639237642288208,liushishi
multi_max,jiangkaitong,C:\Users\tahak\ogproject\adaptiveface\data\rmfd\AFDB_masked_face_dataset\jiangkaitong\0_0_10.jpg,True,True,False,multi,0.29622992873191833,zhaoliying
multi_max,panyueming,C:\Users\tahak\ogproject\adaptiveface\data\rmfd\AFDB_face_dataset\panyueming\1_0_panyueming_0150.jpg,False,True,False,multi,0.4930955171585083,panyueming
multi_max,hujing,C:\Users\tahak\ogproject\adaptiveface\data\rmfd\AFDB_face_dataset\hujing\1_0_hujing_0236.jpg,False,True,False,multi,0.39641475677490234,hujing
multi_max,lvjiarong,C:\Users\tahak\ogproject\adaptiveface\data\rmfd\AFDB_face_dataset\lvjiarong\0_0_lvjiarong_0002.jpg,False,True,False,multi,0.3183014392852783,tanweiwei
multi_max,Eduardo_Romero,C:\Users\tahak\ogproject\adaptiveface\data\lfw\Eduardo_Romero\Eduardo_Romero_0001.jpg,False,False,False,multi,0.1598498374223709,liyapeng
multi_max,Celso_Amorim,C:\Users\tahak\ogproject\adaptiveface\data\lfw\Celso_Amorim\Celso_Amorim_0002.jpg,False,False,False,multi,0.1277383416891098,lufangsheng
multi_max,zhouxun,C:\Users\tahak\ogproject\adaptiveface\data\rmfd\AFDB_masked_face_dataset\zhouxun\0_0_7.jpg,True,True,True,multi,0.2409261167049408,zhouxun
multi_max,Paul_Reiser,C:\Users\tahak\ogproject\adaptiveface\data\lfw\Paul_Reiser\Paul_Reiser_0001.jpg,False,False,False,multi,0.13154864311218262,zhangshaohan
multi_max,guojingfei,C:\Users\tahak\ogproject\adaptiveface\data\rmfd\AFDB_masked_face_dataset\guojingfei\0_0_0.jpg,True,True,True,multi,0.3043903708457947,guojingfei
multi_max,yinzheng,C:\Users\tahak\ogproject\adaptiveface\data\rmfd\AFDB_face_dataset\yinzheng\1_0_yinzheng_0093.jpg,False,True,False,multi,0.4444524049758911,yinzheng
multi_max,songxiaobo,C:\Users\tahak\ogproject\adaptiveface\data\rmfd\AFDB_face_dataset\songxiaobo\0_0_songxiaobo_0175.jpg,False,True,False,multi,0.2053813338279724,zhanghanyun
multi_max,hanqingzi,C:\Users\tahak\ogproject\adaptiveface\data\rmfd\AFDB_face_dataset\hanqingzi\1_0_hanqingzi_0029.jpg,False,True,False,multi,0.27590295672416687,hanqingzi
multi_max,yinengjing,C:\Users\tahak\ogproject\adaptiveface\data\rmfd\AFDB_masked_face_dataset\yinengjing\0_0_30.jpg,True,True,True,multi,0.34239867329597473,yinengjing
multi_max,lixiang,C:\Users\tahak\ogproject\adaptiveface\data\rmfd\AFDB_masked_face_dataset\lixiang\1_0_19.jpg,True,True,True,multi,0.23194485902786255,liusongren
multi_max,dazhangwei,C:\Users\tahak\ogproject\adaptiveface\data\rmfd\AFDB_masked_face_dataset\dazhangwei\1_1_16.jpg,True,True,True,multi,0.31645429134368896,jiangkaitong
multi_max,liyifeng,C:\Users\tahak\ogproject\adaptiveface\data\rmfd\AFDB_masked_face_dataset\liyifeng\0_0_3.jpg,True,True,True,multi,0.23380912840366364,zhangluyi
multi_max,liushishi,C:\Users\tahak\ogproject\adaptiveface\data\rmfd\AFDB_face_dataset\liushishi\0_0_liushishi_0037.jpg,False,True,False,multi,0.27469196915626526,liushishi
multi_max,Eliane_Karp,C:\Users\tahak\ogproject\adaptiveface\data\lfw\Eliane_Karp\Eliane_Karp_0001.jpg,False,False,False,multi,0.1863918900489807,huozun
multi_max,weidaxun,C:\Users\tahak\ogproject\adaptiveface\data\rmfd\AFDB_masked_face_dataset\weidaxun\0_0_16.jpg,True,True,True,multi,0.24566201865673065,weidaxun
multi_max,zhangguoli,C:\Users\tahak\ogproject\adaptiveface\data\rmfd\AFDB_masked_face_dataset\zhangguoli\1_1_1.jpg,True,True,False,multi,0.23159340023994446,chenkun
multi_max,Carlos_Moya,C:\Users\tahak\ogproject\adaptiveface\data\lfw\Carlos_Moya\Carlos_Moya_0012.jpg,False,False,False,multi,0.11899690330028534,chenxiang
multi_max,wangyu,C:\Users\tahak\ogproject\adaptiveface\data\rmfd\AFDB_face_dataset\wangyu\0_0_wangyu_0164.jpg,False,True,False,multi,0.36094143986701965,wangyu
multi_max,zhangjingjing,C:\Users\tahak\ogproject\adaptiveface\data\rmfd\AFDB_face_dataset\zhangjingjing\1_0_zhangjingjing_0014.jpg,False,True,False,multi,0.20381440222263336,licaihua
multi_max,linxinru,C:\Users\tahak\ogproject\adaptiveface\data\rmfd\AFDB_face_dataset\linxinru\0_0_linxinru_0135.jpg,False,True,False,multi,0.5016037821769714,linxinru
multi_max,qiuze,C:\Users\tahak\ogproject\adaptiveface\data\rmfd\AFDB_face_dataset\qiuze\1_0_qiuze_0011.jpg,False,True,False,multi,0.5633423328399658,qiuze
multi_max,zhangshaohan,C:\Users\tahak\ogproject\adaptiveface\data\rmfd\AFDB_face_dataset\zhangshaohan\1_0_zhangshaohan_0144.jpg,False,True,False,multi,0.44382795691490173,zhangshaohan
multi_max,Jimmy_Smits,C:\Users\tahak\ogproject\adaptiveface\data\lfw\Jimmy_Smits\Jimmy_Smits_0001.jpg,False,False,False,multi,0.17488563060760498,zhaoyazhi
multi_max,xieanqi,C:\Users\tahak\ogproject\adaptiveface\data\rmfd\AFDB_face_dataset\xieanqi\1_0_xieanqi_0048.jpg,False,True,False,multi,0.293030709028244,xieanqi
multi_max,hejiong,C:\Users\tahak\ogproject\adaptiveface\data\rmfd\AFDB_masked_face_dataset\hejiong\0_0_3.jpg,True,True,True,multi,0.32265031337738037,hejiong
multi_max,zhaoyihuan,C:\Users\tahak\ogproject\adaptiveface\data\rmfd\AFDB_masked_face_dataset\zhaoyihuan\0_0_1.jpg,True,True,True,multi,0.3946201801300049,liuyifei
multi_max,huangxiaoming,C:\Users\tahak\ogproject\adaptiveface\data\rmfd\AFDB_masked_face_dataset\huangxiaoming\0_0_5.jpg,True,True,True,multi,0.2811552882194519,huangxiaoming
multi_max,gongbeibi,C:\Users\tahak\ogproject\adaptiveface\data\rmfd\AFDB_face_dataset\gongbeibi\0_0_gongbeibi_0071.jpg,False,True,False,multi,0.48260122537612915,gongbeibi
multi_max,liuxiang,C:\Users\tahak\ogproject\adaptiveface\data\rmfd\AFDB_face_dataset\liuxiang\1_0_liuxiang_0156.jpg,False,True,False,multi,0.471358060836792,liuxiang
multi_max,Roberto_Cercelletta,C:\Users\tahak\ogproject\adaptiveface\data\lfw\Roberto_Cercelletta\Roberto_Cercelletta_0001.jpg,False,False,False,multi,0.13509488105773926,daipeini
multi_max,linyuan,C:\Users\tahak\ogproject\adaptiveface\data\rmfd\AFDB_face_dataset\linyuan\1_0_linyuan_0170.jpg,False,True,False,multi,0.32810351252555847,linyuan
multi_max,Nicanor_Duarte_Frutos,C:\Users\tahak\ogproject\adaptiveface\data\lfw\Nicanor_Duarte_Frutos\Nicanor_Duarte_Frutos_0007.jpg,False,False,False,multi,0.18327796459197998,maoxiaotong
multi_max,Zoran_Djindjic,C:\Users\tahak\ogproject\adaptiveface\data\lfw\Zoran_Djindjic\Zoran_Djindjic_0001.jpg,False,False,False,multi,0.12076099216938019,yinzheng
multi_max,qiuze,C:\Users\tahak\ogproject\adaptiveface\data\rmfd\AFDB_masked_face_dataset\qiuze\0_0_0.jpg,True,True,True,multi,0.4628133177757263,qiuze
multi_max,chenxiang,C:\Users\tahak\ogproject\adaptiveface\data\rmfd\AFDB_masked_face_dataset\chenxiang\0_0_1.jpg,True,True,True,multi,0.30987605452537537,chenxiang
multi_max,Sammy_Sosa,C:\Users\tahak\ogproject\adaptiveface\data\lfw\Sammy_Sosa\Sammy_Sosa_0001.jpg,False,False,False,multi,0.1640455722808838,zhouxun
multi_max,zhangluyi,C:\Users\tahak\ogproject\adaptiveface\data\rmfd\AFDB_face_dataset\zhangluyi\1_0_zhangluyi_0047.jpg,False,True,False,multi,0.6534512639045715,zhangluyi
multi_max,Mel_Gibson,C:\Users\tahak\ogproject\adaptiveface\data\lfw\Mel_Gibson\Mel_Gibson_0002.jpg,False,False,False,multi,0.1425018310546875,yangqianhua
multi_max,liuyifei,C:\Users\tahak\ogproject\adaptiveface\data\rmfd\AFDB_masked_face_dataset\liuyifei\0_0_0.jpg,True,True,True,multi,0.41190165281295776,liuyifei
multi_max,Ascencion_Barajas,C:\Users\tahak\ogproject\adaptiveface\data\lfw\Ascencion_Barajas\Ascencion_Barajas_0001.jpg,False,False,False,multi,0.127504363656044,huangrihua
multi_max,Nicanor_Duarte_Frutos,C:\Users\tahak\ogproject\adaptiveface\data\lfw\Nicanor_Duarte_Frutos\Nicanor_Duarte_Frutos_0011.jpg,False,False,False,multi,0.2007872462272644,maoxiaotong
multi_max,Jason_Statham,C:\Users\tahak\ogproject\adaptiveface\data\lfw\Jason_Statham\Jason_Statham_0001.jpg,False,False,False,multi,0.1434597373008728,zhangtianai
multi_max,Brandon_Lloyd,C:\Users\tahak\ogproject\adaptiveface\data\lfw\Brandon_Lloyd\Brandon_Lloyd_0001.jpg,False,False,False,multi,0.14296334981918335,liyifeng
multi_max,jiangkaitong,C:\Users\tahak\ogproject\adaptiveface\data\rmfd\AFDB_masked_face_dataset\jiangkaitong\0_0_4.jpg,True,True,False,multi,0.3100738525390625,jiangkaitong
multi_max,liuye,C:\Users\tahak\ogproject\adaptiveface\data\rmfd\AFDB_masked_face_dataset\liuye\0_0_0.jpg,True,True,True,multi,0.4693239629268646,liuye
multi_max,Nicanor_Duarte_Frutos,C:\Users\tahak\ogproject\adaptiveface\data\lfw\Nicanor_Duarte_Frutos\Nicanor_Duarte_Frutos_0001.jpg,False,False,False,multi,0.1500251293182373,zhengyecheng
multi_max,Ian_McKellen,C:\Users\tahak\ogproject\adaptiveface\data\lfw\Ian_McKellen\Ian_McKellen_0001.jpg,False,False,False,multi,0.13749489188194275,tangwei
multi_max,Tommy_Amaker,C:\Users\tahak\ogproject\adaptiveface\data\lfw\Tommy_Amaker\Tommy_Amaker_0001.jpg,False,False,False,multi,0.13126960396766663,jianghongbo
multi_max,maoxiaotong,C:\Users\tahak\ogproject\adaptiveface\data\rmfd\AFDB_masked_face_dataset\maoxiaotong\0_0_19.jpg,True,True,True,multi,0.21289798617362976,wangyuan
multi_max,mali,C:\Users\tahak\ogproject\adaptiveface\data\rmfd\AFDB_masked_face_dataset\mali\0_0_2.jpg,True,True,True,multi,0.36134302616119385,mali
multi_max,liusongren,C:\Users\tahak\ogproject\adaptiveface\data\rmfd\AFDB_face_dataset\liusongren\1_0_liusongren_0104.jpg,False,True,False,multi,0.6008325815200806,liusongren
multi_max,liuqianhan,C:\Users\tahak\ogproject\adaptiveface\data\rmfd\AFDB_masked_face_dataset\liuqianhan\1_0_0.jpg,True,True,True,multi,0.29353880882263184,liuqianhan
multi_max,jiangyiyi,C:\Users\tahak\ogproject\adaptiveface\data\rmfd\AFDB_face_dataset\jiangyiyi\1_0_jiangyiyi_0067.jpg,False,True,False,multi,0.35978204011917114,jiangyiyi
multi_max,matianyu,C:\Users\tahak\ogproject\adaptiveface\data\rmfd\AFDB_face_dataset\matianyu\1_0_matianyu_0069.jpg,False,True,False,multi,0.6051818132400513,matianyu
multi_max,jianailiang,C:\Users\tahak\ogproject\adaptiveface\data\rmfd\AFDB_masked_face_dataset\jianailiang\1_0_1.jpg,True,True,True,multi,0.23228639364242554,jianailiang
multi_max,Bernard_Law,C:\Users\tahak\ogproject\adaptiveface\data\lfw\Bernard_Law\Bernard_Law_0004.jpg,False,False,False,multi,0.1309232860803604,mali
multi_max,chenkun,C:\Users\tahak\ogproject\adaptiveface\data\rmfd\AFDB_face_dataset\chenkun\1_0_chenkun_0050.jpg,False,True,False,multi,0.4848344922065735,chenkun
multi_max,licaihua,C:\Users\tahak\ogproject\adaptiveface\data\rmfd\AFDB_masked_face_dataset\licaihua\0_0_0.jpg,True,True,True,multi,0.3689700961112976,licaihua
multi_max,Bernard_Siegel,C:\Users\tahak\ogproject\adaptiveface\data\lfw\Bernard_Siegel\Bernard_Siegel_0001.jpg,False,False,False,multi,0.15201392769813538,chenjiaqi
multi_max,Kifah_Ajouri,C:\Users\tahak\ogproject\adaptiveface\data\lfw\Kifah_Ajouri\Kifah_Ajouri_0001.jpg,False,False,False,multi,0.13993985950946808,tangwei
multi_max,guofucheng,C:\Users\tahak\ogproject\adaptiveface\data\rmfd\AFDB_masked_face_dataset\guofucheng\1_0_6.jpg,True,True,True,multi,0.30612266063690186,guofucheng
multi_max,wangkai,C:\Users\tahak\ogproject\adaptiveface\data\rmfd\AFDB_masked_face_dataset\wangkai\0_0_0.jpg,True,True,True,multi,0.4055677652359009,wangkai
multi_max,wangzuxian,C:\Users\tahak\ogproject\adaptiveface\data\rmfd\AFDB_masked_face_dataset\wangzuxian\0_0_16.jpg,True,True,True,multi,0.3349376320838928,wangzuxian
multi_max,tangwei,C:\Users\tahak\ogproject\adaptiveface\data\rmfd\AFDB_masked_face_dataset\tangwei\0_0_0.jpg,True,True,True,multi,0.3281397223472595,tangwei
multi_max,Carlos_Moya,C:\Users\tahak\ogproject\adaptiveface\data\lfw\Carlos_Moya\Carlos_Moya_0006.jpg,False,False,False,multi,0.15163341164588928,mali
multi_max,Martha_Lucia_Ramirez,C:\Users\tahak\ogproject\adaptiveface\data\lfw\Martha_Lucia_Ramirez\Martha_Lucia_Ramirez_0001.jpg,False,False,False,multi,0.16472776234149933,zhaoyazhi
multi_max,zhangzifeng,C:\Users\tahak\ogproject\adaptiveface\data\rmfd\AFDB_masked_face_dataset\zhangzifeng\1_0_19.jpg,True,True,False,multi,0.4193984866142273,zhangzifeng
multi_max,caobingkun,C:\Users\tahak\ogproject\adaptiveface\data\rmfd\AFDB_masked_face_dataset\caobingkun\0_0_11.jpg,True,True,True,multi,0.35539525747299194,caobingkun
multi_max,liuruilin,C:\Users\tahak\ogproject\adaptiveface\data\rmfd\AFDB_face_dataset\liuruilin\1_0_liuruilin_0293.jpg,False,True,False,multi,0.3553377389907837,liuruilin
multi_max,fengjianyu,C:\Users\tahak\ogproject\adaptiveface\data\rmfd\AFDB_face_dataset\fengjianyu\1_0_fengjianyu_0103.jpg,False,True,False,multi,0.2725682854652405,fengjianyu
multi_max,handongjun,C:\Users\tahak\ogproject\adaptiveface\data\rmfd\AFDB_masked_face_dataset\handongjun\0_0_3.jpg,True,True,True,multi,0.30952513217926025,xietingfeng
multi_max,shenmengchen,C:\Users\tahak\ogproject\adaptiveface\data\rmfd\AFDB_masked_face_dataset\shenmengchen\0_0_13.jpg,True,True,True,multi,0.2274533212184906,xieanqi
multi_max,zhangluyi,C:\Users\tahak\ogproject\adaptiveface\data\rmfd\AFDB_face_dataset\zhangluyi\1_0_zhangluyi_0103.jpg,False,True,False,multi,0.6163477897644043,zhangluyi
multi_max,mali,C:\Users\tahak\ogproject\adaptiveface\data\rmfd\AFDB_masked_face_dataset\mali\0_0_0.jpg,True,True,True,multi,0.4204897880554199,mali
multi_max,lufangsheng,C:\Users\tahak\ogproject\adaptiveface\data\rmfd\AFDB_masked_face_dataset\lufangsheng\0_0_0.jpg,True,True,True,multi,0.41205117106437683,lufangsheng
multi_max,Zoran_Djindjic,C:\Users\tahak\ogproject\adaptiveface\data\lfw\Zoran_Djindjic\Zoran_Djindjic_0004.jpg,False,False,False,multi,0.13123193383216858,lufangsheng
multi_max,xuzheng,C:\Users\tahak\ogproject\adaptiveface\data\rmfd\AFDB_face_dataset\xuzheng\1_0_xuzheng_0059.jpg,False,True,False,multi,0.43713855743408203,xuzheng
multi_max,huojianhua,C:\Users\tahak\ogproject\adaptiveface\data\rmfd\AFDB_face_dataset\huojianhua\1_0_huojianhua_0128.jpg,False,True,False,multi,0.4012517035007477,huojianhua
multi_max,xietingfeng,C:\Users\tahak\ogproject\adaptiveface\data\rmfd\AFDB_masked_face_dataset\xietingfeng\0_0_2.jpg,True,True,True,multi,0.20793890953063965,xiaozhan
multi_max,zhaoliying,C:\Users\tahak\ogproject\adaptiveface\data\rmfd\AFDB_masked_face_dataset\zhaoliying\1_1_23.jpg,True,True,True,multi,0.31265273690223694,hujing
multi_max,zhangguoli,C:\Users\tahak\ogproject\adaptiveface\data\rmfd\AFDB_face_dataset\zhangguoli\1_0_zhangguoli_0139.jpg,False,True,False,multi,0.5156324505805969,zhangguoli
multi_max,guofucheng,C:\Users\tahak\ogproject\adaptiveface\data\rmfd\AFDB_face_dataset\guofucheng\1_0_guofucheng_0024.jpg,False,True,False,multi,0.4781399965286255,guofucheng
multi_max,liuqianhan,C:\Users\tahak\ogproject\adaptiveface\data\rmfd\AFDB_face_dataset\liuqianhan\1_0_liuqianhan_0032.jpg,False,True,False,multi,0.18276861310005188,zhouxun
multi_max,huashao,C:\Users\tahak\ogproject\adaptiveface\data\rmfd\AFDB_masked_face_dataset\huashao\0_0_0.jpg,True,True,True,multi,0.20516541600227356,matianyu
multi_max,xiena,C:\Users\tahak\ogproject\adaptiveface\data\rmfd\AFDB_masked_face_dataset\xiena\0_0_8.jpg,True,True,True,multi,0.16432447731494904,xuhao
multi_max,linxinru,C:\Users\tahak\ogproject\adaptiveface\data\rmfd\AFDB_face_dataset\linxinru\1_0_linxinru_0242.jpg,False,True,False,multi,0.49112027883529663,linxinru
multi_max,guanxiaotong,C:\Users\tahak\ogproject\adaptiveface\data\rmfd\AFDB_face_dataset\guanxiaotong\1_0_guanxiaotong_0016.jpg,False,True,False,multi,0.41212576627731323,guanxiaotong
multi_max,shuqi,C:\Users\tahak\ogproject\adaptiveface\data\rmfd\AFDB_face_dataset\shuqi\1_0_shuqi_0023.jpg,False,True,False,multi,0.32952171564102173,zhouxun
multi_max,lixirui,C:\Users\tahak\ogproject\adaptiveface\data\rmfd\AFDB_masked_face_dataset\lixirui\1_0_0.jpg,True,True,True,multi,0.245409294962883,tongliya
multi_max,songqian,C:\Users\tahak\ogproject\adaptiveface\data\rmfd\AFDB_masked_face_dataset\songqian\1_0_17.jpg,True,True,True,multi,0.2120283544063568,tangwei
multi_max,ruanjingtian,C:\Users\tahak\ogproject\adaptiveface\data\rmfd\AFDB_masked_face_dataset\ruanjingtian\0_0_1.jpg,True,True,True,multi,0.39590394496917725,jiangjinfu
multi_max,liyifeng,C:\Users\tahak\ogproject\adaptiveface\data\rmfd\AFDB_face_dataset\liyifeng\1_0_liyifeng_0142.jpg,False,True,False,multi,0.3785381317138672,liyifeng
multi_max,yanni,C:\Users\tahak\ogproject\adaptiveface\data\rmfd\AFDB_masked_face_dataset\yanni\0_0_13.jpg,True,True,True,multi,0.24385052919387817,liusongren
multi_max,caobingkun,C:\Users\tahak\ogproject\adaptiveface\data\rmfd\AFDB_face_dataset\caobingkun\1_0_caobingkun_0234.jpg,False,True,False,multi,0.44730284810066223,caobingkun
multi_max,chenfarong,C:\Users\tahak\ogproject\adaptiveface\data\rmfd\AFDB_face_dataset\chenfarong\1_0_chenfarong_0152.jpg,False,True,False,multi,0.5322214365005493,chenfarong
multi_max,yanni,C:\Users\tahak\ogproject\adaptiveface\data\rmfd\AFDB_face_dataset\yanni\1_0_yanni_0039.jpg,False,True,False,multi,0.42126017808914185,yanni
multi_max,tongliya,C:\Users\tahak\ogproject\adaptiveface\data\rmfd\AFDB_face_dataset\tongliya\0_0_tongliya_0169.jpg,False,True,False,multi,0.6388838291168213,tongliya
multi_max,zhengkai,C:\Users\tahak\ogproject\adaptiveface\data\rmfd\AFDB_masked_face_dataset\zhengkai\0_1_10.jpg,True,True,True,multi,0.30051931738853455,zhengkai
multi_max,huangbo,C:\Users\tahak\ogproject\adaptiveface\data\rmfd\AFDB_masked_face_dataset\huangbo\0_0_0.jpg,True,True,True,multi,0.4084174335002899,huangbo
multi_max,hujing,C:\Users\tahak\ogproject\adaptiveface\data\rmfd\AFDB_masked_face_dataset\hujing\0_0_33.jpg,True,True,True,multi,0.4289221465587616,hujing
multi_max,chenxiang,C:\Users\tahak\ogproject\adaptiveface\data\rmfd\AFDB_face_dataset\chenxiang\1_0_chenxiang_0002.jpg,False,True,False,multi,0.2737451493740082,chenxiang
multi_max,mowenwei,C:\Users\tahak\ogproject\adaptiveface\data\rmfd\AFDB_masked_face_dataset\mowenwei\0_0_1.jpg,True,True,True,multi,0.19350425899028778,mowenwei
multi_max,huangbo,C:\Users\tahak\ogproject\adaptiveface\data\rmfd\AFDB_masked_face_dataset\huangbo\0_0_1.jpg,True,True,True,multi,0.38332599401474,huangbo
multi_max,masichun,C:\Users\tahak\ogproject\adaptiveface\data\rmfd\AFDB_face_dataset\masichun\1_0_masichun_0171.jpg,False,True,False,multi,0.44564616680145264,masichun
multi_max,caizhuoyan,C:\Users\tahak\ogproject\adaptiveface\data\rmfd\AFDB_face_dataset\caizhuoyan\1_0_caizhuoyan_0077.jpg,False,True,False,multi,0.35948026180267334,caizhuoyan
multi_max,chenjiaqi,C:\Users\tahak\ogproject\adaptiveface\data\rmfd\AFDB_masked_face_dataset\chenjiaqi\0_0_0.jpg,True,True,True,multi,0.22687195241451263,wangxiaomin
multi_max,Ian_McKellen,C:\Users\tahak\ogproject\adaptiveface\data\lfw\Ian_McKellen\Ian_McKellen_0003.jpg,False,False,False,multi,0.16027405858039856,lianghanwen
multi_max,shuqi,C:\Users\tahak\ogproject\adaptiveface\data\rmfd\AFDB_masked_face_dataset\shuqi\0_0_3.jpg,True,True,True,multi,0.26166850328445435,daipeini
multi_max,Carlos_Moya,C:\Users\tahak\ogproject\adaptiveface\data\lfw\Carlos_Moya\Carlos_Moya_0011.jpg,False,False,False,multi,0.16186663508415222,huojianhua
multi_max,linxinru,C:\Users\tahak\ogproject\adaptiveface\data\rmfd\AFDB_masked_face_dataset\linxinru\0_0_9.jpg,True,True,True,multi,0.38478994369506836,linxinru
multi_max,liuxiang,C:\Users\tahak\ogproject\adaptiveface\data\rmfd\AFDB_masked_face_dataset\liuxiang\1_0_11.jpg,True,True,True,multi,0.26767969131469727,caiguoqing
multi_max,xiongdailin,C:\Users\tahak\ogproject\adaptiveface\data\rmfd\AFDB_face_dataset\xiongdailin\1_0_xiongdailin_0027.jpg,False,True,False,multi,0.5883896946907043,xiongdailin
multi_max,lidaimo,C:\Users\tahak\ogproject\adaptiveface\data\rmfd\AFDB_face_dataset\lidaimo\1_0_lidaimo_0207.jpg,False,True,False,multi,0.38674935698509216,lidaimo
multi_max,Nicanor_Duarte_Frutos,C:\Users\tahak\ogproject\adaptiveface\data\lfw\Nicanor_Duarte_Frutos\Nicanor_Duarte_Frutos_0008.jpg,False,False,False,multi,0.17921631038188934,wuzhenyu
multi_max,fengjianyu,C:\Users\tahak\ogproject\adaptiveface\data\rmfd\AFDB_face_dataset\fengjianyu\0_0_fengjianyu_0016.jpg,False,True,False,multi,0.32317396998405457,fengjianyu
multi_max,Kenneth_Brill,C:\Users\tahak\ogproject\adaptiveface\data\lfw\Kenneth_Brill\Kenneth_Brill_0001.jpg,False,False,False,multi,0.16494891047477722,lanyingying
multi_max,panyueming,C:\Users\tahak\ogproject\adaptiveface\data\rmfd\AFDB_masked_face_dataset\panyueming\0_0_0.jpg,True,True,True,multi,0.2557029724121094,liyapeng
multi_max,caiguoqing,C:\Users\tahak\ogproject\adaptiveface\data\rmfd\AFDB_face_dataset\caiguoqing\1_0_caiguoqing_0126.jpg,False,True,False,multi,0.5705762505531311,caiguoqing
multi_max,xiongdailin,C:\Users\tahak\ogproject\adaptiveface\data\rmfd\AFDB_face_dataset\xiongdailin\1_0_xiongdailin_0083.jpg,False,True,False,multi,0.6826940178871155,xiongdailin
multi_max,liuruilin,C:\Users\tahak\ogproject\adaptiveface\data\rmfd\AFDB_masked_face_dataset\liuruilin\0_0_0.jpg,True,True,True,multi,0.26344767212867737,liuruilin
multi_max,masichun,C:\Users\tahak\ogproject\adaptiveface\data\rmfd\AFDB_masked_face_dataset\masichun\0_0_4.png,True,True,True,multi,0.2662598490715027,xuhao
multi_max,Carlo_Ancelotti,C:\Users\tahak\ogproject\adaptiveface\data\lfw\Carlo_Ancelotti\Carlo_Ancelotti_0001.jpg,False,False,False,multi,0.12815552949905396,mali
multi_max,lanyingying,C:\Users\tahak\ogproject\adaptiveface\data\rmfd\AFDB_masked_face_dataset\lanyingying\1_1_2.jpg,True,True,True,multi,0.3418023884296417,lanyingying
multi_max,sunyizhou,C:\Users\tahak\ogproject\adaptiveface\data\rmfd\AFDB_face_dataset\sunyizhou\0_0_sunyizhou_0046.jpg,False,True,False,multi,0.4534006118774414,sunyizhou
multi_max,xudongdong,C:\Users\tahak\ogproject\adaptiveface\data\rmfd\AFDB_face_dataset\xudongdong\1_0_xudongdong_0188.jpg,False,True,False,multi,0.3019918203353882,xudongdong
multi_max,huangxiaoming,C:\Users\tahak\ogproject\adaptiveface\data\rmfd\AFDB_face_dataset\huangxiaoming\1_0_huangxiaoming_0199.jpg,False,True,False,multi,0.37160393595695496,huangxiaoming
multi_max,gulinazha,C:\Users\tahak\ogproject\adaptiveface\data\rmfd\AFDB_face_dataset\gulinazha\0_0_gulinazha_0104.jpg,False,True,False,multi,0.4136897325515747,gulinazha
multi_max,chenyi,C:\Users\tahak\ogproject\adaptiveface\data\rmfd\AFDB_face_dataset\chenyi\1_0_chenyi_0076.jpg,False,True,False,multi,0.5605204105377197,chenyi
multi_max,Zach_Safrin,C:\Users\tahak\ogproject\adaptiveface\data\lfw\Zach_Safrin\Zach_Safrin_0001.jpg,False,False,False,multi,0.14792343974113464,lvjiarong
multi_max,Pascal_Rheaume,C:\Users\tahak\ogproject\adaptiveface\data\lfw\Pascal_Rheaume\Pascal_Rheaume_0001.jpg,False,False,False,multi,0.149677574634552,liyifeng
multi_max,jingbairan,C:\Users\tahak\ogproject\adaptiveface\data\rmfd\AFDB_face_dataset\jingbairan\1_0_jingbairan_0103.jpg,False,True,False,multi,0.4863569736480713,jingbairan
multi_max,zhangxueying,C:\Users\tahak\ogproject\adaptiveface\data\rmfd\AFDB_masked_face_dataset\zhangxueying\0_0_1.jpg,True,True,True,multi,0.4009729027748108,zhangxueying
multi_max,xuzheng,C:\Users\tahak\ogproject\adaptiveface\data\rmfd\AFDB_masked_face_dataset\xuzheng\0_0_11.jpg,True,True,False,multi,0.15240056812763214,wuzhenyu
multi_max,huashao,C:\Users\tahak\ogproject\adaptiveface\data\rmfd\AFDB_face_dataset\huashao\0_0_huashao_0109.jpg,False,True,False,multi,0.1743294596672058,fengjianyu
multi_max,guojingjing,C:\Users\tahak\ogproject\adaptiveface\data\rmfd\AFDB_face_dataset\guojingjing\0_0_guojingjing_0005.jpg,False,True,False,multi,0.4686123728752136,guojingjing
multi_max,Carlo_Ancelotti,C:\Users\tahak\ogproject\adaptiveface\data\lfw\Carlo_Ancelotti\Carlo_Ancelotti_0002.jpg,False,False,False,multi,0.14564839005470276,mali
multi_max,Keith_Bogans,C:\Users\tahak\ogproject\adaptiveface\data\lfw\Keith_Bogans\Keith_Bogans_0002.jpg,False,False,False,multi,0.14862966537475586,zhangbinbin
multi_max,fengjianyu,C:\Users\tahak\ogproject\adaptiveface\data\rmfd\AFDB_masked_face_dataset\fengjianyu\0_0_0.jpg,True,True,True,multi,0.300121933221817,fengjianyu
multi_max,zhangxueyou,C:\Users\tahak\ogproject\adaptiveface\data\rmfd\AFDB_masked_face_dataset\zhangxueyou\0_0_0.jpg,True,True,True,multi,0.39461594820022583,zhangxueyou
multi_max,maoxiaotong,C:\Users\tahak\ogproject\adaptiveface\data\rmfd\AFDB_face_dataset\maoxiaotong\1_0_maoxiaotong_0037.jpg,False,True,False,multi,0.25726500153541565,maoxiaotong
multi_max,wulei,C:\Users\tahak\ogproject\adaptiveface\data\rmfd\AFDB_face_dataset\wulei\1_0_wulei_0131.jpg,False,True,False,multi,0.3232487142086029,wulei
multi_max,gutianle,C:\Users\tahak\ogproject\adaptiveface\data\rmfd\AFDB_masked_face_dataset\gutianle\0_1_6.jpg,True,True,True,multi,0.3817039132118225,huge
multi_max,gutianle,C:\Users\tahak\ogproject\adaptiveface\data\rmfd\AFDB_face_dataset\gutianle\1_0_gutianle_0124.jpg,False,True,False,multi,0.5728063583374023,gutianle
multi_max,liuqianhan,C:\Users\tahak\ogproject\adaptiveface\data\rmfd\AFDB_face_dataset\liuqianhan\1_0_liuqianhan_0255.jpg,False,True,False,multi,0.5032573938369751,liuqianhan
multi_max,huangzitao,C:\Users\tahak\ogproject\adaptiveface\data\rmfd\AFDB_masked_face_dataset\huangzitao\0_0_11.jpg,True,True,False,multi,0.1984744518995285,zhangbinbin
multi_max,Carlos_Moya,C:\Users\tahak\ogproject\adaptiveface\data\lfw\Carlos_Moya\Carlos_Moya_0008.jpg,False,False,False,multi,0.12327441573143005,zhaoliying
multi_max,Rafeeuddin_Ahmed,C:\Users\tahak\ogproject\adaptiveface\data\lfw\Rafeeuddin_Ahmed\Rafeeuddin_Ahmed_0001.jpg,False,False,False,multi,0.11379379034042358,yangzi
multi_max,zhouxun,C:\Users\tahak\ogproject\adaptiveface\data\rmfd\AFDB_face_dataset\zhouxun\0_0_zhouxun_0157.jpg,False,True,False,multi,0.3576437532901764,zhouxun
multi_max,zhaoyihuan,C:\Users\tahak\ogproject\adaptiveface\data\rmfd\AFDB_masked_face_dataset\zhaoyihuan\0_0_0.jpg,True,True,True,multi,0.4060221314430237,liuyifei
multi_max,wangou,C:\Users\tahak\ogproject\adaptiveface\data\rmfd\AFDB_face_dataset\wangou\1_0_wangou_0203.jpg,False,True,False,multi,0.4097403287887573,wangou
multi_max,licaihua,C:\Users\tahak\ogproject\adaptiveface\data\rmfd\AFDB_face_dataset\licaihua\0_0_licaihua_0197.jpg,False,True,False,multi,0.49243417382240295,licaihua
multi_max,mowenwei,C:\Users\tahak\ogproject\adaptiveface\data\rmfd\AFDB_face_dataset\mowenwei\1_0_mowenwei_0050.jpg,False,True,False,multi,0.4391159415245056,mowenwei
multi_max,caobingkun,C:\Users\tahak\ogproject\adaptiveface\data\rmfd\AFDB_face_dataset\caobingkun\0_0_caobingkun_0198.jpg,False,True,False,multi,0.5550582408905029,caobingkun
multi_max,liusongren,C:\Users\tahak\ogproject\adaptiveface\data\rmfd\AFDB_face_dataset\liusongren\1_0_liusongren_0081.jpg,False,True,False,multi,0.6217477917671204,liusongren
multi_max,wulei,C:\Users\tahak\ogproject\adaptiveface\data\rmfd\AFDB_face_dataset\wulei\1_0_wulei_0069.jpg,False,True,False,multi,0.3562873601913452,wulei
multi_max,guanxiaotong,C:\Users\tahak\ogproject\adaptiveface\data\rmfd\AFDB_masked_face_dataset\guanxiaotong\0_0_29.jpg,True,True,True,multi,0.26137369871139526,zhangxueying
multi_max,yangzi,C:\Users\tahak\ogproject\adaptiveface\data\rmfd\AFDB_masked_face_dataset\yangzi\0_0_25.jpg,True,True,True,multi,0.2249443233013153,zhangxueying
multi_max,tongkeke,C:\Users\tahak\ogproject\adaptiveface\data\rmfd\AFDB_masked_face_dataset\tongkeke\0_0_3.jpg,True,True,True,multi,0.44653719663619995,tongkeke
multi_max,Tyrone_Medley,C:\Users\tahak\ogproject\adaptiveface\data\lfw\Tyrone_Medley\Tyrone_Medley_0001.jpg,False,False,False,multi,0.14437341690063477,jianailiang
multi_max,dingding,C:\Users\tahak\ogproject\adaptiveface\data\rmfd\AFDB_face_dataset\dingding\1_0_dingding_0011.jpg,False,True,False,multi,0.23250547051429749,liuyifei
multi_max,Tim_Conway,C:\Users\tahak\ogproject\adaptiveface\data\lfw\Tim_Conway\Tim_Conway_0002.jpg,False,False,False,multi,0.1750616580247879,liyifeng
multi_max,Lawrence_MacAulay,C:\Users\tahak\ogproject\adaptiveface\data\lfw\Lawrence_MacAulay\Lawrence_MacAulay_0001.jpg,False,False,False,multi,0.15773726999759674,xuhao
multi_max,lanyingying,C:\Users\tahak\ogproject\adaptiveface\data\rmfd\AFDB_masked_face_dataset\lanyingying\1_0_2.jpg,True,True,True,multi,0.29809659719467163,wulei
multi_max,matianyu,C:\Users\tahak\ogproject\adaptiveface\data\rmfd\AFDB_masked_face_dataset\matianyu\0_0_0.jpg,True,True,True,multi,0.2631663680076599,zhangluyi
multi_max,linjing,C:\Users\tahak\ogproject\adaptiveface\data\rmfd\AFDB_masked_face_dataset\linjing\0_0_0.jpeg,True,True,False,multi,0.33586835861206055,gulinazha
multi_max,wangluodan,C:\Users\tahak\ogproject\adaptiveface\data\rmfd\AFDB_face_dataset\wangluodan\1_0_wangluodan_0010.jpg,False,True,False,multi,0.459405779838562,wangluodan
multi_max,Mark_Hurlbert,C:\Users\tahak\ogproject\adaptiveface\data\lfw\Mark_Hurlbert\Mark_Hurlbert_0003.jpg,False,False,False,multi,0.1437716782093048,chenkun
multi_max,songxiaobo,C:\Users\tahak\ogproject\adaptiveface\data\rmfd\AFDB_masked_face_dataset\songxiaobo\0_0_1.jpg,True,True,True,multi,0.23645427823066711,liuxiang
multi_max,raowei,C:\Users\tahak\ogproject\adaptiveface\data\rmfd\AFDB_face_dataset\raowei\1_0_raowei_0010.jpg,False,True,False,multi,0.40351468324661255,raowei
multi_max,hanqingzi,C:\Users\tahak\ogproject\adaptiveface\data\rmfd\AFDB_face_dataset\hanqingzi\1_0_hanqingzi_0133.jpg,False,True,False,multi,0.2675390839576721,hanqingzi
multi_max,Billy_Sollie,C:\Users\tahak\ogproject\adaptiveface\data\lfw\Billy_Sollie\Billy_Sollie_0002.jpg,False,False,False,multi,0.1612013578414917,hanqingzi
multi_max,huangxiaoming,C:\Users\tahak\ogproject\adaptiveface\data\rmfd\AFDB_face_dataset\huangxiaoming\1_0_huangxiaoming_0088.jpg,False,True,False,multi,0.4679238796234131,huangxiaoming
multi_max,lianghanwen,C:\Users\tahak\ogproject\adaptiveface\data\rmfd\AFDB_face_dataset\lianghanwen\1_0_lianghanwen_0210.jpg,False,True,False,multi,0.4692614674568176,lianghanwen
multi_max,Carlos_Moya,C:\Users\tahak\ogproject\adaptiveface\data\lfw\Carlos_Moya\Carlos_Moya_0013.jpg,False,False,False,multi,0.1341172307729721,panyueming
multi_max,zhaoyazhi,C:\Users\tahak\ogproject\adaptiveface\data\rmfd\AFDB_masked_face_dataset\zhaoyazhi\1_1_6.jpg,True,True,True,multi,0.21640679240226746,zhouhuimin
multi_max,liyifeng,C:\Users\tahak\ogproject\adaptiveface\data\rmfd\AFDB_masked_face_dataset\liyifeng\0_0_13.jpg,True,True,True,multi,0.285521924495697,xiaozhan
multi_max,xiaozhan,C:\Users\tahak\ogproject\adaptiveface\data\rmfd\AFDB_face_dataset\xiaozhan\0_0_xiaozhan_0191.jpg,False,True,False,multi,0.4917912483215332,xiaozhan
multi_max,Carlos_Moya,C:\Users\tahak\ogproject\adaptiveface\data\lfw\Carlos_Moya\Carlos_Moya_0001.jpg,False,False,False,multi,0.15144294500350952,wangqing
multi_max,zhangyi,C:\Users\tahak\ogproject\adaptiveface\data\rmfd\AFDB_face_dataset\zhangyi\1_0_zhangyi_0256.jpg,False,True,False,multi,0.42916521430015564,zhangyi
multi_max,zhangxinyu,C:\Users\tahak\ogproject\adaptiveface\data\rmfd\AFDB_masked_face_dataset\zhangxinyu\1_0_0.jpg,True,True,False,multi,0.32718899846076965,gulinazha
multi_max,Keith_Bogans,C:\Users\tahak\ogproject\adaptiveface\data\lfw\Keith_Bogans\Keith_Bogans_0003.jpg,False,False,False,multi,0.14402146637439728,yangzi
multi_max,xinzhilei,C:\Users\tahak\ogproject\adaptiveface\data\rmfd\AFDB_face_dataset\xinzhilei\1_0_xinzhilei_0068.jpg,False,True,False,multi,0.41867101192474365,xinzhilei
multi_max,Nicanor_Duarte_Frutos,C:\Users\tahak\ogproject\adaptiveface\data\lfw\Nicanor_Duarte_Frutos\Nicanor_Duarte_Frutos_0004.jpg,False,False,False,multi,0.17369112372398376,zhangguoli
multi_max,zhanghuiwen,C:\Users\tahak\ogproject\adaptiveface\data\rmfd\AFDB_masked_face_dataset\zhanghuiwen\0_0_2.jpg,True,True,True,multi,0.3499913811683655,zhanghuiwen
multi_max,Claudia_Coslovich,C:\Users\tahak\ogproject\adaptiveface\data\lfw\Claudia_Coslovich\Claudia_Coslovich_0001.jpg,False,False,False,multi,0.16964659094810486,yumenglong
multi_max,Intisar_Ajouri,C:\Users\tahak\ogproject\adaptiveface\data\lfw\Intisar_Ajouri\Intisar_Ajouri_0002.jpg,False,False,False,multi,0.1404857039451599,guofucheng
multi_max,Carlos_Moya,C:\Users\tahak\ogproject\adaptiveface\data\lfw\Carlos_Moya\Carlos_Moya_0016.jpg,False,False,False,multi,0.11972913146018982,zhanghuiwen
multi_max,wangxiaomin,C:\Users\tahak\ogproject\adaptiveface\data\rmfd\AFDB_face_dataset\wangxiaomin\0_0_wangxiaomin_0179.jpg,False,True,False,multi,0.3865475058555603,wangxiaomin
multi_max,weidaxun,C:\Users\tahak\ogproject\adaptiveface\data\rmfd\AFDB_face_dataset\weidaxun\1_0_weidaxun_0097.jpg,False,True,False,multi,0.3586801290512085,weidaxun
multi_max,tangwei,C:\Users\tahak\ogproject\adaptiveface\data\rmfd\AFDB_face_dataset\tangwei\1_0_tangwei_0239.jpg,False,True,False,multi,0.5763522386550903,tangwei
multi_max,Thomas_Bjorn,C:\Users\tahak\ogproject\adaptiveface\data\lfw\Thomas_Bjorn\Thomas_Bjorn_0001.jpg,False,False,False,multi,0.12459919601678848,xiongnaijin
multi_max,Carlos_Moya,C:\Users\tahak\ogproject\adaptiveface\data\lfw\Carlos_Moya\Carlos_Moya_0007.jpg,False,False,False,multi,0.1484466940164566,liuruilin
multi_max,zhouhuimin,C:\Users\tahak\ogproject\adaptiveface\data\rmfd\AFDB_masked_face_dataset\zhouhuimin\0_0_0.jpg,True,True,True,multi,0.45235395431518555,zhouhuimin
multi_max,Russell_Crowe,C:\Users\tahak\ogproject\adaptiveface\data\lfw\Russell_Crowe\Russell_Crowe_0001.jpg,False,False,False,multi,0.17103929817676544,chenxiang
multi_max,zhanghuiwen,C:\Users\tahak\ogproject\adaptiveface\data\rmfd\AFDB_face_dataset\zhanghuiwen\1_0_zhanghuiwen_0016.jpg,False,True,False,multi,0.3550879657268524,zhanghuiwen
multi_max,dingding,C:\Users\tahak\ogproject\adaptiveface\data\rmfd\AFDB_masked_face_dataset\dingding\0_0_5.jpg,True,True,False,multi,0.2228158563375473,wangyuan
multi_max,lianghanwen,C:\Users\tahak\ogproject\adaptiveface\data\rmfd\AFDB_masked_face_dataset\lianghanwen\0_0_0.jpg,True,True,True,multi,0.31472107768058777,zhangbinbin
multi_max,caiyilin,C:\Users\tahak\ogproject\adaptiveface\data\rmfd\AFDB_face_dataset\caiyilin\1_0_caiyilin_0132.jpg,False,True,False,multi,0.3313446044921875,caiyilin
multi_max,Carlos_Moya,C:\Users\tahak\ogproject\adaptiveface\data\lfw\Carlos_Moya\Carlos_Moya_0019.jpg,False,False,False,multi,0.14993301033973694,lianghanwen
multi_max,tongkeke,C:\Users\tahak\ogproject\adaptiveface\data\rmfd\AFDB_face_dataset\tongkeke\1_0_tongkeke_0067.jpg,False,True,False,multi,0.3983761966228485,tongkeke
multi_max,Pete_Rose,C:\Users\tahak\ogproject\adaptiveface\data\lfw\Pete_Rose\Pete_Rose_0002.jpg,False,False,False,multi,0.14200690388679504,yinengjing
multi_max,zhouhuimin,C:\Users\tahak\ogproject\adaptiveface\data\rmfd\AFDB_face_dataset\zhouhuimin\1_0_zhouhuimin_0212.jpg,False,True,False,multi,0.5421979427337646,zhouhuimin
multi_max,wangou,C:\Users\tahak\ogproject\adaptiveface\data\rmfd\AFDB_masked_face_dataset\wangou\0_0_0.jpg,True,True,True,multi,0.26989126205444336,zhangliangying
multi_max,Carlos_Moya,C:\Users\tahak\ogproject\adaptiveface\data\lfw\Carlos_Moya\Carlos_Moya_0009.jpg,False,False,False,multi,0.15646106004714966,lianghanwen
multi_max,Tim_Conway,C:\Users\tahak\ogproject\adaptiveface\data\lfw\Tim_Conway\Tim_Conway_0001.jpg,False,False,False,multi,0.10811945050954819,liyifeng
multi_max,Martha_Lucia_Ramirez,C:\Users\tahak\ogproject\adaptiveface\data\lfw\Martha_Lucia_Ramirez\Martha_Lucia_Ramirez_0003.jpg,False,False,False,multi,0.14091503620147705,yuyi
multi_max,Nicanor_Duarte_Frutos,C:\Users\tahak\ogproject\adaptiveface\data\lfw\Nicanor_Duarte_Frutos\Nicanor_Duarte_Frutos_0009.jpg,False,False,False,multi,0.1897924840450287,maoxiaotong
multi_max,Nicolas_Kiefer,C:\Users\tahak\ogproject\adaptiveface\data\lfw\Nicolas_Kiefer\Nicolas_Kiefer_0001.jpg,False,False,False,multi,0.1609824150800705,liudehua
multi_max,qinjunjie,C:\Users\tahak\ogproject\adaptiveface\data\rmfd\AFDB_face_dataset\qinjunjie\1_0_qinjunjie_0079.jpg,False,True,False,multi,0.3146510124206543,qinjunjie
multi_max,guofucheng,C:\Users\tahak\ogproject\adaptiveface\data\rmfd\AFDB_masked_face_dataset\guofucheng\0_0_7.jpg,True,True,True,multi,0.30240577459335327,guofucheng
multi_max,Bilal_Erdogan,C:\Users\tahak\ogproject\adaptiveface\data\lfw\Bilal_Erdogan\Bilal_Erdogan_0001.jpg,False,False,False,multi,0.1402275562286377,xiongdailin
multi_max,Robert_Wagner,C:\Users\tahak\ogproject\adaptiveface\data\lfw\Robert_Wagner\Robert_Wagner_0001.jpg,False,False,False,multi,0.15752586722373962,huojianhua
multi_max,xinzhilei,C:\Users\tahak\ogproject\adaptiveface\data\rmfd\AFDB_masked_face_dataset\xinzhilei\0_0_0.jpg,True,True,True,multi,0.23596322536468506,xiaozhan
multi_max,huozun,C:\Users\tahak\ogproject\adaptiveface\data\rmfd\AFDB_masked_face_dataset\huozun\0_0_4.jpg,True,True,True,multi,0.3275883197784424,huozun
multi_max,qiuze,C:\Users\tahak\ogproject\adaptiveface\data\rmfd\AFDB_masked_face_dataset\qiuze\0_0_2.jpg,True,True,True,multi,0.40309444069862366,qiuze
multi_max,gulinazha,C:\Users\tahak\ogproject\adaptiveface\data\rmfd\AFDB_face_dataset\gulinazha\1_0_gulinazha_0027.jpg,False,True,False,multi,0.42476534843444824,gulinazha
multi_max,jiangjinfu,C:\Users\tahak\ogproject\adaptiveface\data\rmfd\AFDB_face_dataset\jiangjinfu\1_0_jiangjinfu_0043.jpg,False,True,False,multi,0.5212669968605042,jiangjinfu
multi_max,chenfarong,C:\Users\tahak\ogproject\adaptiveface\data\rmfd\AFDB_masked_face_dataset\chenfarong\0_0_0.jpg,True,True,True,multi,0.3481011390686035,yangzi
multi_max,yeyiqian,C:\Users\tahak\ogproject\adaptiveface\data\rmfd\AFDB_face_dataset\yeyiqian\1_0_yeyiqian_0040.jpg,False,True,False,multi,0.3241490423679352,yeyiqian
multi_max,caiyilin,C:\Users\tahak\ogproject\adaptiveface\data\rmfd\AFDB_face_dataset\caiyilin\1_0_caiyilin_0047.jpg,False,True,False,multi,0.5920162200927734,caiyilin
multi_max,Eliane_Karp,C:\Users\tahak\ogproject\adaptiveface\data\lfw\Eliane_Karp\Eliane_Karp_0004.jpg,False,False,False,multi,0.13239704072475433,jiangkaitong
multi_max,yanni,C:\Users\tahak\ogproject\adaptiveface\data\rmfd\AFDB_face_dataset\yanni\1_0_yanni_0106.jpg,False,True,False,multi,0.5516252517700195,yanni
multi_max,luozhixiang,C:\Users\tahak\ogproject\adaptiveface\data\rmfd\AFDB_face_dataset\luozhixiang\1_0_luozhixiang_0057.jpg,False,True,False,multi,0.2718319892883301,yinengjing
multi_max,liyapeng,C:\Users\tahak\ogproject\adaptiveface\data\rmfd\AFDB_masked_face_dataset\liyapeng\0_0_0.jpg,True,True,True,multi,0.3541640043258667,liyapeng
multi_max,liuyifei,C:\Users\tahak\ogproject\adaptiveface\data\rmfd\AFDB_face_dataset\liuyifei\1_0_liuyifei_0098.jpg,False,True,False,multi,0.26121050119400024,liuyifei
multi_max,gulinazha,C:\Users\tahak\ogproject\adaptiveface\data\rmfd\AFDB_masked_face_dataset\gulinazha\0_0_18.jpg,True,True,True,multi,0.43690067529678345,gulinazha
multi_max,Lawrence_MacAulay,C:\Users\tahak\ogproject\adaptiveface\data\lfw\Lawrence_MacAulay\Lawrence_MacAulay_0002.jpg,False,False,False,multi,0.13589619100093842,liyifeng
multi_max,Bernard_Landry,C:\Users\tahak\ogproject\adaptiveface\data\lfw\Bernard_Landry\Bernard_Landry_0002.jpg,False,False,False,multi,0.13235792517662048,licaihua
multi_max,wulei,C:\Users\tahak\ogproject\adaptiveface\data\rmfd\AFDB_masked_face_dataset\wulei\0_0_1.jpg,True,True,True,multi,0.2751767039299011,wulei
multi_max,guojingfei,C:\Users\tahak\ogproject\adaptiveface\data\rmfd\AFDB_face_dataset\guojingfei\1_0_guojingfei_0126.jpg,False,True,False,multi,0.3768436312675476,guojingfei
multi_max,xuezhiqian,C:\Users\tahak\ogproject\adaptiveface\data\rmfd\AFDB_masked_face_dataset\xuezhiqian\1_0_14.jpg,True,True,True,multi,0.22563281655311584,wulei
multi_max,Michael_Phelps,C:\Users\tahak\ogproject\adaptiveface\data\lfw\Michael_Phelps\Michael_Phelps_0001.jpg,False,False,False,multi,0.24157416820526123,mali
multi_max,Dino_Risi,C:\Users\tahak\ogproject\adaptiveface\data\lfw\Dino_Risi\Dino_Risi_0001.jpg,False,False,False,multi,0.14671467244625092,chenxiang
multi_max,huangxuan,C:\Users\tahak\ogproject\adaptiveface\data\rmfd\AFDB_masked_face_dataset\huangxuan\0_0_11.jpg,True,True,True,multi,0.21875128149986267,huangxuan
multi_max,zhangtianai,C:\Users\tahak\ogproject\adaptiveface\data\rmfd\AFDB_face_dataset\zhangtianai\1_0_zhangtianai_0017.jpg,False,True,False,multi,0.41070854663848877,zhangtianai
multi_max,liyapeng,C:\Users\tahak\ogproject\adaptiveface\data\rmfd\AFDB_face_dataset\liyapeng\1_0_liyapeng_0074.jpg,False,True,False,multi,0.4978052079677582,liyapeng
multi_max,linyuan,C:\Users\tahak\ogproject\adaptiveface\data\rmfd\AFDB_masked_face_dataset\linyuan\0_0_0.jpg,True,True,True,multi,0.2591937184333801,linyuan
multi_max,xuezhiqian,C:\Users\tahak\ogproject\adaptiveface\data\rmfd\AFDB_face_dataset\xuezhiqian\0_0_xuezhiqian_0039.jpg,False,True,False,multi,0.2616356909275055,wulei
multi_max,wangxiaomin,C:\Users\tahak\ogproject\adaptiveface\data\rmfd\AFDB_face_dataset\wangxiaomin\1_0_wangxiaomin_0135.jpg,False,True,False,multi,0.32612287998199463,wangxiaomin
multi_max,Ann_Landers,C:\Users\tahak\ogproject\adaptiveface\data\lfw\Ann_Landers\Ann_Landers_0001.jpg,False,False,False,multi,0.14160996675491333,gutianle
multi_max,panyueming,C:\Users\tahak\ogproject\adaptiveface\data\rmfd\AFDB_face_dataset\panyueming\1_0_panyueming_0051.jpg,False,True,False,multi,0.5432426929473877,panyueming
multi_max,fanwei,C:\Users\tahak\ogproject\adaptiveface\data\rmfd\AFDB_face_dataset\fanwei\1_0_fanwei_0036.jpg,False,True,False,multi,0.4976835250854492,fanwei
multi_max,shuqi,C:\Users\tahak\ogproject\adaptiveface\data\rmfd\AFDB_face_dataset\shuqi\1_0_shuqi_0004.jpg,False,True,False,multi,0.28829216957092285,zhangjingjing
multi_max,dazhangwei,C:\Users\tahak\ogproject\adaptiveface\data\rmfd\AFDB_face_dataset\dazhangwei\1_0_dazhangwei_0019.jpg,False,True,False,multi,0.2833908796310425,zhangxueyou
multi_max,masu,C:\Users\tahak\ogproject\adaptiveface\data\rmfd\AFDB_masked_face_dataset\masu\0_0_19.jpg,True,True,True,multi,0.3275514841079712,masu
multi_max,pengjing,C:\Users\tahak\ogproject\adaptiveface\data\rmfd\AFDB_face_dataset\pengjing\1_0_pengjing_0017.jpg,False,True,False,multi,0.2534981966018677,zhangjingjing
multi_max,jiangyiyi,C:\Users\tahak\ogproject\adaptiveface\data\rmfd\AFDB_face_dataset\jiangyiyi\1_0_jiangyiyi_0202.jpg,False,True,False,multi,0.41312307119369507,jiangyiyi
multi_max,xuxidi,C:\Users\tahak\ogproject\adaptiveface\data\rmfd\AFDB_face_dataset\xuxidi\1_0_xuxidi_0002.jpg,False,True,False,multi,0.5180283784866333,xuxidi
multi_max,Darryl_McDaniels,C:\Users\tahak\ogproject\adaptiveface\data\lfw\Darryl_McDaniels\Darryl_McDaniels_0001.jpg,False,False,False,multi,0.1428770273923874,linyuan
multi_max,hejiong,C:\Users\tahak\ogproject\adaptiveface\data\rmfd\AFDB_face_dataset\hejiong\0_0_hejiong_0165.jpg,False,True,False,multi,0.4399884045124054,hejiong
multi_max,xuhaiqiao,C:\Users\tahak\ogproject\adaptiveface\data\rmfd\AFDB_face_dataset\xuhaiqiao\1_0_xuhaiqiao_0058.jpg,False,True,False,multi,0.23089033365249634,zhangbinbin
multi_max,xiongnaijin,C:\Users\tahak\ogproject\adaptiveface\data\rmfd\AFDB_masked_face_dataset\xiongnaijin\1_1_2.jpg,True,True,True,multi,0.25151145458221436,zhanghanyun
multi_max,Zoran_Djindjic,C:\Users\tahak\ogproject\adaptiveface\data\lfw\Zoran_Djindjic\Zoran_Djindjic_0003.jpg,False,False,False,multi,0.12912848591804504,jiangyiyi
multi_max,Mel_Gibson,C:\Users\tahak\ogproject\adaptiveface\data\lfw\Mel_Gibson\Mel_Gibson_0001.jpg,False,False,False,multi,0.12605267763137817,linjing
multi_max,lixiang,C:\Users\tahak\ogproject\adaptiveface\data\rmfd\AFDB_face_dataset\lixiang\1_0_lixiang_0118.jpg,False,True,False,multi,0.614072322845459,lixiang
multi_max,zhanghanyun,C:\Users\tahak\ogproject\adaptiveface\data\rmfd\AFDB_masked_face_dataset\zhanghanyun\0_0_6.jpg,True,True,True,multi,0.3645097613334656,zhanghanyun
multi_max,jianghongbo,C:\Users\tahak\ogproject\adaptiveface\data\rmfd\AFDB_masked_face_dataset\jianghongbo\0_0_1.jpg,True,True,True,multi,0.3255079984664917,jianghongbo
multi_max,songxiaobo,C:\Users\tahak\ogproject\adaptiveface\data\rmfd\AFDB_masked_face_dataset\songxiaobo\0_0_0.jpg,True,True,True,multi,0.20057635009288788,liyifeng
multi_max,Michael_Phelps,C:\Users\tahak\ogproject\adaptiveface\data\lfw\Michael_Phelps\Michael_Phelps_0004.jpg,False,False,False,multi,0.21651385724544525,zhaoliying
multi_max,yeyiqian,C:\Users\tahak\ogproject\adaptiveface\data\rmfd\AFDB_masked_face_dataset\yeyiqian\0_0_20.jpg,True,True,True,multi,0.3774154782295227,yeyiqian
multi_max,wangyuan,C:\Users\tahak\ogproject\adaptiveface\data\rmfd\AFDB_face_dataset\wangyuan\1_0_wangyuan_0057.jpg,False,True,False,multi,0.5992546081542969,wangyuan
multi_max,zhangxinyu,C:\Users\tahak\ogproject\adaptiveface\data\rmfd\AFDB_face_dataset\zhangxinyu\1_0_zhangxinyu_0002.jpg,False,True,False,multi,0.3260495066642761,zhanghanyun
multi_max,wangzuxian,C:\Users\tahak\ogproject\adaptiveface\data\rmfd\AFDB_masked_face_dataset\wangzuxian\0_0_18.jpg,True,True,True,multi,0.32820144295692444,wangzuxian
multi_max,zhangdanfeng,C:\Users\tahak\ogproject\adaptiveface\data\rmfd\AFDB_masked_face_dataset\zhangdanfeng\0_0_0.png,True,True,True,multi,0.36252641677856445,zhangdanfeng
multi_max,wuzhenyu,C:\Users\tahak\ogproject\adaptiveface\data\rmfd\AFDB_face_dataset\wuzhenyu\1_0_wuzhenyu_0010.jpg,False,True,False,multi,0.5522273182868958,wuzhenyu
multi_max,fanwei,C:\Users\tahak\ogproject\adaptiveface\data\rmfd\AFDB_masked_face_dataset\fanwei\0_0_1.png,True,True,True,multi,0.3015221059322357,fanwei
multi_max,sunyizhou,C:\Users\tahak\ogproject\adaptiveface\data\rmfd\AFDB_face_dataset\sunyizhou\0_0_sunyizhou_0152.jpg,False,True,False,multi,0.5111813545227051,sunyizhou
multi_max,lvyi,C:\Users\tahak\ogproject\adaptiveface\data\rmfd\AFDB_face_dataset\lvyi\1_0_lvyi_0012.jpg,False,True,False,multi,0.2037789672613144,zhangzifeng
multi_max,xiaozhan,C:\Users\tahak\ogproject\adaptiveface\data\rmfd\AFDB_masked_face_dataset\xiaozhan\0_0_5.jpg,True,True,True,multi,0.32296115159988403,zhangbinbin
multi_max,guofucheng,C:\Users\tahak\ogproject\adaptiveface\data\rmfd\AFDB_face_dataset\guofucheng\0_0_guofucheng_0128.jpg,False,True,False,multi,0.43637868762016296,guofucheng
multi_max,jianghongbo,C:\Users\tahak\ogproject\adaptiveface\data\rmfd\AFDB_face_dataset\jianghongbo\1_0_jianghongbo_0235.jpg,False,True,False,multi,0.4198434352874756,jianghongbo
multi_max,wuzhenyu,C:\Users\tahak\ogproject\adaptiveface\data\rmfd\AFDB_masked_face_dataset\wuzhenyu\0_0_6.jpg,True,True,True,multi,0.3404505252838135,wuzhenyu
multi_max,zhangtianai,C:\Users\tahak\ogproject\adaptiveface\data\rmfd\AFDB_masked_face_dataset\zhangtianai\0_0_1.jpg,True,True,True,multi,0.2958149313926697,zhangtianai
multi_max,lvjiarong,C:\Users\tahak\ogproject\adaptiveface\data\rmfd\AFDB_masked_face_dataset\lvjiarong\0_0_0.jpg,True,True,True,multi,0.31232860684394836,hujing
multi_max,huge,C:\Users\tahak\ogproject\adaptiveface\data\rmfd\AFDB_masked_face_dataset\huge\1_0_10.jpg,True,True,True,multi,0.2784956395626068,zhanghuiwen
multi_max,zhangshaohan,C:\Users\tahak\ogproject\adaptiveface\data\rmfd\AFDB_face_dataset\zhangshaohan\1_0_zhangshaohan_0146.jpg,False,True,False,multi,0.42273250222206116,zhangshaohan
multi_max,Carlos_Moya,C:\Users\tahak\ogproject\adaptiveface\data\lfw\Carlos_Moya\Carlos_Moya_0003.jpg,False,False,False,multi,0.15815246105194092,zhanghuiwen
multi_max,xuhao,C:\Users\tahak\ogproject\adaptiveface\data\rmfd\AFDB_face_dataset\xuhao\1_0_xuhao_0191.jpg,False,True,False,multi,0.5999839305877686,xuhao
multi_max,hejiong,C:\Users\tahak\ogproject\adaptiveface\data\rmfd\AFDB_face_dataset\hejiong\1_0_hejiong_0101.jpg,False,True,False,multi,0.3558286428451538,hejiong
multi_max,zhangshaohan,C:\Users\tahak\ogproject\adaptiveface\data\rmfd\AFDB_masked_face_dataset\zhangshaohan\0_0_0.jpg,True,True,True,multi,0.20321355760097504,guanxiaotong
multi_max,caiyilin,C:\Users\tahak\ogproject\adaptiveface\data\rmfd\AFDB_masked_face_dataset\caiyilin\0_0_5.jpg,True,True,True,multi,0.22292089462280273,tanweiwei
multi_max,Kifah_Ajouri,C:\Users\tahak\ogproject\adaptiveface\data\lfw\Kifah_Ajouri\Kifah_Ajouri_0002.jpg,False,False,False,multi,0.20105352997779846,xuzheng
multi_max,huashao,C:\Users\tahak\ogproject\adaptiveface\data\rmfd\AFDB_face_dataset\huashao\0_0_huashao_0073.jpg,False,True,False,multi,0.1713731586933136,qinjunjie
multi_max,zhangliangying,C:\Users\tahak\ogproject\adaptiveface\data\rmfd\AFDB_masked_face_dataset\zhangliangying\0_0_2.jpg,True,True,True,multi,0.26254022121429443,yangzi
multi_max,wangyu,C:\Users\tahak\ogproject\adaptiveface\data\rmfd\AFDB_masked_face_dataset\wangyu\0_1_0.jpg,True,True,True,multi,0.22651569545269012,pengjing
multi_max,jianailiang,C:\Users\tahak\ogproject\adaptiveface\data\rmfd\AFDB_face_dataset\jianailiang\1_0_jianailiang_0167.jpg,False,True,False,multi,0.361655056476593,jianailiang
multi_max,zhangjingjing,C:\Users\tahak\ogproject\adaptiveface\data\rmfd\AFDB_masked_face_dataset\zhangjingjing\0_0_0.jpg,True,True,True,multi,0.2997443974018097,liushishi
multi_max,wangqing,C:\Users\tahak\ogproject\adaptiveface\data\rmfd\AFDB_masked_face_dataset\wangqing\0_0_33.jpg,True,True,True,multi,0.3294615149497986,wangqing
multi_max,Carlos_Moya,C:\Users\tahak\ogproject\adaptiveface\data\lfw\Carlos_Moya\Carlos_Moya_0010.jpg,False,False,False,multi,0.13239312171936035,lianghanwen
multi_max,Charles_Richardson,C:\Users\tahak\ogproject\adaptiveface\data\lfw\Charles_Richardson\Charles_Richardson_0001.jpg,False,False,False,multi,0.1358441263437271,zhaoyihuan
multi_max,yingcaier,C:\Users\tahak\ogproject\adaptiveface\data\rmfd\AFDB_face_dataset\yingcaier\1_0_yingcaier_0128.jpg,False,True,False,multi,0.219242662191391,xiongnaijin
multi_max,shaofeng,C:\Users\tahak\ogproject\adaptiveface\data\rmfd\AFDB_face_dataset\shaofeng\1_0_shaofeng_0057.jpg,False,True,False,multi,0.6024682521820068,shaofeng
multi_max,dazhangwei,C:\Users\tahak\ogproject\adaptiveface\data\rmfd\AFDB_face_dataset\dazhangwei\1_0_dazhangwei_0079.jpg,False,True,False,multi,0.2706224322319031,zhengyecheng
multi_max,Ian_McKellen,C:\Users\tahak\ogproject\adaptiveface\data\lfw\Ian_McKellen\Ian_McKellen_0002.jpg,False,False,False,multi,0.13265755772590637,lianghanwen
multi_max,liuyifei,C:\Users\tahak\ogproject\adaptiveface\data\rmfd\AFDB_face_dataset\liuyifei\1_0_liuyifei_0137.jpg,False,True,False,multi,0.498832106590271,liuyifei
multi_max,linyichen,C:\Users\tahak\ogproject\adaptiveface\data\rmfd\AFDB_masked_face_dataset\linyichen\1_0_2.jpg,True,True,True,multi,0.3684002161026001,jianghongbo
multi_max,zhouhuimin,C:\Users\tahak\ogproject\adaptiveface\data\rmfd\AFDB_face_dataset\zhouhuimin\1_0_zhouhuimin_0226.jpg,False,True,False,multi,0.36987677216529846,zhouhuimin
multi_max,Bernard_Law,C:\Users\tahak\ogproject\adaptiveface\data\lfw\Bernard_Law\Bernard_Law_0003.jpg,False,False,False,multi,0.15004925429821014,zhangbinbin
multi_max,shuqi,C:\Users\tahak\ogproject\adaptiveface\data\rmfd\AFDB_masked_face_dataset\shuqi\1_0_1.jpg,True,True,False,multi,0.3242163062095642,zhouxun
multi_max,Mark_Hurlbert,C:\Users\tahak\ogproject\adaptiveface\data\lfw\Mark_Hurlbert\Mark_Hurlbert_0002.jpg,False,False,False,multi,0.13707080483436584,chenkun
multi_max,liudehua,C:\Users\tahak\ogproject\adaptiveface\data\rmfd\AFDB_masked_face_dataset\liudehua\0_0_8.jpg,True,True,True,multi,0.4164136052131653,liudehua
multi_max,wangyu,C:\Users\tahak\ogproject\adaptiveface\data\rmfd\AFDB_face_dataset\wangyu\1_0_wangyu_0210.jpg,False,True,False,multi,0.3928486108779907,wangyu
multi_max,zhanghanyun,C:\Users\tahak\ogproject\adaptiveface\data\rmfd\AFDB_masked_face_dataset\zhanghanyun\0_0_11.jpg,True,True,True,multi,0.3017442226409912,zhanghanyun
multi_max,liudehua,C:\Users\tahak\ogproject\adaptiveface\data\rmfd\AFDB_masked_face_dataset\liudehua\0_1_1.jpg,True,True,True,multi,0.39597994089126587,liudehua
multi_max,wuzhenyu,C:\Users\tahak\ogproject\adaptiveface\data\rmfd\AFDB_masked_face_dataset\wuzhenyu\0_1_5.jpg,True,True,True,multi,0.5018210411071777,wuzhenyu
multi_max,tanweiwei,C:\Users\tahak\ogproject\adaptiveface\data\rmfd\AFDB_face_dataset\tanweiwei\1_0_tanweiwei_0024.jpg,False,True,False,multi,0.23752914369106293,tanweiwei
multi_max,yanyikuan,C:\Users\tahak\ogproject\adaptiveface\data\rmfd\AFDB_masked_face_dataset\yanyikuan\0_0_3.jpg,True,True,True,multi,0.4015960991382599,yanyikuan
multi_max,zhangxueying,C:\Users\tahak\ogproject\adaptiveface\data\rmfd\AFDB_face_dataset\zhangxueying\1_0_zhangxueying_0181.jpg,False,True,False,multi,0.45677798986434937,zhangxueying
multi_max,xuzheng,C:\Users\tahak\ogproject\adaptiveface\data\rmfd\AFDB_face_dataset\xuzheng\1_0_xuzheng_0147.jpg,False,True,False,multi,0.49354028701782227,xuzheng
multi_max,Michael_Phelps,C:\Users\tahak\ogproject\adaptiveface\data\lfw\Michael_Phelps\Michael_Phelps_0003.jpg,False,False,False,multi,0.17311280965805054,zhangbinbin
multi_max,zhangbinbin,C:\Users\tahak\ogproject\adaptiveface\data\rmfd\AFDB_face_dataset\zhangbinbin\1_0_zhangbinbin_0194.jpg,False,True,False,multi,0.4999789893627167,zhangbinbin
multi_max,hanqingzi,C:\Users\tahak\ogproject\adaptiveface\data\rmfd\AFDB_masked_face_dataset\hanqingzi\0_0_1.jpg,True,True,True,multi,0.26121529936790466,zhangxueying
multi_max,zhouxun,C:\Users\tahak\ogproject\adaptiveface\data\rmfd\AFDB_face_dataset\zhouxun\0_0_zhouxun_0089.jpg,False,True,False,multi,0.44337400794029236,zhouxun
multi_max,yanni,C:\Users\tahak\ogproject\adaptiveface\data\rmfd\AFDB_masked_face_dataset\yanni\0_0_17.jpg,True,True,True,multi,0.1953708976507187,hejiong
multi_max,zhangxinyu,C:\Users\tahak\ogproject\adaptiveface\data\rmfd\AFDB_masked_face_dataset\zhangxinyu\1_0_21.jpg,True,True,False,multi,0.2649266719818115,wangxiaomin
multi_max,masu,C:\Users\tahak\ogproject\adaptiveface\data\rmfd\AFDB_face_dataset\masu\1_0_masu_0145.jpg,False,True,False,multi,0.5171847343444824,masu
multi_max,benxi,C:\Users\tahak\ogproject\adaptiveface\data\rmfd\AFDB_face_dataset\benxi\1_0_benxi_0100.jpg,False,True,False,multi,0.19403786957263947,xiongnaijin
multi_max,pengjing,C:\Users\tahak\ogproject\adaptiveface\data\rmfd\AFDB_masked_face_dataset\pengjing\0_0_20.jpg,True,True,True,multi,0.19159245491027832,liusongren
multi_max,zhanghanyun,C:\Users\tahak\ogproject\adaptiveface\data\rmfd\AFDB_face_dataset\zhanghanyun\0_0_zhanghanyun_0149.jpg,False,True,False,multi,0.4852178692817688,zhanghanyun
multi_max,tangwei,C:\Users\tahak\ogproject\adaptiveface\data\rmfd\AFDB_face_dataset\tangwei\1_0_tangwei_0004.jpg,False,True,False,multi,0.41656437516212463,tangwei
multi_max,Keith_Bogans,C:\Users\tahak\ogproject\adaptiveface\data\lfw\Keith_Bogans\Keith_Bogans_0001.jpg,False,False,False,multi,0.1358642280101776,songqian
multi_max,maqiguang,C:\Users\tahak\ogproject\adaptiveface\data\rmfd\AFDB_face_dataset\maqiguang\1_0_maqiguang_0003.jpg,False,True,False,multi,0.4380853772163391,maqiguang
multi_max,guanxiaotong,C:\Users\tahak\ogproject\adaptiveface\data\rmfd\AFDB_face_dataset\guanxiaotong\1_0_guanxiaotong_0080.jpg,False,True,False,multi,0.5137527585029602,guanxiaotong
multi_max,hujing,C:\Users\tahak\ogproject\adaptiveface\data\rmfd\AFDB_face_dataset\hujing\1_0_hujing_0176.jpg,False,True,False,multi,0.40235793590545654,hujing
multi_max,Diego_Colorado,C:\Users\tahak\ogproject\adaptiveface\data\lfw\Diego_Colorado\Diego_Colorado_0001.jpg,False,False,False,multi,0.15082603693008423,chenxiang
multi_max,zhangbo,C:\Users\tahak\ogproject\adaptiveface\data\rmfd\AFDB_masked_face_dataset\zhangbo\0_0_0.jpg,True,True,True,multi,0.408078134059906,zhangbo
multi_max,linjing,C:\Users\tahak\ogproject\adaptiveface\data\rmfd\AFDB_face_dataset\linjing\1_0_linjing_0053.jpg,False,True,False,multi,0.559014081954956,linjing
multi_max,Yoon_Young-kwan,C:\Users\tahak\ogproject\adaptiveface\data\lfw\Yoon_Young-kwan\Yoon_Young-kwan_0001.jpg,False,False,False,multi,0.17666038870811462,zhangxueyou
multi_max,huxia,C:\Users\tahak\ogproject\adaptiveface\data\rmfd\AFDB_face_dataset\huxia\1_0_huxia_0078.jpg,False,True,False,multi,0.18396729230880737,lixiang
multi_max,luozhixiang,C:\Users\tahak\ogproject\adaptiveface\data\rmfd\AFDB_masked_face_dataset\luozhixiang\0_0_0.jpg,True,True,True,multi,0.23013514280319214,linjing
multi_max,yangzi,C:\Users\tahak\ogproject\adaptiveface\data\rmfd\AFDB_face_dataset\yangzi\0_0_yangzi_0076.jpg,False,True,False,multi,0.40101805329322815,yangzi
multi_max,liyapeng,C:\Users\tahak\ogproject\adaptiveface\data\rmfd\AFDB_face_dataset\liyapeng\1_0_liyapeng_0138.jpg,False,True,False,multi,0.357166051864624,liyapeng
multi_max,yinengjing,C:\Users\tahak\ogproject\adaptiveface\data\rmfd\AFDB_face_dataset\yinengjing\1_0_yinengjing_0051.jpg,False,True,False,multi,0.388377845287323,yinengjing
multi_max,Michael_Chiklis,C:\Users\tahak\ogproject\adaptiveface\data\lfw\Michael_Chiklis\Michael_Chiklis_0001.jpg,False,False,False,multi,0.1740901619195938,maqiguang
multi_max,Omar_Vizquel,C:\Users\tahak\ogproject\adaptiveface\data\lfw\Omar_Vizquel\Omar_Vizquel_0001.jpg,False,False,False,multi,0.1542271226644516,zhaoliying
multi_max,maoxiaotong,C:\Users\tahak\ogproject\adaptiveface\data\rmfd\AFDB_face_dataset\maoxiaotong\0_0_maoxiaotong_0122.jpg,False,True,False,multi,0.36167722940444946,maoxiaotong
multi_max,huxia,C:\Users\tahak\ogproject\adaptiveface\data\rmfd\AFDB_masked_face_dataset\huxia\0_0_18.jpg,True,True,True,multi,0.1881120502948761,pengjing
multi_max,zhanghuiwen,C:\Users\tahak\ogproject\adaptiveface\data\rmfd\AFDB_face_dataset\zhanghuiwen\1_0_zhanghuiwen_0035.jpg,False,True,False,multi,0.5485953688621521,zhanghuiwen
multi_max,mowenwei,C:\Users\tahak\ogproject\adaptiveface\data\rmfd\AFDB_face_dataset\mowenwei\1_0_mowenwei_0016.jpg,False,True,False,multi,0.3524840474128723,mowenwei
multi_max,jiangjinfu,C:\Users\tahak\ogproject\adaptiveface\data\rmfd\AFDB_masked_face_dataset\jiangjinfu\1_0_15.jpg,True,True,True,multi,0.4417375326156616,jiangjinfu
multi_max,raowei,C:\Users\tahak\ogproject\adaptiveface\data\rmfd\AFDB_masked_face_dataset\raowei\0_0_3.jpg,True,True,False,multi,0.3670974671840668,raowei
multi_max,jianghongbo,C:\Users\tahak\ogproject\adaptiveface\data\rmfd\AFDB_face_dataset\jianghongbo\1_0_jianghongbo_0127.jpg,False,True,False,multi,0.46021872758865356,jianghongbo
multi_max,guojingjing,C:\Users\tahak\ogproject\adaptiveface\data\rmfd\AFDB_masked_face_dataset\guojingjing\0_0_4.jpg,True,True,True,multi,0.29246819019317627,liuxiang
multi_max,huangzhongkun,C:\Users\tahak\ogproject\adaptiveface\data\rmfd\AFDB_face_dataset\huangzhongkun\1_0_huangzhongkun_0117.jpg,False,True,False,multi,0.5310254096984863,huangzhongkun
multi_max,zhangxueyou,C:\Users\tahak\ogproject\adaptiveface\data\rmfd\AFDB_masked_face_dataset\zhangxueyou\0_0_1.jpg,True,True,True,multi,0.2822606563568115,chenfarong
multi_max,huangxuan,C:\Users\tahak\ogproject\adaptiveface\data\rmfd\AFDB_face_dataset\huangxuan\1_0_huangxuan_0020.jpg,False,True,False,multi,0.4895283877849579,huangxuan
multi_max,handongjun,C:\Users\tahak\ogproject\adaptiveface\data\rmfd\AFDB_face_dataset\handongjun\1_0_handongjun_0209.jpg,False,True,False,multi,0.26148417592048645,zhangxueyou
multi_max,xiena,C:\Users\tahak\ogproject\adaptiveface\data\rmfd\AFDB_face_dataset\xiena\1_0_xiena_0233.jpg,False,True,False,multi,0.282786101102829,yeyiqian
multi_max,lvyi,C:\Users\tahak\ogproject\adaptiveface\data\rmfd\AFDB_masked_face_dataset\lvyi\0_0_0.png,True,True,True,multi,0.2994731366634369,jianghongbo
multi_max,caizhuoyan,C:\Users\tahak\ogproject\adaptiveface\data\rmfd\AFDB_face_dataset\caizhuoyan\1_0_caizhuoyan_0053.jpg,False,True,False,multi,0.40106531977653503,caizhuoyan
multi_max,Sean_Patrick_Thomas,C:\Users\tahak\ogproject\adaptiveface\data\lfw\Sean_Patrick_Thomas\Sean_Patrick_Thomas_0001.jpg,False,False,False,multi,0.15558186173439026,huangbo
multi_max,raowei,C:\Users\tahak\ogproject\adaptiveface\data\rmfd\AFDB_face_dataset\raowei\1_0_raowei_0019.jpg,False,True,False,multi,0.31014835834503174,wulei
multi_max,jiangjinfu,C:\Users\tahak\ogproject\adaptiveface\data\rmfd\AFDB_face_dataset\jiangjinfu\1_0_jiangjinfu_0233.jpg,False,True,False,multi,0.44162243604660034,jiangjinfu
multi_max,Michael_Chiklis,C:\Users\tahak\ogproject\adaptiveface\data\lfw\Michael_Chiklis\Michael_Chiklis_0003.jpg,False,False,False,multi,0.16628411412239075,wuzhenyu
multi_max,Carlos_Moya,C:\Users\tahak\ogproject\adaptiveface\data\lfw\Carlos_Moya\Carlos_Moya_0018.jpg,False,False,False,multi,0.13574719429016113,huozun
multi_max,maqiguang,C:\Users\tahak\ogproject\adaptiveface\data\rmfd\AFDB_masked_face_dataset\maqiguang\0_0_0.jpg,True,True,True,multi,0.27698513865470886,maqiguang
multi_max,zhanghuiwen,C:\Users\tahak\ogproject\adaptiveface\data\rmfd\AFDB_masked_face_dataset\zhanghuiwen\1_0_8.jpg,True,True,False,multi,0.45390188694000244,zhanghuiwen
multi_max,gongbeibi,C:\Users\tahak\ogproject\adaptiveface\data\rmfd\AFDB_masked_face_dataset\gongbeibi\0_0_0.jpg,True,True,True,multi,0.44842469692230225,gongbeibi
multi_max,Terry_Lynn_Barton,C:\Users\tahak\ogproject\adaptiveface\data\lfw\Terry_Lynn_Barton\Terry_Lynn_Barton_0001.jpg,False,False,False,multi,0.16887211799621582,xudongdong
multi_max,huangzitao,C:\Users\tahak\ogproject\adaptiveface\data\rmfd\AFDB_face_dataset\huangzitao\1_0_huangzitao_0117.jpg,False,True,False,multi,0.5113412737846375,huangzitao
multi_max,yuyi,C:\Users\tahak\ogproject\adaptiveface\data\rmfd\AFDB_face_dataset\yuyi\1_0_yuyi_0040.jpg,False,True,False,multi,0.6655364036560059,yuyi
multi_max,huojianhua,C:\Users\tahak\ogproject\adaptiveface\data\rmfd\AFDB_masked_face_dataset\huojianhua\0_1_26.jpg,True,True,True,multi,0.3964218497276306,huojianhua
multi_max,xuhao,C:\Users\tahak\ogproject\adaptiveface\data\rmfd\AFDB_face_dataset\xuhao\1_0_xuhao_0135.jpg,False,True,False,multi,0.4500305652618408,xuhao
multi_max,zhangbinbin,C:\Users\tahak\ogproject\adaptiveface\data\rmfd\AFDB_masked_face_dataset\zhangbinbin\0_0_0.jpg,True,True,True,multi,0.3324263095855713,zhangbinbin
multi_max,huge,C:\Users\tahak\ogproject\adaptiveface\data\rmfd\AFDB_face_dataset\huge\1_0_huge_0004.jpg,False,True,False,multi,0.5491290092468262,huge
multi_max,wangluodan,C:\Users\tahak\ogproject\adaptiveface\data\rmfd\AFDB_masked_face_dataset\wangluodan\0_0_14.jpg,True,True,True,multi,0.22857877612113953,wangluodan
multi_max,mali,C:\Users\tahak\ogproject\adaptiveface\data\rmfd\AFDB_face_dataset\mali\1_0_mali_0011.jpg,False,True,False,multi,0.4187116026878357,mali
multi_max,liudehua,C:\Users\tahak\ogproject\adaptiveface\data\rmfd\AFDB_face_dataset\liudehua\0_0_liudehua_0095.jpg,False,True,False,multi,0.4863346815109253,liudehua
multi_max,duwenze,C:\Users\tahak\ogproject\adaptiveface\data\rmfd\AFDB_face_dataset\duwenze\1_0_duwenze_0004.jpg,False,True,False,multi,0.6188216209411621,duwenze
multi_max,Kellie_Coffey,C:\Users\tahak\ogproject\adaptiveface\data\lfw\Kellie_Coffey\Kellie_Coffey_0001.jpg,False,False,False,multi,0.1533312052488327,liuyifei
multi_max,xiongnaijin,C:\Users\tahak\ogproject\adaptiveface\data\rmfd\AFDB_masked_face_dataset\xiongnaijin\0_0_2.jpg,True,True,True,multi,0.2744031846523285,zhaoliying
multi_max,fengjianyu,C:\Users\tahak\ogproject\adaptiveface\data\rmfd\AFDB_masked_face_dataset\fengjianyu\0_0_1.jpg,True,True,True,multi,0.33808666467666626,fengjianyu
multi_max,zhangdanfeng,C:\Users\tahak\ogproject\adaptiveface\data\rmfd\AFDB_face_dataset\zhangdanfeng\1_0_zhangdanfeng_0104.jpg,False,True,False,multi,0.5644360184669495,zhangdanfeng
multi_max,xuhaiqiao,C:\Users\tahak\ogproject\adaptiveface\data\rmfd\AFDB_masked_face_dataset\xuhaiqiao\0_0_11.jpg,True,True,True,multi,0.2503488063812256,jianailiang
multi_max,fanwei,C:\Users\tahak\ogproject\adaptiveface\data\rmfd\AFDB_masked_face_dataset\fanwei\0_0_0.png,True,True,True,multi,0.348160058259964,fanwei
multi_max,wangluodan,C:\Users\tahak\ogproject\adaptiveface\data\rmfd\AFDB_face_dataset\wangluodan\1_0_wangluodan_0014.jpg,False,True,False,multi,0.4463832974433899,wangluodan
multi_max,Nicanor_Duarte_Frutos,C:\Users\tahak\ogproject\adaptiveface\data\lfw\Nicanor_Duarte_Frutos\Nicanor_Duarte_Frutos_0003.jpg,False,False,False,multi,0.1576332151889801,liudehua
multi_max,linjing,C:\Users\tahak\ogproject\adaptiveface\data\rmfd\AFDB_face_dataset\linjing\1_0_linjing_0106.jpg,False,True,False,multi,0.3511609137058258,linjing
multi_max,duwenze,C:\Users\tahak\ogproject\adaptiveface\data\rmfd\AFDB_face_dataset\duwenze\1_0_duwenze_0071.jpg,False,True,False,multi,0.5029898881912231,duwenze
multi_max,xietingfeng,C:\Users\tahak\ogproject\adaptiveface\data\rmfd\AFDB_face_dataset\xietingfeng\1_0_xietingfeng_0191.jpg,False,True,False,multi,0.47315213084220886,xietingfeng
multi_max,Carlos_Lordkipanitse,C:\Users\tahak\ogproject\adaptiveface\data\lfw\Carlos_Lordkipanitse\Carlos_Lordkipanitse_0001.jpg,False,False,False,multi,0.13344106078147888,gulinazha
multi_max,Duncan_Fletcher,C:\Users\tahak\ogproject\adaptiveface\data\lfw\Duncan_Fletcher\Duncan_Fletcher_0001.jpg,False,False,False,multi,0.15830090641975403,huangxuan
multi_max,handongjun,C:\Users\tahak\ogproject\adaptiveface\data\rmfd\AFDB_masked_face_dataset\handongjun\0_0_1.png,True,True,True,multi,0.22384583950042725,chenkun
multi_max,benxi,C:\Users\tahak\ogproject\adaptiveface\data\rmfd\AFDB_face_dataset\benxi\1_0_benxi_0042.jpg,False,True,False,multi,0.32246288657188416,xieanqi
multi_max,qinjunjie,C:\Users\tahak\ogproject\adaptiveface\data\rmfd\AFDB_masked_face_dataset\qinjunjie\0_0_5.jpg,True,True,True,multi,0.2183503806591034,huangxiaoming
multi_max,zhangjingjing,C:\Users\tahak\ogproject\adaptiveface\data\rmfd\AFDB_face_dataset\zhangjingjing\1_0_zhangjingjing_0006.jpg,False,True,False,multi,0.2861836552619934,licaihua
multi_max,xieanqi,C:\Users\tahak\ogproject\adaptiveface\data\rmfd\AFDB_face_dataset\xieanqi\1_0_xieanqi_0059.jpg,False,True,False,multi,0.43353527784347534,xieanqi
multi_max,liuyifei,C:\Users\tahak\ogproject\adaptiveface\data\rmfd\AFDB_masked_face_dataset\liuyifei\1_0_1.jpg,True,True,True,multi,0.26278752088546753,xuhao
multi_max,huangxuan,C:\Users\tahak\ogproject\adaptiveface\data\rmfd\AFDB_face_dataset\huangxuan\1_0_huangxuan_0013.jpg,False,True,False,multi,0.4980965256690979,huangxuan
multi_max,yumenglong,C:\Users\tahak\ogproject\adaptiveface\data\rmfd\AFDB_masked_face_dataset\yumenglong\0_0_2.jpg,True,True,True,multi,0.3017001748085022,yumenglong
multi_max,Mark_Broxmeyer,C:\Users\tahak\ogproject\adaptiveface\data\lfw\Mark_Broxmeyer\Mark_Broxmeyer_0001.jpg,False,False,False,multi,0.16087114810943604,wuzhenyu
multi_max,ruanjingtian,C:\Users\tahak\ogproject\adaptiveface\data\rmfd\AFDB_face_dataset\ruanjingtian\1_0_ruanjingtian_0125.jpg,False,True,False,multi,0.5374565124511719,ruanjingtian
multi_max,gutianle,C:\Users\tahak\ogproject\adaptiveface\data\rmfd\AFDB_face_dataset\gutianle\1_0_gutianle_0053.jpg,False,True,False,multi,0.5873628854751587,gutianle
multi_max,Bernard_Landry,C:\Users\tahak\ogproject\adaptiveface\data\lfw\Bernard_Landry\Bernard_Landry_0001.jpg,False,False,False,multi,0.13394169509410858,guojingfei
multi_max,chenyi,C:\Users\tahak\ogproject\adaptiveface\data\rmfd\AFDB_face_dataset\chenyi\1_0_chenyi_0050.jpg,False,True,False,multi,0.4763376712799072,chenyi
multi_max,zhangzifeng,C:\Users\tahak\ogproject\adaptiveface\data\rmfd\AFDB_face_dataset\zhangzifeng\1_0_zhangzifeng_0074.jpg,False,True,False,multi,0.2616328001022339,mowenwei
multi_max,Carlos_Moya,C:\Users\tahak\ogproject\adaptiveface\data\lfw\Carlos_Moya\Carlos_Moya_0014.jpg,False,False,False,multi,0.12647807598114014,huozun
multi_max,xiena,C:\Users\tahak\ogproject\adaptiveface\data\rmfd\AFDB_masked_face_dataset\xiena\1_1_1.jpg,True,True,False,multi,0.20393827557563782,tongliya
multi_max,xiaozhan,C:\Users\tahak\ogproject\adaptiveface\data\rmfd\AFDB_face_dataset\xiaozhan\1_0_xiaozhan_0156.jpg,False,True,False,multi,0.5181876420974731,xiaozhan
multi_max,hejiong,C:\Users\tahak\ogproject\adaptiveface\data\rmfd\AFDB_masked_face_dataset\hejiong\0_0_1.jpg,True,True,False,multi,0.1798364818096161,yinzheng
multi_max,matianyu,C:\Users\tahak\ogproject\adaptiveface\data\rmfd\AFDB_face_dataset\matianyu\1_0_matianyu_0153.jpg,False,True,False,multi,0.4030877351760864,matianyu
multi_max,zhangbo,C:\Users\tahak\ogproject\adaptiveface\data\rmfd\AFDB_face_dataset\zhangbo\1_0_zhangbo_0195.jpg,False,True,False,multi,0.3906756043434143,zhangbo
multi_max,Shania_Twain,C:\Users\tahak\ogproject\adaptiveface\data\lfw\Shania_Twain\Shania_Twain_0001.jpg,False,False,False,multi,0.1693124920129776,chenkun
multi_max,xietingfeng,C:\Users\tahak\ogproject\adaptiveface\data\rmfd\AFDB_face_dataset\xietingfeng\1_0_xietingfeng_0155.jpg,False,True,False,multi,0.6884477138519287,xietingfeng
multi_max,songqian,C:\Users\tahak\ogproject\adaptiveface\data\rmfd\AFDB_face_dataset\songqian\1_0_songqian_0200.jpg,False,True,False,multi,0.22068531811237335,caiyilin
multi_max,jiangkaitong,C:\Users\tahak\ogproject\adaptiveface\data\rmfd\AFDB_face_dataset\jiangkaitong\1_0_jiangkaitong_0082.jpg,False,True,False,multi,0.3486769199371338,jiangkaitong
multi_max,Nicanor_Duarte_Frutos,C:\Users\tahak\ogproject\adaptiveface\data\lfw\Nicanor_Duarte_Frutos\Nicanor_Duarte_Frutos_0006.jpg,False,False,False,multi,0.17735958099365234,liuruilin
multi_max,huangbo,C:\Users\tahak\ogproject\adaptiveface\data\rmfd\AFDB_face_dataset\huangbo\1_0_huangbo_0110.jpg,False,True,False,multi,0.5209176540374756,huangbo
multi_max,huangrihua,C:\Users\tahak\ogproject\adaptiveface\data\rmfd\AFDB_masked_face_dataset\huangrihua\0_0_5.jpg,True,True,True,multi,0.22001269459724426,yanyikuan
multi_max,shenmengchen,C:\Users\tahak\ogproject\adaptiveface\data\rmfd\AFDB_face_dataset\shenmengchen\1_0_shenmengchen_0108.jpg,False,True,False,multi,0.5617316961288452,shenmengchen
multi_max,songxiaobo,C:\Users\tahak\ogproject\adaptiveface\data\rmfd\AFDB_face_dataset\songxiaobo\1_0_songxiaobo_0198.jpg,False,True,False,multi,0.2089955359697342,gongbeibi
multi_max,xiena,C:\Users\tahak\ogproject\adaptiveface\data\rmfd\AFDB_face_dataset\xiena\1_0_xiena_0017.jpg,False,True,False,multi,0.27642250061035156,zhanghanyun
multi_max,tongkeke,C:\Users\tahak\ogproject\adaptiveface\data\rmfd\AFDB_face_dataset\tongkeke\0_0_tongkeke_0188.jpg,False,True,False,multi,0.26441845297813416,tongkeke
multi_max,Nicanor_Duarte_Frutos,C:\Users\tahak\ogproject\adaptiveface\data\lfw\Nicanor_Duarte_Frutos\Nicanor_Duarte_Frutos_0005.jpg,False,False,False,multi,0.15322938561439514,liudehua
multi_max,Mark_Hurlbert,C:\Users\tahak\ogproject\adaptiveface\data\lfw\Mark_Hurlbert\Mark_Hurlbert_0004.jpg,False,False,False,multi,0.12048091739416122,liyifeng
multi_max,Virgina_Ruano_Pascal,C:\Users\tahak\ogproject\adaptiveface\data\lfw\Virgina_Ruano_Pascal\Virgina_Ruano_Pascal_0001.jpg,False,False,False,multi,0.17315170168876648,caizhuoyan
multi_max,gulinazha,C:\Users\tahak\ogproject\adaptiveface\data\rmfd\AFDB_masked_face_dataset\gulinazha\0_0_1.jpg,True,True,True,multi,0.3003586530685425,gulinazha
multi_max,xuhaiqiao,C:\Users\tahak\ogproject\adaptiveface\data\rmfd\AFDB_face_dataset\xuhaiqiao\1_0_xuhaiqiao_0103.jpg,False,True,False,multi,0.277693510055542,raowei
multi_max,Michael_Phelps,C:\Users\tahak\ogproject\adaptiveface\data\lfw\Michael_Phelps\Michael_Phelps_0005.jpg,False,False,False,multi,0.18242596089839935,mali
multi_max,licaihua,C:\Users\tahak\ogproject\adaptiveface\data\rmfd\AFDB_face_dataset\licaihua\1_0_licaihua_0188.jpg,False,True,False,multi,0.44992348551750183,licaihua
multi_max,masichun,C:\Users\tahak\ogproject\adaptiveface\data\rmfd\AFDB_face_dataset\masichun\1_0_masichun_0135.jpg,False,True,False,multi,0.2840648591518402,huojianhua
multi_max,xieanqi,C:\Users\tahak\ogproject\adaptiveface\data\rmfd\AFDB_masked_face_dataset\xieanqi\0_0_2.jpg,True,True,True,multi,0.19410520792007446,yanni
multi_max,Pete_Rose,C:\Users\tahak\ogproject\adaptiveface\data\lfw\Pete_Rose\Pete_Rose_0001.jpg,False,False,False,multi,0.11978070437908173,wangqing
multi_max,gutianle,C:\Users\tahak\ogproject\adaptiveface\data\rmfd\AFDB_masked_face_dataset\gutianle\0_0_17.jpg,True,True,False,multi,0.3911839723587036,gutianle
multi_max,zhangliangying,C:\Users\tahak\ogproject\adaptiveface\data\rmfd\AFDB_face_dataset\zhangliangying\1_0_zhangliangying_0140.jpg,False,True,False,multi,0.3196062445640564,zhangliangying
multi_max,yinengjing,C:\Users\tahak\ogproject\adaptiveface\data\rmfd\AFDB_face_dataset\yinengjing\1_0_yinengjing_0099.jpg,False,True,False,multi,0.38216254115104675,yinengjing
multi_max,lanyingying,C:\Users\tahak\ogproject\adaptiveface\data\rmfd\AFDB_face_dataset\lanyingying\0_0_lanyingying_0156.jpg,False,True,False,multi,0.3662307560443878,lanyingying
multi_max,liuruilin,C:\Users\tahak\ogproject\adaptiveface\data\rmfd\AFDB_masked_face_dataset\liuruilin\0_0_4.jpg,True,True,True,multi,0.28461208939552307,liuxiang
multi_max,zhangbo,C:\Users\tahak\ogproject\adaptiveface\data\rmfd\AFDB_masked_face_dataset\zhangbo\0_0_1.jpg,True,True,True,multi,0.28313177824020386,zhangbo
multi_max,zhangluyi,C:\Users\tahak\ogproject\adaptiveface\data\rmfd\AFDB_masked_face_dataset\zhangluyi\0_0_3.png,True,True,True,multi,0.5267301201820374,zhangluyi
multi_max,mali,C:\Users\tahak\ogproject\adaptiveface\data\rmfd\AFDB_face_dataset\mali\1_0_mali_0040.jpg,False,True,False,multi,0.48796847462654114,mali
multi_max,panyueming,C:\Users\tahak\ogproject\adaptiveface\data\rmfd\AFDB_masked_face_dataset\panyueming\0_0_25.jpg,True,True,False,multi,0.22767257690429688,xuzheng
multi_max,Eliane_Karp,C:\Users\tahak\ogproject\adaptiveface\data\lfw\Eliane_Karp\Eliane_Karp_0003.jpg,False,False,False,multi,0.13163940608501434,yangzi
multi_max,liuxiang,C:\Users\tahak\ogproject\adaptiveface\data\rmfd\AFDB_masked_face_dataset\liuxiang\0_0_3.jpg,True,True,False,multi,0.3443487882614136,liuxiang
multi_max,Stephen_Glassroth,C:\Users\tahak\ogproject\adaptiveface\data\lfw\Stephen_Glassroth\Stephen_Glassroth_0001.jpg,False,False,False,multi,0.12560632824897766,huangzhongkun
multi_max,xuxidi,C:\Users\tahak\ogproject\adaptiveface\data\rmfd\AFDB_masked_face_dataset\xuxidi\1_0_19.jpg,True,True,True,multi,0.25509169697761536,yanni
multi_max,benxi,C:\Users\tahak\ogproject\adaptiveface\data\rmfd\AFDB_masked_face_dataset\benxi\0_0_27.jpg,True,True,True,multi,0.256788432598114,xieanqi
multi_max,zhourunfa,C:\Users\tahak\ogproject\adaptiveface\data\rmfd\AFDB_face_dataset\zhourunfa\1_0_zhourunfa_0098.jpg,False,True,False,multi,0.45579975843429565,zhourunfa
multi_max,tangwei,C:\Users\tahak\ogproject\adaptiveface\data\rmfd\AFDB_masked_face_dataset\tangwei\0_0_11.jpg,True,True,True,multi,0.23133622109889984,tangwei
multi_max,ruanjingtian,C:\Users\tahak\ogproject\adaptiveface\data\rmfd\AFDB_masked_face_dataset\ruanjingtian\0_0_0.jpg,True,True,True,multi,0.4545612037181854,ruanjingtian
multi_max,huangxiaoming,C:\Users\tahak\ogproject\adaptiveface\data\rmfd\AFDB_masked_face_dataset\huangxiaoming\0_0_1.jpg,True,True,True,multi,0.28354865312576294,huangxiaoming
multi_max,yangzi,C:\Users\tahak\ogproject\adaptiveface\data\rmfd\AFDB_masked_face_dataset\yangzi\0_0_23.jpg,True,True,True,multi,0.36005228757858276,yangzi
multi_max,Sanjay_Chawla,C:\Users\tahak\ogproject\adaptiveface\data\lfw\Sanjay_Chawla\Sanjay_Chawla_0001.jpg,False,False,False,multi,0.14494511485099792,zhangjingjing
multi_max,Intisar_Ajouri,C:\Users\tahak\ogproject\adaptiveface\data\lfw\Intisar_Ajouri\Intisar_Ajouri_0001.jpg,False,False,False,multi,0.17547035217285156,hejiong
multi_max,chenjiaqi,C:\Users\tahak\ogproject\adaptiveface\data\rmfd\AFDB_face_dataset\chenjiaqi\0_0_chenjiaqi_0004.jpg,False,True,False,multi,0.34654295444488525,chenjiaqi
multi_max,lufangsheng,C:\Users\tahak\ogproject\adaptiveface\data\rmfd\AFDB_face_dataset\lufangsheng\1_0_lufangsheng_0161.jpg,False,True,False,multi,0.5323702096939087,lufangsheng
multi_max,Clint_Howard,C:\Users\tahak\ogproject\adaptiveface\data\lfw\Clint_Howard\Clint_Howard_0001.jpg,False,False,False,multi,0.14181968569755554,zhaoliying
multi_max,shenmengchen,C:\Users\tahak\ogproject\adaptiveface\data\rmfd\AFDB_face_dataset\shenmengchen\1_0_shenmengchen_0082.jpg,False,True,False,multi,0.3103978931903839,shenmengchen
multi_max,Michael_Chiklis,C:\Users\tahak\ogproject\adaptiveface\data\lfw\Michael_Chiklis\Michael_Chiklis_0002.jpg,False,False,False,multi,0.2016679346561432,maqiguang
multi_max,daipeini,C:\Users\tahak\ogproject\adaptiveface\data\rmfd\AFDB_face_dataset\daipeini\1_0_daipeini_0065.jpg,False,True,False,multi,0.4824058413505554,daipeini
multi_max,caobingkun,C:\Users\tahak\ogproject\adaptiveface\data\rmfd\AFDB_masked_face_dataset\caobingkun\0_0_15.jpg,True,True,True,multi,0.3086581528186798,caobingkun
multi_max,guojingfei,C:\Users\tahak\ogproject\adaptiveface\data\rmfd\AFDB_face_dataset\guojingfei\1_0_guojingfei_0087.jpg,False,True,False,multi,0.42916756868362427,guojingfei
multi_max,wangkai,C:\Users\tahak\ogproject\adaptiveface\data\rmfd\AFDB_masked_face_dataset\wangkai\0_0_1.jpg,True,True,True,multi,0.4525420665740967,wangkai
multi_max,yuyi,C:\Users\tahak\ogproject\adaptiveface\data\rmfd\AFDB_masked_face_dataset\yuyi\0_0_2.png,True,True,True,multi,0.46131762862205505,yuyi
multi_max,zhangguoli,C:\Users\tahak\ogproject\adaptiveface\data\rmfd\AFDB_masked_face_dataset\zhangguoli\0_0_1.jpg,True,True,False,multi,0.2536988854408264,lufangsheng
multi_max,zhangyi,C:\Users\tahak\ogproject\adaptiveface\data\rmfd\AFDB_face_dataset\zhangyi\1_0_zhangyi_0008.jpg,False,True,False,multi,0.43582165241241455,zhangyi
multi_max,masichun,C:\Users\tahak\ogproject\adaptiveface\data\rmfd\AFDB_masked_face_dataset\masichun\0_0_2.png,True,True,True,multi,0.3997921943664551,masichun
multi_max,James_Phelps,C:\Users\tahak\ogproject\adaptiveface\data\lfw\James_Phelps\James_Phelps_0001.jpg,False,False,False,multi,0.16527774930000305,raowei
multi_max,xudongdong,C:\Users\tahak\ogproject\adaptiveface\data\rmfd\AFDB_masked_face_dataset\xudongdong\0_0_1.jpg,True,True,False,multi,0.28328877687454224,xudongdong
multi_max,liyifeng,C:\Users\tahak\ogproject\adaptiveface\data\rmfd\AFDB_face_dataset\liyifeng\1_0_liyifeng_0006.jpg,False,True,False,multi,0.49404603242874146,liyifeng
multi_max,wangluodan,C:\Users\tahak\ogproject\adaptiveface\data\rmfd\AFDB_masked_face_dataset\wangluodan\0_0_2.jpg,True,True,True,multi,0.1896173506975174,wangluodan
multi_max,Lane_Odom,C:\Users\tahak\ogproject\adaptiveface\data\lfw\Lane_Odom\Lane_Odom_0001.jpg,False,False,False,multi,0.13464659452438354,maoxiaotong
multi_max,dazhangwei,C:\Users\tahak\ogproject\adaptiveface\data\rmfd\AFDB_masked_face_dataset\dazhangwei\1_0_21.jpg,True,True,True,multi,0.2175196409225464,pengjing
multi_max,songqian,C:\Users\tahak\ogproject\adaptiveface\data\rmfd\AFDB_face_dataset\songqian\1_0_songqian_0240.jpg,False,True,False,multi,0.23982658982276917,songqian
multi_max,Tyra_Banks,C:\Users\tahak\ogproject\adaptiveface\data\lfw\Tyra_Banks\Tyra_Banks_0001.jpg,False,False,False,multi,0.18639197945594788,yeyiqian
multi_max,huozun,C:\Users\tahak\ogproject\adaptiveface\data\rmfd\AFDB_face_dataset\huozun\1_0_huozun_0205.jpg,False,True,False,multi,0.5055413842201233,huozun
multi_max,masu,C:\Users\tahak\ogproject\adaptiveface\data\rmfd\AFDB_face_dataset\masu\1_0_masu_0152.jpg,False,True,False,multi,0.3462200164794922,masu
multi_max,zhangxinyu,C:\Users\tahak\ogproject\adaptiveface\data\rmfd\AFDB_face_dataset\zhangxinyu\1_0_zhangxinyu_0102.jpg,False,True,False,multi,0.26162010431289673,lanyingying
multi_max,Collis_Temple_III,C:\Users\tahak\ogproject\adaptiveface\data\lfw\Collis_Temple_III\Collis_Temple_III_0001.jpg,False,False,False,multi,0.13044224679470062,gongbeibi
multi_max,yangqianhua,C:\Users\tahak\ogproject\adaptiveface\data\rmfd\AFDB_face_dataset\yangqianhua\1_0_yangqianhua_0046.jpg,False,True,False,multi,0.5121970176696777,yangqianhua
multi_max,liuye,C:\Users\tahak\ogproject\adaptiveface\data\rmfd\AFDB_face_dataset\liuye\1_0_liuye_0039.jpg,False,True,False,multi,0.569449782371521,liuye
multi_max,David_Rivkin_Jr,C:\Users\tahak\ogproject\adaptiveface\data\lfw\David_Rivkin_Jr\David_Rivkin_Jr_0001.jpg,False,False,False,multi,0.14799070358276367,tangwei
multi_max,wuzhenyu,C:\Users\tahak\ogproject\adaptiveface\data\rmfd\AFDB_face_dataset\wuzhenyu\0_0_wuzhenyu_0138.jpg,False,True,False,multi,0.7055999040603638,wuzhenyu
multi_max,Mark_Hurlbert,C:\Users\tahak\ogproject\adaptiveface\data\lfw\Mark_Hurlbert\Mark_Hurlbert_0001.jpg,False,False,False,multi,0.1358328014612198,chenkun
multi_max,yeyiqian,C:\Users\tahak\ogproject\adaptiveface\data\rmfd\AFDB_face_dataset\yeyiqian\0_0_yeyiqian_0155.jpg,False,True,False,multi,0.4087387025356293,yeyiqian
multi_max,huozun,C:\Users\tahak\ogproject\adaptiveface\data\rmfd\AFDB_face_dataset\huozun\1_0_huozun_0172.jpg,False,True,False,multi,0.41543155908584595,huozun
multi_max,Bernard_Law,C:\Users\tahak\ogproject\adaptiveface\data\lfw\Bernard_Law\Bernard_Law_0002.jpg,False,False,False,multi,0.12316510081291199,raowei
multi_max,Martha_Lucia_Ramirez,C:\Users\tahak\ogproject\adaptiveface\data\lfw\Martha_Lucia_Ramirez\Martha_Lucia_Ramirez_0004.jpg,False,False,False,multi,0.12160826474428177,lixiang
multi_max,zhourunfa,C:\Users\tahak\ogproject\adaptiveface\data\rmfd\AFDB_face_dataset\zhourunfa\0_0_zhourunfa_0148.jpg,False,True,False,multi,0.5321828126907349,zhourunfa
multi_max,yanyikuan,C:\Users\tahak\ogproject\adaptiveface\data\rmfd\AFDB_face_dataset\yanyikuan\1_0_yanyikuan_0142.jpg,False,True,False,multi,0.4179530143737793,yanyikuan
multi_max,gongbeibi,C:\Users\tahak\ogproject\adaptiveface\data\rmfd\AFDB_face_dataset\gongbeibi\1_0_gongbeibi_0179.jpg,False,True,False,multi,0.4774118661880493,gongbeibi
multi_max,zhuowenxuan,C:\Users\tahak\ogproject\adaptiveface\data\rmfd\AFDB_face_dataset\zhuowenxuan\1_0_zhuowenxuan_0053.jpg,False,True,False,multi,0.5717974901199341,zhuowenxuan
multi_max,xuezhiqian,C:\Users\tahak\ogproject\adaptiveface\data\rmfd\AFDB_masked_face_dataset\xuezhiqian\0_0_2.jpg,True,True,True,multi,0.24013543128967285,fengjianyu
multi_max,Eliane_Karp,C:\Users\tahak\ogproject\adaptiveface\data\lfw\Eliane_Karp\Eliane_Karp_0002.jpg,False,False,False,multi,0.15055136382579803,mali
multi_max,mowenwei,C:\Users\tahak\ogproject\adaptiveface\data\rmfd\AFDB_masked_face_dataset\mowenwei\0_0_7.jpg,True,True,True,multi,0.24502745270729065,mowenwei
multi_max,caiguoqing,C:\Users\tahak\ogproject\adaptiveface\data\rmfd\AFDB_face_dataset\caiguoqing\1_0_caiguoqing_0039.jpg,False,True,False,multi,0.5752897262573242,caiguoqing
multi_max,zhuowenxuan,C:\Users\tahak\ogproject\adaptiveface\data\rmfd\AFDB_masked_face_dataset\zhuowenxuan\0_0_0.jpg,True,True,True,multi,0.21680665016174316,daipeini
multi_max,jianailiang,C:\Users\tahak\ogproject\adaptiveface\data\rmfd\AFDB_face_dataset\jianailiang\1_0_jianailiang_0043.jpg,False,True,False,multi,0.28256767988204956,zhangdanfeng
multi_max,tanweiwei,C:\Users\tahak\ogproject\adaptiveface\data\rmfd\AFDB_face_dataset\tanweiwei\1_0_tanweiwei_0020.jpg,False,True,False,multi,0.2743765413761139,tanweiwei
multi_max,yinzheng,C:\Users\tahak\ogproject\adaptiveface\data\rmfd\AFDB_face_dataset\yinzheng\1_0_yinzheng_0046.jpg,False,True,False,multi,0.508796215057373,yinzheng
multi_max,ruanjingtian,C:\Users\tahak\ogproject\adaptiveface\data\rmfd\AFDB_face_dataset\ruanjingtian\0_0_ruanjingtian_0052.jpg,False,True,False,multi,0.517296314239502,ruanjingtian
multi_max,jiangkaitong,C:\Users\tahak\ogproject\adaptiveface\data\rmfd\AFDB_face_dataset\jiangkaitong\1_0_jiangkaitong_0206.jpg,False,True,False,multi,0.29523831605911255,jiangkaitong
multi_max,zhangtianai,C:\Users\tahak\ogproject\adaptiveface\data\rmfd\AFDB_face_dataset\zhangtianai\1_0_zhangtianai_0168.jpg,False,True,False,multi,0.40002256631851196,zhangtianai
multi_max,xiongnaijin,C:\Users\tahak\ogproject\adaptiveface\data\rmfd\AFDB_face_dataset\xiongnaijin\1_0_xiongnaijin_0201.jpg,False,True,False,multi,0.37855401635169983,shenmengchen
multi_max,xinzhilei,C:\Users\tahak\ogproject\adaptiveface\data\rmfd\AFDB_face_dataset\xinzhilei\0_0_xinzhilei_0064.jpg,False,True,False,multi,0.48127424716949463,xinzhilei
multi_max,linyichen,C:\Users\tahak\ogproject\adaptiveface\data\rmfd\AFDB_face_dataset\linyichen\1_0_linyichen_0222.jpg,False,True,False,multi,0.22277048230171204,zhaoliying
multi_max,huangzhongkun,C:\Users\tahak\ogproject\adaptiveface\data\rmfd\AFDB_face_dataset\huangzhongkun\1_0_huangzhongkun_0046.jpg,False,True,False,multi,0.5966377258300781,huangzhongkun
multi_max,chenyi,C:\Users\tahak\ogproject\adaptiveface\data\rmfd\AFDB_masked_face_dataset\chenyi\0_0_0.jpg,True,True,True,multi,0.39483198523521423,chenyi
multi_max,sunyizhou,C:\Users\tahak\ogproject\adaptiveface\data\rmfd\AFDB_masked_face_dataset\sunyizhou\1_0_0.jpg,True,True,False,multi,0.25555720925331116,sunyizhou
multi_max,caizhuoyan,C:\Users\tahak\ogproject\adaptiveface\data\rmfd\AFDB_masked_face_dataset\caizhuoyan\1_0_14.jpg,True,True,True,multi,0.30419954657554626,gongbeibi
multi_max,wangqing,C:\Users\tahak\ogproject\adaptiveface\data\rmfd\AFDB_masked_face_dataset\wangqing\0_0_8.jpg,True,True,True,multi,0.30664390325546265,wangqing
multi_max,Carlos_Moya,C:\Users\tahak\ogproject\adaptiveface\data\lfw\Carlos_Moya\Carlos_Moya_0004.jpg,False,False,False,multi,0.14978334307670593,lianghanwen
multi_max,liushishi,C:\Users\tahak\ogproject\adaptiveface\data\rmfd\AFDB_masked_face_dataset\liushishi\0_0_3.jpg,True,True,True,multi,0.2070208340883255,liuyifei
multi_max,zhaoliying,C:\Users\tahak\ogproject\adaptiveface\data\rmfd\AFDB_masked_face_dataset\zhaoliying\0_0_12.jpg,True,True,True,multi,0.3192899823188782,masichun
multi_max,yangqianhua,C:\Users\tahak\ogproject\adaptiveface\data\rmfd\AFDB_face_dataset\yangqianhua\1_0_yangqianhua_0047.jpg,False,True,False,multi,0.43399232625961304,yangqianhua
multi_max,raowei,C:\Users\tahak\ogproject\adaptiveface\data\rmfd\AFDB_masked_face_dataset\raowei\0_0_1.jpg,True,True,True,multi,0.24846765398979187,wulei
multi_max,lixiang,C:\Users\tahak\ogproject\adaptiveface\data\rmfd\AFDB_face_dataset\lixiang\1_0_lixiang_0157.jpg,False,True,False,multi,0.24028626084327698,lixiang
multi_max,zhangdanfeng,C:\Users\tahak\ogproject\adaptiveface\data\rmfd\AFDB_face_dataset\zhangdanfeng\1_0_zhangdanfeng_0074.jpg,False,True,False,multi,0.4440981447696686,zhangdanfeng
multi_max,Rod_Thorn,C:\Users\tahak\ogproject\adaptiveface\data\lfw\Rod_Thorn\Rod_Thorn_0001.jpg,False,False,False,multi,0.12107349187135696,zhouxun
multi_max,chenxiang,C:\Users\tahak\ogproject\adaptiveface\data\rmfd\AFDB_masked_face_dataset\chenxiang\0_0_4.jpg,True,True,True,multi,0.23322689533233643,chenxiang
multi_max,pengjing,C:\Users\tahak\ogproject\adaptiveface\data\rmfd\AFDB_face_dataset\pengjing\1_0_pengjing_0013.jpg,False,True,False,multi,0.2804647386074066,xiongnaijin
multi_max,qinjunjie,C:\Users\tahak\ogproject\adaptiveface\data\rmfd\AFDB_face_dataset\qinjunjie\0_0_qinjunjie_0130.jpg,False,True,False,multi,0.39396101236343384,qinjunjie
multi_max,huangrihua,C:\Users\tahak\ogproject\adaptiveface\data\rmfd\AFDB_face_dataset\huangrihua\1_0_huangrihua_0073.jpg,False,True,False,multi,0.5532026290893555,huangrihua
multi_max,yumenglong,C:\Users\tahak\ogproject\adaptiveface\data\rmfd\AFDB_masked_face_dataset\yumenglong\0_0_0.jpg,True,True,True,multi,0.3779928684234619,yumenglong
multi_max,maqiguang,C:\Users\tahak\ogproject\adaptiveface\data\rmfd\AFDB_masked_face_dataset\maqiguang\0_0_1.jpg,True,True,True,multi,0.4081374406814575,maqiguang
multi_max,huge,C:\Users\tahak\ogproject\adaptiveface\data\rmfd\AFDB_face_dataset\huge\1_0_huge_0082.jpg,False,True,False,multi,0.5163528919219971,huge
multi_max,liuye,C:\Users\tahak\ogproject\adaptiveface\data\rmfd\AFDB_face_dataset\liuye\1_0_liuye_0103.jpg,False,True,False,multi,0.6312289237976074,liuye
multi_max,yangqianhua,C:\Users\tahak\ogproject\adaptiveface\data\rmfd\AFDB_masked_face_dataset\yangqianhua\1_0_0.jpg,True,True,True,multi,0.3480191230773926,yangqianhua
multi_max,zhanghanyun,C:\Users\tahak\ogproject\adaptiveface\data\rmfd\AFDB_face_dataset\zhanghanyun\1_0_zhanghanyun_0260.jpg,False,True,False,multi,0.39480096101760864,zhanghanyun
multi_max,wangqing,C:\Users\tahak\ogproject\adaptiveface\data\rmfd\AFDB_face_dataset\wangqing\1_0_wangqing_0067.jpg,False,True,False,multi,0.19337737560272217,wangou
multi_max,Mark_Hurlbert,C:\Users\tahak\ogproject\adaptiveface\data\lfw\Mark_Hurlbert\Mark_Hurlbert_0005.jpg,False,False,False,multi,0.12376224994659424,zhengyecheng
multi_max,wangou,C:\Users\tahak\ogproject\adaptiveface\data\rmfd\AFDB_masked_face_dataset\wangou\0_0_16.jpg,True,True,True,multi,0.26672154664993286,lixirui
multi_max,yangqianhua,C:\Users\tahak\ogproject\adaptiveface\data\rmfd\AFDB_masked_face_dataset\yangqianhua\0_0_2.jpg,True,True,True,multi,0.2705972194671631,xieanqi
multi_max,xudongdong,C:\Users\tahak\ogproject\adaptiveface\data\rmfd\AFDB_masked_face_dataset\xudongdong\0_0_0.jpg,True,True,True,multi,0.2786540985107422,jiangkaitong
multi_max,zhengyecheng,C:\Users\tahak\ogproject\adaptiveface\data\rmfd\AFDB_face_dataset\zhengyecheng\1_0_zhengyecheng_0129.jpg,False,True,False,multi,0.61100172996521,zhengyecheng
multi_max,Carlos_Moya,C:\Users\tahak\ogproject\adaptiveface\data\lfw\Carlos_Moya\Carlos_Moya_0017.jpg,False,False,False,multi,0.12132478505373001,lianghanwen
multi_max,liudehua,C:\Users\tahak\ogproject\adaptiveface\data\rmfd\AFDB_face_dataset\liudehua\1_0_liudehua_0238.jpg,False,True,False,multi,0.3992358446121216,liudehua
multi_max,Carlos_Moya,C:\Users\tahak\ogproject\adaptiveface\data\lfw\Carlos_Moya\Carlos_Moya_0005.jpg,False,False,False,multi,0.1606096476316452,wangqing
multi_max,Dereck_Whittenburg,C:\Users\tahak\ogproject\adaptiveface\data\lfw\Dereck_Whittenburg\Dereck_Whittenburg_0001.jpg,False,False,False,multi,0.2169945240020752,yuyi
multi_max,zhuowenxuan,C:\Users\tahak\ogproject\adaptiveface\data\rmfd\AFDB_face_dataset\zhuowenxuan\0_0_zhuowenxuan_0046.jpg,False,True,False,multi,0.3138153553009033,zhuowenxuan
multi_max,Billy_Sollie,C:\Users\tahak\ogproject\adaptiveface\data\lfw\Billy_Sollie\Billy_Sollie_0001.jpg,False,False,False,multi,0.15744943916797638,hanqingzi
multi_max,huangrihua,C:\Users\tahak\ogproject\adaptiveface\data\rmfd\AFDB_face_dataset\huangrihua\1_0_huangrihua_0019.jpg,False,True,False,multi,0.6806657314300537,huangrihua
multi_max,handongjun,C:\Users\tahak\ogproject\adaptiveface\data\rmfd\AFDB_face_dataset\handongjun\1_0_handongjun_0032.jpg,False,True,False,multi,0.2750069499015808,zhangbinbin
multi_max,zhangzifeng,C:\Users\tahak\ogproject\adaptiveface\data\rmfd\AFDB_face_dataset\zhangzifeng\1_0_zhangzifeng_0126.jpg,False,True,False,multi,0.519951581954956,zhangzifeng
multi_max,lufangsheng,C:\Users\tahak\ogproject\adaptiveface\data\rmfd\AFDB_face_dataset\lufangsheng\1_0_lufangsheng_0194.jpg,False,True,False,multi,0.5386401414871216,lufangsheng
multi_max,zhourunfa,C:\Users\tahak\ogproject\adaptiveface\data\rmfd\AFDB_masked_face_dataset\zhourunfa\0_0_3.jpg,True,True,True,multi,0.23436039686203003,jingbairan
multi_max,chenkun,C:\Users\tahak\ogproject\adaptiveface\data\rmfd\AFDB_face_dataset\chenkun\1_0_chenkun_0056.jpg,False,True,False,multi,0.3908148407936096,chenkun
multi_max,chenkun,C:\Users\tahak\ogproject\adaptiveface\data\rmfd\AFDB_masked_face_dataset\chenkun\0_0_10.jpg,True,True,True,multi,0.20127230882644653,chenkun
multi_max,wangkai,C:\Users\tahak\ogproject\adaptiveface\data\rmfd\AFDB_face_dataset\wangkai\1_0_wangkai_0109.jpg,False,True,False,multi,0.45528703927993774,wangkai
multi_max,jiangyiyi,C:\Users\tahak\ogproject\adaptiveface\data\rmfd\AFDB_masked_face_dataset\jiangyiyi\0_0_0.jpg,True,True,True,multi,0.37753283977508545,zhangxueying
multi_max,yangzi,C:\Users\tahak\ogproject\adaptiveface\data\rmfd\AFDB_face_dataset\yangzi\1_0_yangzi_0181.jpg,False,True,False,multi,0.5050724744796753,yangzi
multi_max,caizhuoyan,C:\Users\tahak\ogproject\adaptiveface\data\rmfd\AFDB_masked_face_dataset\caizhuoyan\0_0_1.jpg,True,True,True,multi,0.3745620846748352,lvyi
multi_max,weidaxun,C:\Users\tahak\ogproject\adaptiveface\data\rmfd\AFDB_face_dataset\weidaxun\0_0_weidaxun_0154.jpg,False,True,False,multi,0.2879401445388794,weidaxun
multi_max,linyuan,C:\Users\tahak\ogproject\adaptiveface\data\rmfd\AFDB_face_dataset\linyuan\1_0_linyuan_0085.jpg,False,True,False,multi,0.3963688015937805,linyuan
multi_max,zhengkai,C:\Users\tahak\ogproject\adaptiveface\data\rmfd\AFDB_face_dataset\zhengkai\1_0_zhengkai_0174.jpg,False,True,False,multi,0.21793943643569946,zhangbo
multi_max,zhaoyazhi,C:\Users\tahak\ogproject\adaptiveface\data\rmfd\AFDB_masked_face_dataset\zhaoyazhi\0_0_0.jpg,True,True,True,multi,0.35075151920318604,yeyiqian
multi_max,Stephane_Rousseau,C:\Users\tahak\ogproject\adaptiveface\data\lfw\Stephane_Rousseau\Stephane_Rousseau_0001.jpg,False,False,False,multi,0.12354396283626556,zhangtianai
multi_max,zhaoliying,C:\Users\tahak\ogproject\adaptiveface\data\rmfd\AFDB_face_dataset\zhaoliying\1_0_zhaoliying_0057.jpg,False,True,False,multi,0.44209936261177063,zhaoliying
multi_max,Zoran_Djindjic,C:\Users\tahak\ogproject\adaptiveface\data\lfw\Zoran_Djindjic\Zoran_Djindjic_0002.jpg,False,False,False,multi,0.10249555110931396,yinzheng
multi_max,xuezhiqian,C:\Users\tahak\ogproject\adaptiveface\data\rmfd\AFDB_face_dataset\xuezhiqian\1_0_xuezhiqian_0030.jpg,False,True,False,multi,0.27670595049858093,wulei
multi_max,wangzuxian,C:\Users\tahak\ogproject\adaptiveface\data\rmfd\AFDB_face_dataset\wangzuxian\1_0_wangzuxian_0224.jpg,False,True,False,multi,0.5480756163597107,wangzuxian
multi_max,wangqing,C:\Users\tahak\ogproject\adaptiveface\data\rmfd\AFDB_face_dataset\wangqing\1_0_wangqing_0077.jpg,False,True,False,multi,0.4406415522098541,wangqing
multi_max,zhouxun,C:\Users\tahak\ogproject\adaptiveface\data\rmfd\AFDB_masked_face_dataset\zhouxun\0_0_10.jpg,True,True,True,multi,0.21449056267738342,zhouxun
multi_max,lixirui,C:\Users\tahak\ogproject\adaptiveface\data\rmfd\AFDB_face_dataset\lixirui\1_0_lixirui_0058.jpg,False,True,False,multi,0.367212176322937,lixirui
multi_max,guanxiaotong,C:\Users\tahak\ogproject\adaptiveface\data\rmfd\AFDB_masked_face_dataset\guanxiaotong\1_0_2.jpg,True,True,True,multi,0.29968783259391785,zhangxueying
multi_max,wangzuxian,C:\Users\tahak\ogproject\adaptiveface\data\rmfd\AFDB_face_dataset\wangzuxian\1_0_wangzuxian_0068.jpg,False,True,False,multi,0.45238131284713745,wangzuxian
multi_max,lixirui,C:\Users\tahak\ogproject\adaptiveface\data\rmfd\AFDB_face_dataset\lixirui\1_0_lixirui_0189.jpg,False,True,False,multi,0.26267772912979126,lixirui
multi_max,yanyikuan,C:\Users\tahak\ogproject\adaptiveface\data\rmfd\AFDB_face_dataset\yanyikuan\1_0_yanyikuan_0057.jpg,False,True,False,multi,0.42785775661468506,yanyikuan
multi_max,zhangguoli,C:\Users\tahak\ogproject\adaptiveface\data\rmfd\AFDB_face_dataset\zhangguoli\1_0_zhangguoli_0034.jpg,False,True,False,multi,0.5560118556022644,zhangguoli
multi_max,Celso_Amorim,C:\Users\tahak\ogproject\adaptiveface\data\lfw\Celso_Amorim\Celso_Amorim_0001.jpg,False,False,False,multi,0.1638161838054657,shenmengchen
multi_max,zhangxueyou,C:\Users\tahak\ogproject\adaptiveface\data\rmfd\AFDB_face_dataset\zhangxueyou\1_0_zhangxueyou_0020.jpg,False,True,False,multi,0.5892666578292847,zhangxueyou
multi_max,huozun,C:\Users\tahak\ogproject\adaptiveface\data\rmfd\AFDB_masked_face_dataset\huozun\0_0_7.jpg,True,True,True,multi,0.41352760791778564,huozun
multi_max,hanqingzi,C:\Users\tahak\ogproject\adaptiveface\data\rmfd\AFDB_masked_face_dataset\hanqingzi\0_0_0.jpg,True,True,True,multi,0.2590334713459015,zhangxueying
multi_max,Nicanor_Duarte_Frutos,C:\Users\tahak\ogproject\adaptiveface\data\lfw\Nicanor_Duarte_Frutos\Nicanor_Duarte_Frutos_0002.jpg,False,False,False,multi,0.12013012170791626,fanwei
multi_max,songqian,C:\Users\tahak\ogproject\adaptiveface\data\rmfd\AFDB_masked_face_dataset\songqian\0_0_0.jpg,True,True,True,multi,0.2785288095474243,songqian
multi_max,huashao,C:\Users\tahak\ogproject\adaptiveface\data\rmfd\AFDB_masked_face_dataset\huashao\0_0_3.jpg,True,True,True,multi,0.19852551817893982,matianyu
multi_max,zhengyecheng,C:\Users\tahak\ogproject\adaptiveface\data\rmfd\AFDB_masked_face_dataset\zhengyecheng\0_0_2.jpg,True,True,True,multi,0.2703568935394287,fengjianyu
multi_max,Michael_Chiklis,C:\Users\tahak\ogproject\adaptiveface\data\lfw\Michael_Chiklis\Michael_Chiklis_0005.jpg,False,False,False,multi,0.15312661230564117,maqiguang
multi_max,xuhaiqiao,C:\Users\tahak\ogproject\adaptiveface\data\rmfd\AFDB_masked_face_dataset\xuhaiqiao\0_0_17.jpg,True,True,True,multi,0.22603371739387512,jianailiang
multi_max,lidaimo,C:\Users\tahak\ogproject\adaptiveface\data\rmfd\AFDB_masked_face_dataset\lidaimo\0_0_3.jpg,True,True,True,multi,0.2920234501361847,lidaimo
multi_max,Carlo_Ancelotti,C:\Users\tahak\ogproject\adaptiveface\data\lfw\Carlo_Ancelotti\Carlo_Ancelotti_0003.jpg,False,False,False,multi,0.13766932487487793,mali
multi_max,daipeini,C:\Users\tahak\ogproject\adaptiveface\data\rmfd\AFDB_masked_face_dataset\daipeini\0_0_5.jpg,True,True,True,multi,0.23609381914138794,daipeini
multi_max,Bernard_Landry,C:\Users\tahak\ogproject\adaptiveface\data\lfw\Bernard_Landry\Bernard_Landry_0004.jpg,False,False,False,multi,0.13886898756027222,licaihua
multi_max,masu,C:\Users\tahak\ogproject\adaptiveface\data\rmfd\AFDB_masked_face_dataset\masu\0_0_23.jpg,True,True,True,multi,0.2759028971195221,masu
multi_max,xuxidi,C:\Users\tahak\ogproject\adaptiveface\data\rmfd\AFDB_face_dataset\xuxidi\1_0_xuxidi_0034.jpg,False,True,False,multi,0.3844623565673828,xuxidi
multi_max,lidaimo,C:\Users\tahak\ogproject\adaptiveface\data\rmfd\AFDB_face_dataset\lidaimo\1_0_lidaimo_0094.jpg,False,True,False,multi,0.5765314102172852,lidaimo
multi_max,chenxiang,C:\Users\tahak\ogproject\adaptiveface\data\rmfd\AFDB_face_dataset\chenxiang\0_0_chenxiang_0006.jpg,False,True,False,multi,0.4460340738296509,chenxiang
multi_max,wangyuan,C:\Users\tahak\ogproject\adaptiveface\data\rmfd\AFDB_masked_face_dataset\wangyuan\0_0_24.jpg,True,True,True,multi,0.24067950248718262,huangxuan
multi_max,yinzheng,C:\Users\tahak\ogproject\adaptiveface\data\rmfd\AFDB_masked_face_dataset\yinzheng\0_0_1.png,True,True,True,multi,0.4500754475593567,yinzheng
multi_max,xuxidi,C:\Users\tahak\ogproject\adaptiveface\data\rmfd\AFDB_masked_face_dataset\xuxidi\1_0_1.jpg,True,True,True,multi,0.2476886510848999,xuxidi
multi_max,yumenglong,C:\Users\tahak\ogproject\adaptiveface\data\rmfd\AFDB_face_dataset\yumenglong\1_0_yumenglong_0058.jpg,False,True,False,multi,0.32934126257896423,yumenglong
multi_max,Romario_Farias,C:\Users\tahak\ogproject\adaptiveface\data\lfw\Romario_Farias\Romario_Farias_0001.jpg,False,False,False,multi,0.14651861786842346,zhourunfa
multi_max,yingcaier,C:\Users\tahak\ogproject\adaptiveface\data\rmfd\AFDB_masked_face_dataset\yingcaier\0_0_0.jpg,True,True,True,multi,0.2128094732761383,caobingkun
multi_max,matianyu,C:\Users\tahak\ogproject\adaptiveface\data\rmfd\AFDB_masked_face_dataset\matianyu\0_0_20.jpg,True,True,True,multi,0.383804053068161,matianyu
multi_max,yumenglong,C:\Users\tahak\ogproject\adaptiveface\data\rmfd\AFDB_face_dataset\yumenglong\1_0_yumenglong_0063.jpg,False,True,False,multi,0.5656452775001526,yumenglong
multi_max,jingbairan,C:\Users\tahak\ogproject\adaptiveface\data\rmfd\AFDB_face_dataset\jingbairan\1_0_jingbairan_0193.jpg,False,True,False,multi,0.425351619720459,jingbairan
multi_max,wangyuan,C:\Users\tahak\ogproject\adaptiveface\data\rmfd\AFDB_face_dataset\wangyuan\1_0_wangyuan_0152.jpg,False,True,False,multi,0.4258018732070923,wangyuan
multi_max,zhangxueying,C:\Users\tahak\ogproject\adaptiveface\data\rmfd\AFDB_masked_face_dataset\zhangxueying\0_0_4.jpg,True,True,True,multi,0.2445271760225296,yanni
multi_max,chenfarong,C:\Users\tahak\ogproject\adaptiveface\data\rmfd\AFDB_face_dataset\chenfarong\1_0_chenfarong_0137.jpg,False,True,False,multi,0.3714245557785034,chenfarong
multi_max,Khaled_Sawalhi,C:\Users\tahak\ogproject\adaptiveface\data\lfw\Khaled_Sawalhi\Khaled_Sawalhi_0001.jpg,False,False,False,multi,0.1610446274280548,wangluodan
multi_max,zhaoliying,C:\Users\tahak\ogproject\adaptiveface\data\rmfd\AFDB_face_dataset\zhaoliying\1_0_zhaoliying_0172.jpg,False,True,False,multi,0.589627206325531,zhaoliying
multi_max,Russell_Crowe,C:\Users\tahak\ogproject\adaptiveface\data\lfw\Russell_Crowe\Russell_Crowe_0002.jpg,False,False,False,multi,0.14522986114025116,chenxiang
multi_max,zhaoyihuan,C:\Users\tahak\ogproject\adaptiveface\data\rmfd\AFDB_face_dataset\zhaoyihuan\1_0_zhaoyihuan_0195.jpg,False,True,False,multi,0.5442334413528442,zhaoyihuan
multi_max,huangxuan,C:\Users\tahak\ogproject\adaptiveface\data\rmfd\AFDB_masked_face_dataset\huangxuan\0_0_22.jpg,True,True,True,multi,0.2365180253982544,huangxuan
multi_max,zhangliangying,C:\Users\tahak\ogproject\adaptiveface\data\rmfd\AFDB_face_dataset\zhangliangying\1_0_zhangliangying_0021.jpg,False,True,False,multi,0.5969184637069702,zhangliangying
multi_max,jianailiang,C:\Users\tahak\ogproject\adaptiveface\data\rmfd\AFDB_masked_face_dataset\jianailiang\0_0_5.jpg,True,True,True,multi,0.2795809209346771,jianailiang
multi_max,xiongnaijin,C:\Users\tahak\ogproject\adaptiveface\data\rmfd\AFDB_face_dataset\xiongnaijin\1_0_xiongnaijin_0219.jpg,False,True,False,multi,0.31772685050964355,zhangjingjing
multi_max,yinengjing,C:\Users\tahak\ogproject\adaptiveface\data\rmfd\AFDB_masked_face_dataset\yinengjing\0_0_1.jpg,True,True,True,multi,0.37005844712257385,gongbeibi
multi_max,wangou,C:\Users\tahak\ogproject\adaptiveface\data\rmfd\AFDB_face_dataset\wangou\1_0_wangou_0285.jpg,False,True,False,multi,0.3206883668899536,wangou
multi_max,guojingjing,C:\Users\tahak\ogproject\adaptiveface\data\rmfd\AFDB_masked_face_dataset\guojingjing\1_0_3.jpg,True,True,True,multi,0.3386918008327484,liuxiang
multi_max,yuyi,C:\Users\tahak\ogproject\adaptiveface\data\rmfd\AFDB_masked_face_dataset\yuyi\0_0_1.jpg,True,True,True,multi,0.44804227352142334,yuyi
multi_max,fanwei,C:\Users\tahak\ogproject\adaptiveface\data\rmfd\AFDB_face_dataset\fanwei\1_0_fanwei_0016.jpg,False,True,False,multi,0.5139646530151367,fanwei
multi_max,huangrihua,C:\Users\tahak\ogproject\adaptiveface\data\rmfd\AFDB_masked_face_dataset\huangrihua\0_0_2.jpg,True,True,True,multi,0.30159997940063477,huangrihua
multi_max,liushishi,C:\Users\tahak\ogproject\adaptiveface\data\rmfd\AFDB_masked_face_dataset\liushishi\0_0_5.jpg,True,True,True,multi,0.33262577652931213,liushishi
multi_max,John_Goold,C:\Users\tahak\ogproject\adaptiveface\data\lfw\John_Goold\John_Goold_0001.jpg,False,False,False,multi,0.12618054449558258,yangqianhua
multi_max,Patricia_Johnson,C:\Users\tahak\ogproject\adaptiveface\data\lfw\Patricia_Johnson\Patricia_Johnson_0001.jpg,False,False,False,multi,0.18712443113327026,yangzi
multi_max,xiongdailin,C:\Users\tahak\ogproject\adaptiveface\data\rmfd\AFDB_masked_face_dataset\xiongdailin\0_0_1.jpeg,True,True,True,multi,0.41814807057380676,xiongdailin
multi_max,yuyi,C:\Users\tahak\ogproject\adaptiveface\data\rmfd\AFDB_face_dataset\yuyi\1_0_yuyi_0098.jpg,False,True,False,multi,0.5156644582748413,yuyi
multi_max,weidaxun,C:\Users\tahak\ogproject\adaptiveface\data\rmfd\AFDB_masked_face_dataset\weidaxun\0_0_6.jpg,True,True,True,multi,0.31459343433380127,weidaxun
multi_max,zhaoyazhi,C:\Users\tahak\ogproject\adaptiveface\data\rmfd\AFDB_face_dataset\zhaoyazhi\1_0_zhaoyazhi_0175.jpg,False,True,False,multi,0.5484371781349182,zhaoyazhi
multi_max,lanyingying,C:\Users\tahak\ogproject\adaptiveface\data\rmfd\AFDB_face_dataset\lanyingying\1_0_lanyingying_0040.jpg,False,True,False,multi,0.5265089273452759,lanyingying
multi_max,zhangbinbin,C:\Users\tahak\ogproject\adaptiveface\data\rmfd\AFDB_face_dataset\zhangbinbin\1_0_zhangbinbin_0170.jpg,False,True,False,multi,0.5686715841293335,zhangbinbin
multi_max,guojingfei,C:\Users\tahak\ogproject\adaptiveface\data\rmfd\AFDB_masked_face_dataset\guojingfei\0_1_6.jpg,True,True,True,multi,0.2239454984664917,huangxiaoming
multi_max,zhangxueying,C:\Users\tahak\ogproject\adaptiveface\data\rmfd\AFDB_face_dataset\zhangxueying\1_0_zhangxueying_0065.jpg,False,True,False,multi,0.2712106704711914,zhangxueying
multi_max,Stephen_Cooper,C:\Users\tahak\ogproject\adaptiveface\data\lfw\Stephen_Cooper\Stephen_Cooper_0001.jpg,False,False,False,multi,0.14086951315402985,huangxuan
multi_max,tongliya,C:\Users\tahak\ogproject\adaptiveface\data\rmfd\AFDB_masked_face_dataset\tongliya\0_0_2.jpg,True,True,True,multi,0.2822403609752655,tongliya
multi_max,xiongdailin,C:\Users\tahak\ogproject\adaptiveface\data\rmfd\AFDB_masked_face_dataset\xiongdailin\0_0_0.jpg,True,True,True,multi,0.39353352785110474,xiongdailin
multi_max,yanyikuan,C:\Users\tahak\ogproject\adaptiveface\data\rmfd\AFDB_masked_face_dataset\yanyikuan\0_0_2.jpg,True,True,True,multi,0.37063413858413696,fengjianyu
multi_max,John_Elway,C:\Users\tahak\ogproject\adaptiveface\data\lfw\John_Elway\John_Elway_0001.jpg,False,False,False,multi,0.1602454036474228,zhangshaohan
multi_max,Tim_Conway,C:\Users\tahak\ogproject\adaptiveface\data\lfw\Tim_Conway\Tim_Conway_0003.jpg,False,False,False,multi,0.15564341843128204,liyifeng
multi_max,zhangxueyou,C:\Users\tahak\ogproject\adaptiveface\data\rmfd\AFDB_face_dataset\zhangxueyou\1_0_zhangxueyou_0200.jpg,False,True,False,multi,0.4135945737361908,zhangxueyou
multi_max,Sammy_Sosa,C:\Users\tahak\ogproject\adaptiveface\data\lfw\Sammy_Sosa\Sammy_Sosa_0002.jpg,False,False,False,multi,0.18131843209266663,zhangguoli
multi_max,zhangzifeng,C:\Users\tahak\ogproject\adaptiveface\data\rmfd\AFDB_masked_face_dataset\zhangzifeng\0_1_53.jpg,True,True,False,multi,0.3121859133243561,yangqianhua
multi_max,tongliya,C:\Users\tahak\ogproject\adaptiveface\data\rmfd\AFDB_face_dataset\tongliya\1_0_tongliya_0148.jpg,False,True,False,multi,0.4582575559616089,tongliya
multi_max,tongliya,C:\Users\tahak\ogproject\adaptiveface\data\rmfd\AFDB_masked_face_dataset\tongliya\0_0_0.jpg,True,True,True,multi,0.26852160692214966,xuhao
multi_max,qiuze,C:\Users\tahak\ogproject\adaptiveface\data\rmfd\AFDB_face_dataset\qiuze\1_0_qiuze_0097.jpg,False,True,False,multi,0.5568944215774536,qiuze
multi_max,xieanqi,C:\Users\tahak\ogproject\adaptiveface\data\rmfd\AFDB_masked_face_dataset\xieanqi\0_1_10.jpg,True,True,True,multi,0.2558619976043701,liushishi
multi_max,Alexandra_Spann,C:\Users\tahak\ogproject\adaptiveface\data\lfw\Alexandra_Spann\Alexandra_Spann_0001.jpg,False,False,False,multi,0.1323372721672058,tangwei
multi_max,jingbairan,C:\Users\tahak\ogproject\adaptiveface\data\rmfd\AFDB_masked_face_dataset\jingbairan\0_0_0.jpg,True,True,True,multi,0.21630917489528656,jingbairan
multi_max,tanweiwei,C:\Users\tahak\ogproject\adaptiveface\data\rmfd\AFDB_masked_face_dataset\tanweiwei\0_0_3.jpg,True,True,False,multi,0.22748258709907532,chenxiang
multi_max,liuruilin,C:\Users\tahak\ogproject\adaptiveface\data\rmfd\AFDB_face_dataset\liuruilin\1_0_liuruilin_0241.jpg,False,True,False,multi,0.45184391736984253,liuruilin
multi_max,yingcaier,C:\Users\tahak\ogproject\adaptiveface\data\rmfd\AFDB_masked_face_dataset\yingcaier\0_0_4.jpg,True,True,True,multi,0.22706124186515808,xudongdong
multi_max,shaofeng,C:\Users\tahak\ogproject\adaptiveface\data\rmfd\AFDB_masked_face_dataset\shaofeng\0_0_0.png,True,True,True,multi,0.3704031705856323,shaofeng
multi_max,chenjiaqi,C:\Users\tahak\ogproject\adaptiveface\data\rmfd\AFDB_face_dataset\chenjiaqi\1_0_chenjiaqi_0007.jpg,False,True,False,multi,0.47453755140304565,chenjiaqi
multi_max,huangzhongkun,C:\Users\tahak\ogproject\adaptiveface\data\rmfd\AFDB_masked_face_dataset\huangzhongkun\0_0_0.png,True,True,True,multi,0.3882289528846741,huangzhongkun
multi_max,Bernard_Landry,C:\Users\tahak\ogproject\adaptiveface\data\lfw\Bernard_Landry\Bernard_Landry_0003.jpg,False,False,False,multi,0.18146967887878418,licaihua
multi_max,zhangliangying,C:\Users\tahak\ogproject\adaptiveface\data\rmfd\AFDB_masked_face_dataset\zhangliangying\0_0_1.jpg,True,True,True,multi,0.3023640513420105,zhangliangying
multi_max,huojianhua,C:\Users\tahak\ogproject\adaptiveface\data\rmfd\AFDB_face_dataset\huojianhua\1_0_huojianhua_0129.jpg,False,True,False,multi,0.4859229326248169,huojianhua
multi_max,linxinru,C:\Users\tahak\ogproject\adaptiveface\data\rmfd\AFDB_masked_face_dataset\linxinru\0_0_16.jpg,True,True,True,multi,0.49950242042541504,linxinru
multi_max,Carlos_Moya,C:\Users\tahak\ogproject\adaptiveface\data\lfw\Carlos_Moya\Carlos_Moya_0015.jpg,False,False,False,multi,0.1494094878435135,lianghanwen
multi_max,sunyizhou,C:\Users\tahak\ogproject\adaptiveface\data\rmfd\AFDB_masked_face_dataset\sunyizhou\0_0_1.jpg,True,True,True,multi,0.4510512053966522,sunyizhou
multi_max,zhourunfa,C:\Users\tahak\ogproject\adaptiveface\data\rmfd\AFDB_masked_face_dataset\zhourunfa\0_0_2.jpg,True,True,True,multi,0.23876404762268066,liyifeng
multi_max,huge,C:\Users\tahak\ogproject\adaptiveface\data\rmfd\AFDB_masked_face_dataset\huge\0_0_3.jpg,True,True,False,multi,0.2553628385066986,liuxiang
multi_adaptive,huojianhua,C:\Users\tahak\ogproject\adaptiveface\data\rmfd\AFDB_masked_face_dataset\huojianhua\0_0_21.jpg,True,True,True,synth_tpl,0.2176261693239212,liushishi
multi_adaptive,zhaoyazhi,C:\Users\tahak\ogproject\adaptiveface\data\rmfd\AFDB_face_dataset\zhaoyazhi\1_0_zhaoyazhi_0198.jpg,False,True,False,real_tpl,0.46311020851135254,zhaoyazhi
multi_adaptive,Carlos_Moya,C:\Users\tahak\ogproject\adaptiveface\data\lfw\Carlos_Moya\Carlos_Moya_0002.jpg,False,False,False,real_tpl,0.11475461721420288,wangzuxian
multi_adaptive,xiaozhan,C:\Users\tahak\ogproject\adaptiveface\data\rmfd\AFDB_masked_face_dataset\xiaozhan\0_0_28.jpg,True,True,True,synth_tpl,0.2982274889945984,tanweiwei
multi_adaptive,zhangshaohan,C:\Users\tahak\ogproject\adaptiveface\data\rmfd\AFDB_masked_face_dataset\zhangshaohan\0_0_3.jpg,True,True,True,synth_tpl,0.21099025011062622,zhangshaohan
multi_adaptive,lvyi,C:\Users\tahak\ogproject\adaptiveface\data\rmfd\AFDB_face_dataset\lvyi\1_0_lvyi_0136.jpg,False,True,False,real_tpl,0.2720138430595398,wangou
multi_adaptive,daipeini,C:\Users\tahak\ogproject\adaptiveface\data\rmfd\AFDB_face_dataset\daipeini\1_0_daipeini_0001.jpg,False,True,False,real_tpl,0.4853149652481079,daipeini
multi_adaptive,linyichen,C:\Users\tahak\ogproject\adaptiveface\data\rmfd\AFDB_face_dataset\linyichen\1_0_linyichen_0328.jpg,False,True,False,real_tpl,0.1961430311203003,zhaoliying
multi_adaptive,Bernard_Law,C:\Users\tahak\ogproject\adaptiveface\data\lfw\Bernard_Law\Bernard_Law_0005.jpg,False,False,False,real_tpl,0.13346102833747864,zhangshaohan
multi_adaptive,huangzitao,C:\Users\tahak\ogproject\adaptiveface\data\rmfd\AFDB_face_dataset\huangzitao\1_0_huangzitao_0108.jpg,False,True,False,real_tpl,0.6773836016654968,huangzitao
multi_adaptive,Ben_Betts,C:\Users\tahak\ogproject\adaptiveface\data\lfw\Ben_Betts\Ben_Betts_0001.jpg,False,False,False,real_tpl,0.1360606700181961,wulei
multi_adaptive,shaofeng,C:\Users\tahak\ogproject\adaptiveface\data\rmfd\AFDB_face_dataset\shaofeng\1_0_shaofeng_0001.jpg,False,True,False,real_tpl,0.530182957649231,shaofeng
multi_adaptive,Thomas_Bjorn,C:\Users\tahak\ogproject\adaptiveface\data\lfw\Thomas_Bjorn\Thomas_Bjorn_0002.jpg,False,False,False,real_tpl,0.13941580057144165,maoxiaotong
multi_adaptive,Intisar_Ajouri,C:\Users\tahak\ogproject\adaptiveface\data\lfw\Intisar_Ajouri\Intisar_Ajouri_0003.jpg,False,False,False,real_tpl,0.14091767370700836,hejiong
multi_adaptive,Elena_Tihomirova,C:\Users\tahak\ogproject\adaptiveface\data\lfw\Elena_Tihomirova\Elena_Tihomirova_0001.jpg,False,False,False,real_tpl,0.12616512179374695,zhangxueying
multi_adaptive,Nicanor_Duarte_Frutos,C:\Users\tahak\ogproject\adaptiveface\data\lfw\Nicanor_Duarte_Frutos\Nicanor_Duarte_Frutos_0010.jpg,False,False,False,real_tpl,0.130339577794075,xiaozhan
multi_adaptive,huangzitao,C:\Users\tahak\ogproject\adaptiveface\data\rmfd\AFDB_masked_face_dataset\huangzitao\0_0_2.jpg,True,True,False,real_tpl,0.33795803785324097,huangzitao
multi_adaptive,zhangtianai,C:\Users\tahak\ogproject\adaptiveface\data\rmfd\AFDB_masked_face_dataset\zhangtianai\0_0_8.jpg,True,True,True,synth_tpl,0.2489059865474701,zhangtianai
multi_adaptive,Bernard_Law,C:\Users\tahak\ogproject\adaptiveface\data\lfw\Bernard_Law\Bernard_Law_0001.jpg,False,False,False,real_tpl,0.11968498677015305,zhangbinbin
multi_adaptive,Tyra_Banks,C:\Users\tahak\ogproject\adaptiveface\data\lfw\Tyra_Banks\Tyra_Banks_0002.jpg,False,False,False,real_tpl,0.1532139778137207,zhouxun
multi_adaptive,Michael_Phelps,C:\Users\tahak\ogproject\adaptiveface\data\lfw\Michael_Phelps\Michael_Phelps_0002.jpg,False,False,False,real_tpl,0.15635542571544647,huangrihua
multi_adaptive,Martha_Lucia_Ramirez,C:\Users\tahak\ogproject\adaptiveface\data\lfw\Martha_Lucia_Ramirez\Martha_Lucia_Ramirez_0002.jpg,False,False,False,real_tpl,0.14236071705818176,xiongdailin
multi_adaptive,zhangyi,C:\Users\tahak\ogproject\adaptiveface\data\rmfd\AFDB_masked_face_dataset\zhangyi\0_0_0.jpg,True,True,True,synth_tpl,0.31527286767959595,zhangyi
multi_adaptive,xuhao,C:\Users\tahak\ogproject\adaptiveface\data\rmfd\AFDB_masked_face_dataset\xuhao\0_0_0.jpg,True,True,False,real_tpl,0.5023087859153748,xuhao
multi_adaptive,Boris_Henry,C:\Users\tahak\ogproject\adaptiveface\data\lfw\Boris_Henry\Boris_Henry_0001.jpg,False,False,False,real_tpl,0.14367857575416565,jianailiang
multi_adaptive,lianghanwen,C:\Users\tahak\ogproject\adaptiveface\data\rmfd\AFDB_face_dataset\lianghanwen\1_0_lianghanwen_0181.jpg,False,True,False,real_tpl,0.22912082076072693,yumenglong
multi_adaptive,zhangluyi,C:\Users\tahak\ogproject\adaptiveface\data\rmfd\AFDB_masked_face_dataset\zhangluyi\0_0_0.png,True,True,True,synth_tpl,0.38627463579177856,zhangluyi
multi_adaptive,maqiguang,C:\Users\tahak\ogproject\adaptiveface\data\rmfd\AFDB_face_dataset\maqiguang\1_0_maqiguang_0041.jpg,False,True,False,real_tpl,0.3400622606277466,maqiguang
multi_adaptive,liushishi,C:\Users\tahak\ogproject\adaptiveface\data\rmfd\AFDB_face_dataset\liushishi\1_0_liushishi_0149.jpg,False,True,False,real_tpl,0.26332083344459534,jiangkaitong
multi_adaptive,guojingjing,C:\Users\tahak\ogproject\adaptiveface\data\rmfd\AFDB_face_dataset\guojingjing\0_0_guojingjing_0211.jpg,False,True,False,real_tpl,0.4261454939842224,guojingjing
multi_adaptive,luozhixiang,C:\Users\tahak\ogproject\adaptiveface\data\rmfd\AFDB_masked_face_dataset\luozhixiang\0_0_4.jpg,True,True,True,synth_tpl,0.20920267701148987,pengjing
multi_adaptive,jianghongbo,C:\Users\tahak\ogproject\adaptiveface\data\rmfd\AFDB_masked_face_dataset\jianghongbo\0_0_0.jpg,True,True,True,synth_tpl,0.32898443937301636,jianghongbo
multi_adaptive,yingcaier,C:\Users\tahak\ogproject\adaptiveface\data\rmfd\AFDB_face_dataset\yingcaier\1_0_yingcaier_0018.jpg,False,True,False,real_tpl,0.2800155282020569,zhangliangying
multi_adaptive,xudongdong,C:\Users\tahak\ogproject\adaptiveface\data\rmfd\AFDB_face_dataset\xudongdong\1_0_xudongdong_0234.jpg,False,True,False,real_tpl,0.3578386902809143,xudongdong
multi_adaptive,zhaoyihuan,C:\Users\tahak\ogproject\adaptiveface\data\rmfd\AFDB_face_dataset\zhaoyihuan\1_0_zhaoyihuan_0177.jpg,False,True,False,real_tpl,0.23325487971305847,zhuowenxuan
multi_adaptive,Ivan_Helguera,C:\Users\tahak\ogproject\adaptiveface\data\lfw\Ivan_Helguera\Ivan_Helguera_0001.jpg,False,False,False,real_tpl,0.15079480409622192,gutianle
multi_adaptive,jingbairan,C:\Users\tahak\ogproject\adaptiveface\data\rmfd\AFDB_masked_face_dataset\jingbairan\0_0_3.jpg,True,True,True,synth_tpl,0.19987279176712036,caobingkun
multi_adaptive,luozhixiang,C:\Users\tahak\ogproject\adaptiveface\data\rmfd\AFDB_face_dataset\luozhixiang\0_0_luozhixiang_0011.jpg,False,True,False,real_tpl,0.20505470037460327,fengjianyu
multi_adaptive,lvjiarong,C:\Users\tahak\ogproject\adaptiveface\data\rmfd\AFDB_face_dataset\lvjiarong\0_0_lvjiarong_0130.jpg,False,True,False,real_tpl,0.25198137760162354,tanweiwei
multi_adaptive,zhengyecheng,C:\Users\tahak\ogproject\adaptiveface\data\rmfd\AFDB_face_dataset\zhengyecheng\1_0_zhengyecheng_0174.jpg,False,True,False,real_tpl,0.5356742143630981,zhengyecheng
multi_adaptive,Michael_Chiklis,C:\Users\tahak\ogproject\adaptiveface\data\lfw\Michael_Chiklis\Michael_Chiklis_0004.jpg,False,False,False,real_tpl,0.1932564675807953,ruanjingtian
multi_adaptive,tanweiwei,C:\Users\tahak\ogproject\adaptiveface\data\rmfd\AFDB_masked_face_dataset\tanweiwei\1_0_2.jpg,True,True,True,synth_tpl,0.24085307121276855,lianghanwen
multi_adaptive,wangkai,C:\Users\tahak\ogproject\adaptiveface\data\rmfd\AFDB_face_dataset\wangkai\1_0_wangkai_0090.jpg,False,True,False,real_tpl,0.4946138262748718,wangkai
multi_adaptive,zhangbo,C:\Users\tahak\ogproject\adaptiveface\data\rmfd\AFDB_face_dataset\zhangbo\1_0_zhangbo_0212.jpg,False,True,False,real_tpl,0.4273696839809418,zhangbo
multi_adaptive,Asif_Hanif,C:\Users\tahak\ogproject\adaptiveface\data\lfw\Asif_Hanif\Asif_Hanif_0001.jpg,False,False,False,real_tpl,0.17639237642288208,liushishi
multi_adaptive,jiangkaitong,C:\Users\tahak\ogproject\adaptiveface\data\rmfd\AFDB_masked_face_dataset\jiangkaitong\0_0_10.jpg,True,True,False,real_tpl,0.2557241916656494,zhaoliying
multi_adaptive,panyueming,C:\Users\tahak\ogproject\adaptiveface\data\rmfd\AFDB_face_dataset\panyueming\1_0_panyueming_0150.jpg,False,True,False,real_tpl,0.4930955171585083,panyueming
multi_adaptive,hujing,C:\Users\tahak\ogproject\adaptiveface\data\rmfd\AFDB_face_dataset\hujing\1_0_hujing_0236.jpg,False,True,False,real_tpl,0.39641475677490234,hujing
multi_adaptive,lvjiarong,C:\Users\tahak\ogproject\adaptiveface\data\rmfd\AFDB_face_dataset\lvjiarong\0_0_lvjiarong_0002.jpg,False,True,False,real_tpl,0.3183014392852783,tanweiwei
multi_adaptive,Eduardo_Romero,C:\Users\tahak\ogproject\adaptiveface\data\lfw\Eduardo_Romero\Eduardo_Romero_0001.jpg,False,False,False,real_tpl,0.1270337998867035,zhourunfa
multi_adaptive,Celso_Amorim,C:\Users\tahak\ogproject\adaptiveface\data\lfw\Celso_Amorim\Celso_Amorim_0002.jpg,False,False,False,real_tpl,0.1267705261707306,xieanqi
multi_adaptive,zhouxun,C:\Users\tahak\ogproject\adaptiveface\data\rmfd\AFDB_masked_face_dataset\zhouxun\0_0_7.jpg,True,True,True,synth_tpl,0.19364173710346222,zhouxun
multi_adaptive,Paul_Reiser,C:\Users\tahak\ogproject\adaptiveface\data\lfw\Paul_Reiser\Paul_Reiser_0001.jpg,False,False,False,real_tpl,0.13154864311218262,zhangshaohan
multi_adaptive,guojingfei,C:\Users\tahak\ogproject\adaptiveface\data\rmfd\AFDB_masked_face_dataset\guojingfei\0_0_0.jpg,True,True,True,synth_tpl,0.3043903708457947,guojingfei
multi_adaptive,yinzheng,C:\Users\tahak\ogproject\adaptiveface\data\rmfd\AFDB_face_dataset\yinzheng\1_0_yinzheng_0093.jpg,False,True,False,real_tpl,0.4444524049758911,yinzheng
multi_adaptive,songxiaobo,C:\Users\tahak\ogproject\adaptiveface\data\rmfd\AFDB_face_dataset\songxiaobo\0_0_songxiaobo_0175.jpg,False,True,False,real_tpl,0.19974608719348907,chenkun
multi_adaptive,hanqingzi,C:\Users\tahak\ogproject\adaptiveface\data\rmfd\AFDB_face_dataset\hanqingzi\1_0_hanqingzi_0029.jpg,False,True,False,real_tpl,0.27590295672416687,hanqingzi
multi_adaptive,yinengjing,C:\Users\tahak\ogproject\adaptiveface\data\rmfd\AFDB_masked_face_dataset\yinengjing\0_0_30.jpg,True,True,True,synth_tpl,0.34239867329597473,yinengjing
multi_adaptive,lixiang,C:\Users\tahak\ogproject\adaptiveface\data\rmfd\AFDB_masked_face_dataset\lixiang\1_0_19.jpg,True,True,True,synth_tpl,0.23194485902786255,liusongren
multi_adaptive,dazhangwei,C:\Users\tahak\ogproject\adaptiveface\data\rmfd\AFDB_masked_face_dataset\dazhangwei\1_1_16.jpg,True,True,True,synth_tpl,0.31645429134368896,jiangkaitong
multi_adaptive,liyifeng,C:\Users\tahak\ogproject\adaptiveface\data\rmfd\AFDB_masked_face_dataset\liyifeng\0_0_3.jpg,True,True,True,synth_tpl,0.23380912840366364,zhangluyi
multi_adaptive,liushishi,C:\Users\tahak\ogproject\adaptiveface\data\rmfd\AFDB_face_dataset\liushishi\0_0_liushishi_0037.jpg,False,True,False,real_tpl,0.2741306722164154,linyuan
multi_adaptive,Eliane_Karp,C:\Users\tahak\ogproject\adaptiveface\data\lfw\Eliane_Karp\Eliane_Karp_0001.jpg,False,False,False,real_tpl,0.14171519875526428,zhouxun
multi_adaptive,weidaxun,C:\Users\tahak\ogproject\adaptiveface\data\rmfd\AFDB_masked_face_dataset\weidaxun\0_0_16.jpg,True,True,True,synth_tpl,0.214026540517807,weidaxun
multi_adaptive,zhangguoli,C:\Users\tahak\ogproject\adaptiveface\data\rmfd\AFDB_masked_face_dataset\zhangguoli\1_1_1.jpg,True,True,False,real_tpl,0.21114511787891388,chenkun
multi_adaptive,Carlos_Moya,C:\Users\tahak\ogproject\adaptiveface\data\lfw\Carlos_Moya\Carlos_Moya_0012.jpg,False,False,False,real_tpl,0.11267179250717163,wangqing
multi_adaptive,wangyu,C:\Users\tahak\ogproject\adaptiveface\data\rmfd\AFDB_face_dataset\wangyu\0_0_wangyu_0164.jpg,False,True,False,real_tpl,0.36094143986701965,wangyu
multi_adaptive,zhangjingjing,C:\Users\tahak\ogproject\adaptiveface\data\rmfd\AFDB_face_dataset\zhangjingjing\1_0_zhangjingjing_0014.jpg,False,True,False,real_tpl,0.1381767988204956,mali
multi_adaptive,linxinru,C:\Users\tahak\ogproject\adaptiveface\data\rmfd\AFDB_face_dataset\linxinru\0_0_linxinru_0135.jpg,False,True,False,real_tpl,0.5016037821769714,linxinru
multi_adaptive,qiuze,C:\Users\tahak\ogproject\adaptiveface\data\rmfd\AFDB_face_dataset\qiuze\1_0_qiuze_0011.jpg,False,True,False,real_tpl,0.5633423328399658,qiuze
multi_adaptive,zhangshaohan,C:\Users\tahak\ogproject\adaptiveface\data\rmfd\AFDB_face_dataset\zhangshaohan\1_0_zhangshaohan_0144.jpg,False,True,False,real_tpl,0.44382795691490173,zhangshaohan
multi_adaptive,Jimmy_Smits,C:\Users\tahak\ogproject\adaptiveface\data\lfw\Jimmy_Smits\Jimmy_Smits_0001.jpg,False,False,False,real_tpl,0.17488563060760498,zhaoyazhi
multi_adaptive,xieanqi,C:\Users\tahak\ogproject\adaptiveface\data\rmfd\AFDB_face_dataset\xieanqi\1_0_xieanqi_0048.jpg,False,True,False,real_tpl,0.293030709028244,xieanqi
multi_adaptive,hejiong,C:\Users\tahak\ogproject\adaptiveface\data\rmfd\AFDB_masked_face_dataset\hejiong\0_0_3.jpg,True,True,True,synth_tpl,0.32265031337738037,hejiong
multi_adaptive,zhaoyihuan,C:\Users\tahak\ogproject\adaptiveface\data\rmfd\AFDB_masked_face_dataset\zhaoyihuan\0_0_1.jpg,True,True,True,synth_tpl,0.3946201801300049,liuyifei
multi_adaptive,huangxiaoming,C:\Users\tahak\ogproject\adaptiveface\data\rmfd\AFDB_masked_face_dataset\huangxiaoming\0_0_5.jpg,True,True,True,synth_tpl,0.2811552882194519,huangxiaoming
multi_adaptive,gongbeibi,C:\Users\tahak\ogproject\adaptiveface\data\rmfd\AFDB_face_dataset\gongbeibi\0_0_gongbeibi_0071.jpg,False,True,False,real_tpl,0.48260122537612915,gongbeibi
multi_adaptive,liuxiang,C:\Users\tahak\ogproject\adaptiveface\data\rmfd\AFDB_face_dataset\liuxiang\1_0_liuxiang_0156.jpg,False,True,False,real_tpl,0.471358060836792,liuxiang
multi_adaptive,Roberto_Cercelletta,C:\Users\tahak\ogproject\adaptiveface\data\lfw\Roberto_Cercelletta\Roberto_Cercelletta_0001.jpg,False,False,False,real_tpl,0.13509488105773926,daipeini
multi_adaptive,linyuan,C:\Users\tahak\ogproject\adaptiveface\data\rmfd\AFDB_face_dataset\linyuan\1_0_linyuan_0170.jpg,False,True,False,real_tpl,0.2971353232860565,linyuan
multi_adaptive,Nicanor_Duarte_Frutos,C:\Users\tahak\ogproject\adaptiveface\data\lfw\Nicanor_Duarte_Frutos\Nicanor_Duarte_Frutos_0007.jpg,False,False,False,real_tpl,0.16453874111175537,liudehua
multi_adaptive,Zoran_Djindjic,C:\Users\tahak\ogproject\adaptiveface\data\lfw\Zoran_Djindjic\Zoran_Djindjic_0001.jpg,False,False,False,real_tpl,0.12076099216938019,yinzheng
multi_adaptive,qiuze,C:\Users\tahak\ogproject\adaptiveface\data\rmfd\AFDB_masked_face_dataset\qiuze\0_0_0.jpg,True,True,True,synth_tpl,0.4628133177757263,qiuze
multi_adaptive,chenxiang,C:\Users\tahak\ogproject\adaptiveface\data\rmfd\AFDB_masked_face_dataset\chenxiang\0_0_1.jpg,True,True,True,synth_tpl,0.30987605452537537,chenxiang
multi_adaptive,Sammy_Sosa,C:\Users\tahak\ogproject\adaptiveface\data\lfw\Sammy_Sosa\Sammy_Sosa_0001.jpg,False,False,False,real_tpl,0.1454468071460724,mali
multi_adaptive,zhangluyi,C:\Users\tahak\ogproject\adaptiveface\data\rmfd\AFDB_face_dataset\zhangluyi\1_0_zhangluyi_0047.jpg,False,True,False,real_tpl,0.6534512639045715,zhangluyi
multi_adaptive,Mel_Gibson,C:\Users\tahak\ogproject\adaptiveface\data\lfw\Mel_Gibson\Mel_Gibson_0002.jpg,False,False,False,real_tpl,0.1425018310546875,yangqianhua
multi_adaptive,liuyifei,C:\Users\tahak\ogproject\adaptiveface\data\rmfd\AFDB_masked_face_dataset\liuyifei\0_0_0.jpg,True,True,True,synth_tpl,0.37011682987213135,liuyifei
multi_adaptive,Ascencion_Barajas,C:\Users\tahak\ogproject\adaptiveface\data\lfw\Ascencion_Barajas\Ascencion_Barajas_0001.jpg,False,False,False,real_tpl,0.11463558673858643,jianailiang
multi_adaptive,Nicanor_Duarte_Frutos,C:\Users\tahak\ogproject\adaptiveface\data\lfw\Nicanor_Duarte_Frutos\Nicanor_Duarte_Frutos_0011.jpg,False,False,False,real_tpl,0.1605607271194458,zhengyecheng
multi_adaptive,Jason_Statham,C:\Users\tahak\ogproject\adaptiveface\data\lfw\Jason_Statham\Jason_Statham_0001.jpg,False,False,False,real_tpl,0.1302040070295334,zhangtianai
multi_adaptive,Brandon_Lloyd,C:\Users\tahak\ogproject\adaptiveface\data\lfw\Brandon_Lloyd\Brandon_Lloyd_0001.jpg,False,False,False,real_tpl,0.14296334981918335,liyifeng
multi_adaptive,jiangkaitong,C:\Users\tahak\ogproject\adaptiveface\data\rmfd\AFDB_masked_face_dataset\jiangkaitong\0_0_4.jpg,True,True,False,real_tpl,0.2737749218940735,jiangkaitong
multi_adaptive,liuye,C:\Users\tahak\ogproject\adaptiveface\data\rmfd\AFDB_masked_face_dataset\liuye\0_0_0.jpg,True,True,True,synth_tpl,0.4693239629268646,liuye
multi_adaptive,Nicanor_Duarte_Frutos,C:\Users\tahak\ogproject\adaptiveface\data\lfw\Nicanor_Duarte_Frutos\Nicanor_Duarte_Frutos_0001.jpg,False,False,False,real_tpl,0.1500251293182373,zhengyecheng
multi_adaptive,Ian_McKellen,C:\Users\tahak\ogproject\adaptiveface\data\lfw\Ian_McKellen\Ian_McKellen_0001.jpg,False,False,False,real_tpl,0.12299782037734985,raowei
multi_adaptive,Tommy_Amaker,C:\Users\tahak\ogproject\adaptiveface\data\lfw\Tommy_Amaker\Tommy_Amaker_0001.jpg,False,False,False,real_tpl,0.12455443292856216,jianghongbo
multi_adaptive,maoxiaotong,C:\Users\tahak\ogproject\adaptiveface\data\rmfd\AFDB_masked_face_dataset\maoxiaotong\0_0_19.jpg,True,True,True,synth_tpl,0.1958681344985962,wangyuan
multi_adaptive,mali,C:\Users\tahak\ogproject\adaptiveface\data\rmfd\AFDB_masked_face_dataset\mali\0_0_2.jpg,True,True,True,synth_tpl,0.36134302616119385,mali
multi_adaptive,liusongren,C:\Users\tahak\ogproject\adaptiveface\data\rmfd\AFDB_face_dataset\liusongren\1_0_liusongren_0104.jpg,False,True,False,real_tpl,0.6008325815200806,liusongren
multi_adaptive,liuqianhan,C:\Users\tahak\ogproject\adaptiveface\data\rmfd\AFDB_masked_face_dataset\liuqianhan\1_0_0.jpg,True,True,True,synth_tpl,0.29353880882263184,liuqianhan
multi_adaptive,jiangyiyi,C:\Users\tahak\ogproject\adaptiveface\data\rmfd\AFDB_face_dataset\jiangyiyi\1_0_jiangyiyi_0067.jpg,False,True,False,real_tpl,0.35978204011917114,jiangyiyi
multi_adaptive,matianyu,C:\Users\tahak\ogproject\adaptiveface\data\rmfd\AFDB_face_dataset\matianyu\1_0_matianyu_0069.jpg,False,True,False,real_tpl,0.6051818132400513,matianyu
multi_adaptive,jianailiang,C:\Users\tahak\ogproject\adaptiveface\data\rmfd\AFDB_masked_face_dataset\jianailiang\1_0_1.jpg,True,True,True,synth_tpl,0.23228639364242554,jianailiang
multi_adaptive,Bernard_Law,C:\Users\tahak\ogproject\adaptiveface\data\lfw\Bernard_Law\Bernard_Law_0004.jpg,False,False,False,real_tpl,0.1309232860803604,mali
multi_adaptive,chenkun,C:\Users\tahak\ogproject\adaptiveface\data\rmfd\AFDB_face_dataset\chenkun\1_0_chenkun_0050.jpg,False,True,False,real_tpl,0.4848344922065735,chenkun
multi_adaptive,licaihua,C:\Users\tahak\ogproject\adaptiveface\data\rmfd\AFDB_masked_face_dataset\licaihua\0_0_0.jpg,True,True,True,synth_tpl,0.3689700961112976,licaihua
multi_adaptive,Bernard_Siegel,C:\Users\tahak\ogproject\adaptiveface\data\lfw\Bernard_Siegel\Bernard_Siegel_0001.jpg,False,False,False,real_tpl,0.11986618489027023,wangou
multi_adaptive,Kifah_Ajouri,C:\Users\tahak\ogproject\adaptiveface\data\lfw\Kifah_Ajouri\Kifah_Ajouri_0001.jpg,False,False,False,real_tpl,0.11943261325359344,zhaoliying
multi_adaptive,guofucheng,C:\Users\tahak\ogproject\adaptiveface\data\rmfd\AFDB_masked_face_dataset\guofucheng\1_0_6.jpg,True,True,True,synth_tpl,0.2885656952857971,guofucheng
multi_adaptive,wangkai,C:\Users\tahak\ogproject\adaptiveface\data\rmfd\AFDB_masked_face_dataset\wangkai\0_0_0.jpg,True,True,True,synth_tpl,0.4055677652359009,wangkai
multi_adaptive,wangzuxian,C:\Users\tahak\ogproject\adaptiveface\data\rmfd\AFDB_masked_face_dataset\wangzuxian\0_0_16.jpg,True,True,True,synth_tpl,0.3349376320838928,wangzuxian
multi_adaptive,tangwei,C:\Users\tahak\ogproject\adaptiveface\data\rmfd\AFDB_masked_face_dataset\tangwei\0_0_0.jpg,True,True,True,synth_tpl,0.31162023544311523,huozun
multi_adaptive,Carlos_Moya,C:\Users\tahak\ogproject\adaptiveface\data\lfw\Carlos_Moya\Carlos_Moya_0006.jpg,False,False,False,real_tpl,0.15163341164588928,mali
multi_adaptive,Martha_Lucia_Ramirez,C:\Users\tahak\ogproject\adaptiveface\data\lfw\Martha_Lucia_Ramirez\Martha_Lucia_Ramirez_0001.jpg,False,False,False,real_tpl,0.16472776234149933,zhaoyazhi
multi_adaptive,zhangzifeng,C:\Users\tahak\ogproject\adaptiveface\data\rmfd\AFDB_masked_face_dataset\zhangzifeng\1_0_19.jpg,True,True,False,real_tpl,0.4193984866142273,zhangzifeng
multi_adaptive,caobingkun,C:\Users\tahak\ogproject\adaptiveface\data\rmfd\AFDB_masked_face_dataset\caobingkun\0_0_11.jpg,True,True,True,synth_tpl,0.35539525747299194,caobingkun
multi_adaptive,liuruilin,C:\Users\tahak\ogproject\adaptiveface\data\rmfd\AFDB_face_dataset\liuruilin\1_0_liuruilin_0293.jpg,False,True,False,real_tpl,0.3553377389907837,liuruilin
multi_adaptive,fengjianyu,C:\Users\tahak\ogproject\adaptiveface\data\rmfd\AFDB_face_dataset\fengjianyu\1_0_fengjianyu_0103.jpg,False,True,False,real_tpl,0.2725682854652405,fengjianyu
multi_adaptive,handongjun,C:\Users\tahak\ogproject\adaptiveface\data\rmfd\AFDB_masked_face_dataset\handongjun\0_0_3.jpg,True,True,True,synth_tpl,0.30952513217926025,xietingfeng
multi_adaptive,shenmengchen,C:\Users\tahak\ogproject\adaptiveface\data\rmfd\AFDB_masked_face_dataset\shenmengchen\0_0_13.jpg,True,True,True,synth_tpl,0.2274533212184906,xieanqi
multi_adaptive,zhangluyi,C:\Users\tahak\ogproject\adaptiveface\data\rmfd\AFDB_face_dataset\zhangluyi\1_0_zhangluyi_0103.jpg,False,True,False,real_tpl,0.6163477897644043,zhangluyi
multi_adaptive,mali,C:\Users\tahak\ogproject\adaptiveface\data\rmfd\AFDB_masked_face_dataset\mali\0_0_0.jpg,True,True,True,synth_tpl,0.4204897880554199,mali
multi_adaptive,lufangsheng,C:\Users\tahak\ogproject\adaptiveface\data\rmfd\AFDB_masked_face_dataset\lufangsheng\0_0_0.jpg,True,True,True,synth_tpl,0.41205117106437683,lufangsheng
multi_adaptive,Zoran_Djindjic,C:\Users\tahak\ogproject\adaptiveface\data\lfw\Zoran_Djindjic\Zoran_Djindjic_0004.jpg,False,False,False,real_tpl,0.12470181286334991,yinzheng
multi_adaptive,xuzheng,C:\Users\tahak\ogproject\adaptiveface\data\rmfd\AFDB_face_dataset\xuzheng\1_0_xuzheng_0059.jpg,False,True,False,real_tpl,0.43713855743408203,xuzheng
multi_adaptive,huojianhua,C:\Users\tahak\ogproject\adaptiveface\data\rmfd\AFDB_face_dataset\huojianhua\1_0_huojianhua_0128.jpg,False,True,False,real_tpl,0.4012517035007477,huojianhua
multi_adaptive,xietingfeng,C:\Users\tahak\ogproject\adaptiveface\data\rmfd\AFDB_masked_face_dataset\xietingfeng\0_0_2.jpg,True,True,True,synth_tpl,0.20669284462928772,xuhao
multi_adaptive,zhaoliying,C:\Users\tahak\ogproject\adaptiveface\data\rmfd\AFDB_masked_face_dataset\zhaoliying\1_1_23.jpg,True,True,True,synth_tpl,0.31265273690223694,hujing
multi_adaptive,zhangguoli,C:\Users\tahak\ogproject\adaptiveface\data\rmfd\AFDB_face_dataset\zhangguoli\1_0_zhangguoli_0139.jpg,False,True,False,real_tpl,0.5156324505805969,zhangguoli
multi_adaptive,guofucheng,C:\Users\tahak\ogproject\adaptiveface\data\rmfd\AFDB_face_dataset\guofucheng\1_0_guofucheng_0024.jpg,False,True,False,real_tpl,0.4781399965286255,guofucheng
multi_adaptive,liuqianhan,C:\Users\tahak\ogproject\adaptiveface\data\rmfd\AFDB_face_dataset\liuqianhan\1_0_liuqianhan_0032.jpg,False,True,False,real_tpl,0.18276861310005188,zhouxun
multi_adaptive,huashao,C:\Users\tahak\ogproject\adaptiveface\data\rmfd\AFDB_masked_face_dataset\huashao\0_0_0.jpg,True,True,True,synth_tpl,0.20516541600227356,matianyu
multi_adaptive,xiena,C:\Users\tahak\ogproject\adaptiveface\data\rmfd\AFDB_masked_face_dataset\xiena\0_0_8.jpg,True,True,True,synth_tpl,0.16432447731494904,xuhao
multi_adaptive,linxinru,C:\Users\tahak\ogproject\adaptiveface\data\rmfd\AFDB_face_dataset\linxinru\1_0_linxinru_0242.jpg,False,True,False,real_tpl,0.49112027883529663,linxinru
multi_adaptive,guanxiaotong,C:\Users\tahak\ogproject\adaptiveface\data\rmfd\AFDB_face_dataset\guanxiaotong\1_0_guanxiaotong_0016.jpg,False,True,False,real_tpl,0.41212576627731323,guanxiaotong
multi_adaptive,shuqi,C:\Users\tahak\ogproject\adaptiveface\data\rmfd\AFDB_face_dataset\shuqi\1_0_shuqi_0023.jpg,False,True,False,real_tpl,0.32952171564102173,zhouxun
multi_adaptive,lixirui,C:\Users\tahak\ogproject\adaptiveface\data\rmfd\AFDB_masked_face_dataset\lixirui\1_0_0.jpg,True,True,True,synth_tpl,0.245409294962883,tongliya
multi_adaptive,songqian,C:\Users\tahak\ogproject\adaptiveface\data\rmfd\AFDB_masked_face_dataset\songqian\1_0_17.jpg,True,True,True,synth_tpl,0.2120283544063568,tangwei
multi_adaptive,ruanjingtian,C:\Users\tahak\ogproject\adaptiveface\data\rmfd\AFDB_masked_face_dataset\ruanjingtian\0_0_1.jpg,True,True,True,synth_tpl,0.39590394496917725,jiangjinfu
multi_adaptive,liyifeng,C:\Users\tahak\ogproject\adaptiveface\data\rmfd\AFDB_face_dataset\liyifeng\1_0_liyifeng_0142.jpg,False,True,False,real_tpl,0.3785381317138672,liyifeng
multi_adaptive,yanni,C:\Users\tahak\ogproject\adaptiveface\data\rmfd\AFDB_masked_face_dataset\yanni\0_0_13.jpg,True,True,True,synth_tpl,0.24385052919387817,liusongren
multi_adaptive,caobingkun,C:\Users\tahak\ogproject\adaptiveface\data\rmfd\AFDB_face_dataset\caobingkun\1_0_caobingkun_0234.jpg,False,True,False,real_tpl,0.44730284810066223,caobingkun
multi_adaptive,chenfarong,C:\Users\tahak\ogproject\adaptiveface\data\rmfd\AFDB_face_dataset\chenfarong\1_0_chenfarong_0152.jpg,False,True,False,real_tpl,0.5322214365005493,chenfarong
multi_adaptive,yanni,C:\Users\tahak\ogproject\adaptiveface\data\rmfd\AFDB_face_dataset\yanni\1_0_yanni_0039.jpg,False,True,False,real_tpl,0.42126017808914185,yanni
multi_adaptive,tongliya,C:\Users\tahak\ogproject\adaptiveface\data\rmfd\AFDB_face_dataset\tongliya\0_0_tongliya_0169.jpg,False,True,False,real_tpl,0.6388838291168213,tongliya
multi_adaptive,zhengkai,C:\Users\tahak\ogproject\adaptiveface\data\rmfd\AFDB_masked_face_dataset\zhengkai\0_1_10.jpg,True,True,True,synth_tpl,0.30051931738853455,zhengkai
multi_adaptive,huangbo,C:\Users\tahak\ogproject\adaptiveface\data\rmfd\AFDB_masked_face_dataset\huangbo\0_0_0.jpg,True,True,True,synth_tpl,0.34704458713531494,huangbo
multi_adaptive,hujing,C:\Users\tahak\ogproject\adaptiveface\data\rmfd\AFDB_masked_face_dataset\hujing\0_0_33.jpg,True,True,True,synth_tpl,0.4289221465587616,hujing
multi_adaptive,chenxiang,C:\Users\tahak\ogproject\adaptiveface\data\rmfd\AFDB_face_dataset\chenxiang\1_0_chenxiang_0002.jpg,False,True,False,real_tpl,0.2737451493740082,chenxiang
multi_adaptive,mowenwei,C:\Users\tahak\ogproject\adaptiveface\data\rmfd\AFDB_masked_face_dataset\mowenwei\0_0_1.jpg,True,True,True,synth_tpl,0.1925351321697235,jiangyiyi
multi_adaptive,huangbo,C:\Users\tahak\ogproject\adaptiveface\data\rmfd\AFDB_masked_face_dataset\huangbo\0_0_1.jpg,True,True,True,synth_tpl,0.3732144832611084,huangbo
multi_adaptive,masichun,C:\Users\tahak\ogproject\adaptiveface\data\rmfd\AFDB_face_dataset\masichun\1_0_masichun_0171.jpg,False,True,False,real_tpl,0.44564616680145264,masichun
multi_adaptive,caizhuoyan,C:\Users\tahak\ogproject\adaptiveface\data\rmfd\AFDB_face_dataset\caizhuoyan\1_0_caizhuoyan_0077.jpg,False,True,False,real_tpl,0.35948026180267334,caizhuoyan
multi_adaptive,chenjiaqi,C:\Users\tahak\ogproject\adaptiveface\data\rmfd\AFDB_masked_face_dataset\chenjiaqi\0_0_0.jpg,True,True,True,synth_tpl,0.22687195241451263,wangxiaomin
multi_adaptive,Ian_McKellen,C:\Users\tahak\ogproject\adaptiveface\data\lfw\Ian_McKellen\Ian_McKellen_0003.jpg,False,False,False,real_tpl,0.16027405858039856,lianghanwen
multi_adaptive,shuqi,C:\Users\tahak\ogproject\adaptiveface\data\rmfd\AFDB_masked_face_dataset\shuqi\0_0_3.jpg,True,True,True,synth_tpl,0.26166850328445435,daipeini
multi_adaptive,Carlos_Moya,C:\Users\tahak\ogproject\adaptiveface\data\lfw\Carlos_Moya\Carlos_Moya_0011.jpg,False,False,False,real_tpl,0.15327243506908417,huojianhua
multi_adaptive,linxinru,C:\Users\tahak\ogproject\adaptiveface\data\rmfd\AFDB_masked_face_dataset\linxinru\0_0_9.jpg,True,True,True,synth_tpl,0.38478994369506836,linxinru
multi_adaptive,liuxiang,C:\Users\tahak\ogproject\adaptiveface\data\rmfd\AFDB_masked_face_dataset\liuxiang\1_0_11.jpg,True,True,True,synth_tpl,0.26767969131469727,caiguoqing
multi_adaptive,xiongdailin,C:\Users\tahak\ogproject\adaptiveface\data\rmfd\AFDB_face_dataset\xiongdailin\1_0_xiongdailin_0027.jpg,False,True,False,real_tpl,0.5883896946907043,xiongdailin
multi_adaptive,lidaimo,C:\Users\tahak\ogproject\adaptiveface\data\rmfd\AFDB_face_dataset\lidaimo\1_0_lidaimo_0207.jpg,False,True,False,real_tpl,0.38674935698509216,lidaimo
multi_adaptive,Nicanor_Duarte_Frutos,C:\Users\tahak\ogproject\adaptiveface\data\lfw\Nicanor_Duarte_Frutos\Nicanor_Duarte_Frutos_0008.jpg,False,False,False,real_tpl,0.16346688568592072,wuzhenyu
multi_adaptive,fengjianyu,C:\Users\tahak\ogproject\adaptiveface\data\rmfd\AFDB_face_dataset\fengjianyu\0_0_fengjianyu_0016.jpg,False,True,False,real_tpl,0.3050524592399597,fengjianyu
multi_adaptive,Kenneth_Brill,C:\Users\tahak\ogproject\adaptiveface\data\lfw\Kenneth_Brill\Kenneth_Brill_0001.jpg,False,False,False,real_tpl,0.14964008331298828,wangyu
multi_adaptive,panyueming,C:\Users\tahak\ogproject\adaptiveface\data\rmfd\AFDB_masked_face_dataset\panyueming\0_0_0.jpg,True,True,True,synth_tpl,0.2557029724121094,liyapeng
multi_adaptive,caiguoqing,C:\Users\tahak\ogproject\adaptiveface\data\rmfd\AFDB_face_dataset\caiguoqing\1_0_caiguoqing_0126.jpg,False,True,False,real_tpl,0.5705762505531311,caiguoqing
multi_adaptive,xiongdailin,C:\Users\tahak\ogproject\adaptiveface\data\rmfd\AFDB_face_dataset\xiongdailin\1_0_xiongdailin_0083.jpg,False,True,False,real_tpl,0.6826940178871155,xiongdailin
multi_adaptive,liuruilin,C:\Users\tahak\ogproject\adaptiveface\data\rmfd\AFDB_masked_face_dataset\liuruilin\0_0_0.jpg,True,True,True,synth_tpl,0.2634371817111969,jiangkaitong
multi_adaptive,masichun,C:\Users\tahak\ogproject\adaptiveface\data\rmfd\AFDB_masked_face_dataset\masichun\0_0_4.png,True,True,True,synth_tpl,0.24231532216072083,masichun
multi_adaptive,Carlo_Ancelotti,C:\Users\tahak\ogproject\adaptiveface\data\lfw\Carlo_Ancelotti\Carlo_Ancelotti_0001.jpg,False,False,False,real_tpl,0.12815552949905396,mali
multi_adaptive,lanyingying,C:\Users\tahak\ogproject\adaptiveface\data\rmfd\AFDB_masked_face_dataset\lanyingying\1_1_2.jpg,True,True,True,synth_tpl,0.3418023884296417,lanyingying
multi_adaptive,sunyizhou,C:\Users\tahak\ogproject\adaptiveface\data\rmfd\AFDB_face_dataset\sunyizhou\0_0_sunyizhou_0046.jpg,False,True,False,real_tpl,0.4534006118774414,sunyizhou
multi_adaptive,xudongdong,C:\Users\tahak\ogproject\adaptiveface\data\rmfd\AFDB_face_dataset\xudongdong\1_0_xudongdong_0188.jpg,False,True,False,real_tpl,0.3019918203353882,xudongdong
multi_adaptive,huangxiaoming,C:\Users\tahak\ogproject\adaptiveface\data\rmfd\AFDB_face_dataset\huangxiaoming\1_0_huangxiaoming_0199.jpg,False,True,False,real_tpl,0.37160393595695496,huangxiaoming
multi_adaptive,gulinazha,C:\Users\tahak\ogproject\adaptiveface\data\rmfd\AFDB_face_dataset\gulinazha\0_0_gulinazha_0104.jpg,False,True,False,real_tpl,0.4136897325515747,gulinazha
multi_adaptive,chenyi,C:\Users\tahak\ogproject\adaptiveface\data\rmfd\AFDB_face_dataset\chenyi\1_0_chenyi_0076.jpg,False,True,False,real_tpl,0.5605204105377197,chenyi
multi_adaptive,Zach_Safrin,C:\Users\tahak\ogproject\adaptiveface\data\lfw\Zach_Safrin\Zach_Safrin_0001.jpg,False,False,False,real_tpl,0.14149533212184906,lvjiarong
multi_adaptive,Pascal_Rheaume,C:\Users\tahak\ogproject\adaptiveface\data\lfw\Pascal_Rheaume\Pascal_Rheaume_0001.jpg,False,False,False,real_tpl,0.12724897265434265,liyifeng
multi_adaptive,jingbairan,C:\Users\tahak\ogproject\adaptiveface\data\rmfd\AFDB_face_dataset\jingbairan\1_0_jingbairan_0103.jpg,False,True,False,real_tpl,0.4863569736480713,jingbairan
multi_adaptive,zhangxueying,C:\Users\tahak\ogproject\adaptiveface\data\rmfd\AFDB_masked_face_dataset\zhangxueying\0_0_1.jpg,True,True,True,synth_tpl,0.4009729027748108,zhangxueying
multi_adaptive,xuzheng,C:\Users\tahak\ogproject\adaptiveface\data\rmfd\AFDB_masked_face_dataset\xuzheng\0_0_11.jpg,True,True,False,real_tpl,0.12353558838367462,zhangbo
multi_adaptive,huashao,C:\Users\tahak\ogproject\adaptiveface\data\rmfd\AFDB_face_dataset\huashao\0_0_huashao_0109.jpg,False,True,False,real_tpl,0.1743294596672058,fengjianyu
multi_adaptive,guojingjing,C:\Users\tahak\ogproject\adaptiveface\data\rmfd\AFDB_face_dataset\guojingjing\0_0_guojingjing_0005.jpg,False,True,False,real_tpl,0.4686123728752136,guojingjing
multi_adaptive,Carlo_Ancelotti,C:\Users\tahak\ogproject\adaptiveface\data\lfw\Carlo_Ancelotti\Carlo_Ancelotti_0002.jpg,False,False,False,real_tpl,0.14564839005470276,mali
multi_adaptive,Keith_Bogans,C:\Users\tahak\ogproject\adaptiveface\data\lfw\Keith_Bogans\Keith_Bogans_0002.jpg,False,False,False,real_tpl,0.14862966537475586,zhangbinbin
multi_adaptive,fengjianyu,C:\Users\tahak\ogproject\adaptiveface\data\rmfd\AFDB_masked_face_dataset\fengjianyu\0_0_0.jpg,True,True,True,synth_tpl,0.300121933221817,fengjianyu
multi_adaptive,zhangxueyou,C:\Users\tahak\ogproject\adaptiveface\data\rmfd\AFDB_masked_face_dataset\zhangxueyou\0_0_0.jpg,True,True,True,synth_tpl,0.39461594820022583,zhangxueyou
multi_adaptive,maoxiaotong,C:\Users\tahak\ogproject\adaptiveface\data\rmfd\AFDB_face_dataset\maoxiaotong\1_0_maoxiaotong_0037.jpg,False,True,False,real_tpl,0.25726500153541565,maoxiaotong
multi_adaptive,wulei,C:\Users\tahak\ogproject\adaptiveface\data\rmfd\AFDB_face_dataset\wulei\1_0_wulei_0131.jpg,False,True,False,real_tpl,0.29956334829330444,wulei
multi_adaptive,gutianle,C:\Users\tahak\ogproject\adaptiveface\data\rmfd\AFDB_masked_face_dataset\gutianle\0_1_6.jpg,True,True,True,synth_tpl,0.3817039132118225,huge
multi_adaptive,gutianle,C:\Users\tahak\ogproject\adaptiveface\data\rmfd\AFDB_face_dataset\gutianle\1_0_gutianle_0124.jpg,False,True,False,real_tpl,0.5728063583374023,gutianle
multi_adaptive,liuqianhan,C:\Users\tahak\ogproject\adaptiveface\data\rmfd\AFDB_face_dataset\liuqianhan\1_0_liuqianhan_0255.jpg,False,True,False,real_tpl,0.5032573938369751,liuqianhan
multi_adaptive,huangzitao,C:\Users\tahak\ogproject\adaptiveface\data\rmfd\AFDB_masked_face_dataset\huangzitao\0_0_11.jpg,True,True,False,real_tpl,0.1984744518995285,zhangbinbin
multi_adaptive,Carlos_Moya,C:\Users\tahak\ogproject\adaptiveface\data\lfw\Carlos_Moya\Carlos_Moya_0008.jpg,False,False,False,real_tpl,0.12327441573143005,zhaoliying
multi_adaptive,Rafeeuddin_Ahmed,C:\Users\tahak\ogproject\adaptiveface\data\lfw\Rafeeuddin_Ahmed\Rafeeuddin_Ahmed_0001.jpg,False,False,False,real_tpl,0.11379379034042358,yangzi
multi_adaptive,zhouxun,C:\Users\tahak\ogproject\adaptiveface\data\rmfd\AFDB_face_dataset\zhouxun\0_0_zhouxun_0157.jpg,False,True,False,real_tpl,0.3576437532901764,zhouxun
multi_adaptive,zhaoyihuan,C:\Users\tahak\ogproject\adaptiveface\data\rmfd\AFDB_masked_face_dataset\zhaoyihuan\0_0_0.jpg,True,True,True,synth_tpl,0.4060221314430237,liuyifei
multi_adaptive,wangou,C:\Users\tahak\ogproject\adaptiveface\data\rmfd\AFDB_face_dataset\wangou\1_0_wangou_0203.jpg,False,True,False,real_tpl,0.4097403287887573,wangou
multi_adaptive,licaihua,C:\Users\tahak\ogproject\adaptiveface\data\rmfd\AFDB_face_dataset\licaihua\0_0_licaihua_0197.jpg,False,True,False,real_tpl,0.49243417382240295,licaihua
multi_adaptive,mowenwei,C:\Users\tahak\ogproject\adaptiveface\data\rmfd\AFDB_face_dataset\mowenwei\1_0_mowenwei_0050.jpg,False,True,False,real_tpl,0.4391159415245056,mowenwei
multi_adaptive,caobingkun,C:\Users\tahak\ogproject\adaptiveface\data\rmfd\AFDB_face_dataset\caobingkun\0_0_caobingkun_0198.jpg,False,True,False,real_tpl,0.5550582408905029,caobingkun
multi_adaptive,liusongren,C:\Users\tahak\ogproject\adaptiveface\data\rmfd\AFDB_face_dataset\liusongren\1_0_liusongren_0081.jpg,False,True,False,real_tpl,0.6217477917671204,liusongren
multi_adaptive,wulei,C:\Users\tahak\ogproject\adaptiveface\data\rmfd\AFDB_face_dataset\wulei\1_0_wulei_0069.jpg,False,True,False,real_tpl,0.3562873601913452,wulei
multi_adaptive,guanxiaotong,C:\Users\tahak\ogproject\adaptiveface\data\rmfd\AFDB_masked_face_dataset\guanxiaotong\0_0_29.jpg,True,True,True,synth_tpl,0.2394304722547531,zhangxueying
multi_adaptive,yangzi,C:\Users\tahak\ogproject\adaptiveface\data\rmfd\AFDB_masked_face_dataset\yangzi\0_0_25.jpg,True,True,True,synth_tpl,0.2249443233013153,zhangxueying
multi_adaptive,tongkeke,C:\Users\tahak\ogproject\adaptiveface\data\rmfd\AFDB_masked_face_dataset\tongkeke\0_0_3.jpg,True,True,True,synth_tpl,0.44653719663619995,tongkeke
multi_adaptive,Tyrone_Medley,C:\Users\tahak\ogproject\adaptiveface\data\lfw\Tyrone_Medley\Tyrone_Medley_0001.jpg,False,False,False,real_tpl,0.12605825066566467,zhouxun
multi_adaptive,dingding,C:\Users\tahak\ogproject\adaptiveface\data\rmfd\AFDB_face_dataset\dingding\1_0_dingding_0011.jpg,False,True,False,real_tpl,0.23250547051429749,liuyifei
multi_adaptive,Tim_Conway,C:\Users\tahak\ogproject\adaptiveface\data\lfw\Tim_Conway\Tim_Conway_0002.jpg,False,False,False,real_tpl,0.12041600048542023,chenkun
multi_adaptive,Lawrence_MacAulay,C:\Users\tahak\ogproject\adaptiveface\data\lfw\Lawrence_MacAulay\Lawrence_MacAulay_0001.jpg,False,False,False,real_tpl,0.15773726999759674,xuhao
multi_adaptive,lanyingying,C:\Users\tahak\ogproject\adaptiveface\data\rmfd\AFDB_masked_face_dataset\lanyingying\1_0_2.jpg,True,True,True,synth_tpl,0.29809659719467163,wulei
multi_adaptive,matianyu,C:\Users\tahak\ogproject\adaptiveface\data\rmfd\AFDB_masked_face_dataset\matianyu\0_0_0.jpg,True,True,True,synth_tpl,0.2631663680076599,zhangluyi
multi_adaptive,linjing,C:\Users\tahak\ogproject\adaptiveface\data\rmfd\AFDB_masked_face_dataset\linjing\0_0_0.jpeg,True,True,False,real_tpl,0.28496187925338745,gulinazha
multi_adaptive,wangluodan,C:\Users\tahak\ogproject\adaptiveface\data\rmfd\AFDB_face_dataset\wangluodan\1_0_wangluodan_0010.jpg,False,True,False,real_tpl,0.459405779838562,wangluodan
multi_adaptive,Mark_Hurlbert,C:\Users\tahak\ogproject\adaptiveface\data\lfw\Mark_Hurlbert\Mark_Hurlbert_0003.jpg,False,False,False,real_tpl,0.11167463660240173,jianailiang
multi_adaptive,songxiaobo,C:\Users\tahak\ogproject\adaptiveface\data\rmfd\AFDB_masked_face_dataset\songxiaobo\0_0_1.jpg,True,True,True,synth_tpl,0.23645427823066711,liuxiang
multi_adaptive,raowei,C:\Users\tahak\ogproject\adaptiveface\data\rmfd\AFDB_face_dataset\raowei\1_0_raowei_0010.jpg,False,True,False,real_tpl,0.40351468324661255,raowei
multi_adaptive,hanqingzi,C:\Users\tahak\ogproject\adaptiveface\data\rmfd\AFDB_face_dataset\hanqingzi\1_0_hanqingzi_0133.jpg,False,True,False,real_tpl,0.2675390839576721,hanqingzi
multi_adaptive,Billy_Sollie,C:\Users\tahak\ogproject\adaptiveface\data\lfw\Billy_Sollie\Billy_Sollie_0002.jpg,False,False,False,real_tpl,0.1612013578414917,hanqingzi
multi_adaptive,huangxiaoming,C:\Users\tahak\ogproject\adaptiveface\data\rmfd\AFDB_face_dataset\huangxiaoming\1_0_huangxiaoming_0088.jpg,False,True,False,real_tpl,0.4679238796234131,huangxiaoming
multi_adaptive,lianghanwen,C:\Users\tahak\ogproject\adaptiveface\data\rmfd\AFDB_face_dataset\lianghanwen\1_0_lianghanwen_0210.jpg,False,True,False,real_tpl,0.4692614674568176,lianghanwen
multi_adaptive,Carlos_Moya,C:\Users\tahak\ogproject\adaptiveface\data\lfw\Carlos_Moya\Carlos_Moya_0013.jpg,False,False,False,real_tpl,0.12049776315689087,maoxiaotong
multi_adaptive,zhaoyazhi,C:\Users\tahak\ogproject\adaptiveface\data\rmfd\AFDB_masked_face_dataset\zhaoyazhi\1_1_6.jpg,True,True,True,synth_tpl,0.21640679240226746,zhouhuimin
multi_adaptive,liyifeng,C:\Users\tahak\ogproject\adaptiveface\data\rmfd\AFDB_masked_face_dataset\liyifeng\0_0_13.jpg,True,True,True,synth_tpl,0.285521924495697,xiaozhan
multi_adaptive,xiaozhan,C:\Users\tahak\ogproject\adaptiveface\data\rmfd\AFDB_face_dataset\xiaozhan\0_0_xiaozhan_0191.jpg,False,True,False,real_tpl,0.48061683773994446,xiaozhan
multi_adaptive,Carlos_Moya,C:\Users\tahak\ogproject\adaptiveface\data\lfw\Carlos_Moya\Carlos_Moya_0001.jpg,False,False,False,real_tpl,0.14044414460659027,wangqing
multi_adaptive,zhangyi,C:\Users\tahak\ogproject\adaptiveface\data\rmfd\AFDB_face_dataset\zhangyi\1_0_zhangyi_0256.jpg,False,True,False,real_tpl,0.42916521430015564,zhangyi
multi_adaptive,zhangxinyu,C:\Users\tahak\ogproject\adaptiveface\data\rmfd\AFDB_masked_face_dataset\zhangxinyu\1_0_0.jpg,True,True,False,real_tpl,0.26538601517677307,zhangtianai
multi_adaptive,Keith_Bogans,C:\Users\tahak\ogproject\adaptiveface\data\lfw\Keith_Bogans\Keith_Bogans_0003.jpg,False,False,False,real_tpl,0.14402146637439728,yangzi
multi_adaptive,xinzhilei,C:\Users\tahak\ogproject\adaptiveface\data\rmfd\AFDB_face_dataset\xinzhilei\1_0_xinzhilei_0068.jpg,False,True,False,real_tpl,0.39936402440071106,xinzhilei
multi_adaptive,Nicanor_Duarte_Frutos,C:\Users\tahak\ogproject\adaptiveface\data\lfw\Nicanor_Duarte_Frutos\Nicanor_Duarte_Frutos_0004.jpg,False,False,False,real_tpl,0.15074574947357178,liudehua
multi_adaptive,zhanghuiwen,C:\Users\tahak\ogproject\adaptiveface\data\rmfd\AFDB_masked_face_dataset\zhanghuiwen\0_0_2.jpg,True,True,True,synth_tpl,0.3499913811683655,zhanghuiwen
multi_adaptive,Claudia_Coslovich,C:\Users\tahak\ogproject\adaptiveface\data\lfw\Claudia_Coslovich\Claudia_Coslovich_0001.jpg,False,False,False,real_tpl,0.1373940110206604,caiguoqing
multi_adaptive,Intisar_Ajouri,C:\Users\tahak\ogproject\adaptiveface\data\lfw\Intisar_Ajouri\Intisar_Ajouri_0002.jpg,False,False,False,real_tpl,0.1404857039451599,guofucheng
multi_adaptive,Carlos_Moya,C:\Users\tahak\ogproject\adaptiveface\data\lfw\Carlos_Moya\Carlos_Moya_0016.jpg,False,False,False,real_tpl,0.11972913146018982,zhanghuiwen
multi_adaptive,wangxiaomin,C:\Users\tahak\ogproject\adaptiveface\data\rmfd\AFDB_face_dataset\wangxiaomin\0_0_wangxiaomin_0179.jpg,False,True,False,real_tpl,0.3865475058555603,wangxiaomin
multi_adaptive,weidaxun,C:\Users\tahak\ogproject\adaptiveface\data\rmfd\AFDB_face_dataset\weidaxun\1_0_weidaxun_0097.jpg,False,True,False,real_tpl,0.3586801290512085,weidaxun
multi_adaptive,tangwei,C:\Users\tahak\ogproject\adaptiveface\data\rmfd\AFDB_face_dataset\tangwei\1_0_tangwei_0239.jpg,False,True,False,real_tpl,0.5763522386550903,tangwei
multi_adaptive,Thomas_Bjorn,C:\Users\tahak\ogproject\adaptiveface\data\lfw\Thomas_Bjorn\Thomas_Bjorn_0001.jpg,False,False,False,real_tpl,0.12459919601678848,xiongnaijin
multi_adaptive,Carlos_Moya,C:\Users\tahak\ogproject\adaptiveface\data\lfw\Carlos_Moya\Carlos_Moya_0007.jpg,False,False,False,real_tpl,0.10798060894012451,huangzitao
multi_adaptive,zhouhuimin,C:\Users\tahak\ogproject\adaptiveface\data\rmfd\AFDB_masked_face_dataset\zhouhuimin\0_0_0.jpg,True,True,True,synth_tpl,0.45235395431518555,zhouhuimin
multi_adaptive,Russell_Crowe,C:\Users\tahak\ogproject\adaptiveface\data\lfw\Russell_Crowe\Russell_Crowe_0001.jpg,False,False,False,real_tpl,0.15962442755699158,chenxiang
multi_adaptive,zhanghuiwen,C:\Users\tahak\ogproject\adaptiveface\data\rmfd\AFDB_face_dataset\zhanghuiwen\1_0_zhanghuiwen_0016.jpg,False,True,False,real_tpl,0.3514809012413025,zhanghuiwen
multi_adaptive,dingding,C:\Users\tahak\ogproject\adaptiveface\data\rmfd\AFDB_masked_face_dataset\dingding\0_0_5.jpg,True,True,False,real_tpl,0.194851815700531,wangyuan
multi_adaptive,lianghanwen,C:\Users\tahak\ogproject\adaptiveface\data\rmfd\AFDB_masked_face_dataset\lianghanwen\0_0_0.jpg,True,True,True,synth_tpl,0.31472107768058777,zhangbinbin
multi_adaptive,caiyilin,C:\Users\tahak\ogproject\adaptiveface\data\rmfd\AFDB_face_dataset\caiyilin\1_0_caiyilin_0132.jpg,False,True,False,real_tpl,0.3313446044921875,caiyilin
multi_adaptive,Carlos_Moya,C:\Users\tahak\ogproject\adaptiveface\data\lfw\Carlos_Moya\Carlos_Moya_0019.jpg,False,False,False,real_tpl,0.14993301033973694,lianghanwen
multi_adaptive,tongkeke,C:\Users\tahak\ogproject\adaptiveface\data\rmfd\AFDB_face_dataset\tongkeke\1_0_tongkeke_0067.jpg,False,True,False,real_tpl,0.3983761966228485,tongkeke
multi_adaptive,Pete_Rose,C:\Users\tahak\ogproject\adaptiveface\data\lfw\Pete_Rose\Pete_Rose_0002.jpg,False,False,False,real_tpl,0.14200690388679504,yinengjing
multi_adaptive,zhouhuimin,C:\Users\tahak\ogproject\adaptiveface\data\rmfd\AFDB_face_dataset\zhouhuimin\1_0_zhouhuimin_0212.jpg,False,True,False,real_tpl,0.5421979427337646,zhouhuimin
multi_adaptive,wangou,C:\Users\tahak\ogproject\adaptiveface\data\rmfd\AFDB_masked_face_dataset\wangou\0_0_0.jpg,True,True,True,synth_tpl,0.26989126205444336,zhangliangying
multi_adaptive,Carlos_Moya,C:\Users\tahak\ogproject\adaptiveface\data\lfw\Carlos_Moya\Carlos_Moya_0009.jpg,False,False,False,real_tpl,0.15646106004714966,lianghanwen
multi_adaptive,Tim_Conway,C:\Users\tahak\ogproject\adaptiveface\data\lfw\Tim_Conway\Tim_Conway_0001.jpg,False,False,False,real_tpl,0.09664155542850494,chenkun
multi_adaptive,Martha_Lucia_Ramirez,C:\Users\tahak\ogproject\adaptiveface\data\lfw\Martha_Lucia_Ramirez\Martha_Lucia_Ramirez_0003.jpg,False,False,False,real_tpl,0.14091503620147705,yuyi
multi_adaptive,Nicanor_Duarte_Frutos,C:\Users\tahak\ogproject\adaptiveface\data\lfw\Nicanor_Duarte_Frutos\Nicanor_Duarte_Frutos_0009.jpg,False,False,False,real_tpl,0.1198061853647232,xiaozhan
multi_adaptive,Nicolas_Kiefer,C:\Users\tahak\ogproject\adaptiveface\data\lfw\Nicolas_Kiefer\Nicolas_Kiefer_0001.jpg,False,False,False,real_tpl,0.13675501942634583,caiyilin
multi_adaptive,qinjunjie,C:\Users\tahak\ogproject\adaptiveface\data\rmfd\AFDB_face_dataset\qinjunjie\1_0_qinjunjie_0079.jpg,False,True,False,real_tpl,0.3146510124206543,qinjunjie
multi_adaptive,guofucheng,C:\Users\tahak\ogproject\adaptiveface\data\rmfd\AFDB_masked_face_dataset\guofucheng\0_0_7.jpg,True,True,True,synth_tpl,0.29207843542099,guofucheng
multi_adaptive,Bilal_Erdogan,C:\Users\tahak\ogproject\adaptiveface\data\lfw\Bilal_Erdogan\Bilal_Erdogan_0001.jpg,False,False,False,real_tpl,0.1402275562286377,xiongdailin
multi_adaptive,Robert_Wagner,C:\Users\tahak\ogproject\adaptiveface\data\lfw\Robert_Wagner\Robert_Wagner_0001.jpg,False,False,False,real_tpl,0.15752586722373962,huojianhua
multi_adaptive,xinzhilei,C:\Users\tahak\ogproject\adaptiveface\data\rmfd\AFDB_masked_face_dataset\xinzhilei\0_0_0.jpg,True,True,True,synth_tpl,0.23596322536468506,xiaozhan
multi_adaptive,huozun,C:\Users\tahak\ogproject\adaptiveface\data\rmfd\AFDB_masked_face_dataset\huozun\0_0_4.jpg,True,True,True,synth_tpl,0.3275883197784424,huozun
multi_adaptive,qiuze,C:\Users\tahak\ogproject\adaptiveface\data\rmfd\AFDB_masked_face_dataset\qiuze\0_0_2.jpg,True,True,True,synth_tpl,0.40309444069862366,qiuze
multi_adaptive,gulinazha,C:\Users\tahak\ogproject\adaptiveface\data\rmfd\AFDB_face_dataset\gulinazha\1_0_gulinazha_0027.jpg,False,True,False,real_tpl,0.42476534843444824,gulinazha
multi_adaptive,jiangjinfu,C:\Users\tahak\ogproject\adaptiveface\data\rmfd\AFDB_face_dataset\jiangjinfu\1_0_jiangjinfu_0043.jpg,False,True,False,real_tpl,0.5212669968605042,jiangjinfu
multi_adaptive,chenfarong,C:\Users\tahak\ogproject\adaptiveface\data\rmfd\AFDB_masked_face_dataset\chenfarong\0_0_0.jpg,True,True,True,synth_tpl,0.3481011390686035,yangzi
multi_adaptive,yeyiqian,C:\Users\tahak\ogproject\adaptiveface\data\rmfd\AFDB_face_dataset\yeyiqian\1_0_yeyiqian_0040.jpg,False,True,False,real_tpl,0.3036355674266815,yeyiqian
multi_adaptive,caiyilin,C:\Users\tahak\ogproject\adaptiveface\data\rmfd\AFDB_face_dataset\caiyilin\1_0_caiyilin_0047.jpg,False,True,False,real_tpl,0.5920162200927734,caiyilin
multi_adaptive,Eliane_Karp,C:\Users\tahak\ogproject\adaptiveface\data\lfw\Eliane_Karp\Eliane_Karp_0004.jpg,False,False,False,real_tpl,0.11181110143661499,wangqing
multi_adaptive,yanni,C:\Users\tahak\ogproject\adaptiveface\data\rmfd\AFDB_face_dataset\yanni\1_0_yanni_0106.jpg,False,True,False,real_tpl,0.5516252517700195,yanni
multi_adaptive,luozhixiang,C:\Users\tahak\ogproject\adaptiveface\data\rmfd\AFDB_face_dataset\luozhixiang\1_0_luozhixiang_0057.jpg,False,True,False,real_tpl,0.2718319892883301,yinengjing
multi_adaptive,liyapeng,C:\Users\tahak\ogproject\adaptiveface\data\rmfd\AFDB_masked_face_dataset\liyapeng\0_0_0.jpg,True,True,True,synth_tpl,0.3522738814353943,liyapeng
multi_adaptive,liuyifei,C:\Users\tahak\ogproject\adaptiveface\data\rmfd\AFDB_face_dataset\liuyifei\1_0_liuyifei_0098.jpg,False,True,False,real_tpl,0.26121050119400024,liuyifei
multi_adaptive,gulinazha,C:\Users\tahak\ogproject\adaptiveface\data\rmfd\AFDB_masked_face_dataset\gulinazha\0_0_18.jpg,True,True,True,synth_tpl,0.43690067529678345,gulinazha
multi_adaptive,Lawrence_MacAulay,C:\Users\tahak\ogproject\adaptiveface\data\lfw\Lawrence_MacAulay\Lawrence_MacAulay_0002.jpg,False,False,False,real_tpl,0.13589619100093842,liyifeng
multi_adaptive,Bernard_Landry,C:\Users\tahak\ogproject\adaptiveface\data\lfw\Bernard_Landry\Bernard_Landry_0002.jpg,False,False,False,real_tpl,0.12890499830245972,lixirui
multi_adaptive,wulei,C:\Users\tahak\ogproject\adaptiveface\data\rmfd\AFDB_masked_face_dataset\wulei\0_0_1.jpg,True,True,True,synth_tpl,0.23023435473442078,wulei
multi_adaptive,guojingfei,C:\Users\tahak\ogproject\adaptiveface\data\rmfd\AFDB_face_dataset\guojingfei\1_0_guojingfei_0126.jpg,False,True,False,real_tpl,0.3768436312675476,guojingfei
multi_adaptive,xuezhiqian,C:\Users\tahak\ogproject\adaptiveface\data\rmfd\AFDB_masked_face_dataset\xuezhiqian\1_0_14.jpg,True,True,True,synth_tpl,0.22563281655311584,wulei
multi_adaptive,Michael_Phelps,C:\Users\tahak\ogproject\adaptiveface\data\lfw\Michael_Phelps\Michael_Phelps_0001.jpg,False,False,False,real_tpl,0.17847928404808044,mali
multi_adaptive,Dino_Risi,C:\Users\tahak\ogproject\adaptiveface\data\lfw\Dino_Risi\Dino_Risi_0001.jpg,False,False,False,real_tpl,0.14671467244625092,chenxiang
multi_adaptive,huangxuan,C:\Users\tahak\ogproject\adaptiveface\data\rmfd\AFDB_masked_face_dataset\huangxuan\0_0_11.jpg,True,True,True,synth_tpl,0.20195896923542023,guojingfei
multi_adaptive,zhangtianai,C:\Users\tahak\ogproject\adaptiveface\data\rmfd\AFDB_face_dataset\zhangtianai\1_0_zhangtianai_0017.jpg,False,True,False,real_tpl,0.40916675329208374,zhangtianai
multi_adaptive,liyapeng,C:\Users\tahak\ogproject\adaptiveface\data\rmfd\AFDB_face_dataset\liyapeng\1_0_liyapeng_0074.jpg,False,True,False,real_tpl,0.4978052079677582,liyapeng
multi_adaptive,linyuan,C:\Users\tahak\ogproject\adaptiveface\data\rmfd\AFDB_masked_face_dataset\linyuan\0_0_0.jpg,True,True,True,synth_tpl,0.2591937184333801,linyuan
multi_adaptive,xuezhiqian,C:\Users\tahak\ogproject\adaptiveface\data\rmfd\AFDB_face_dataset\xuezhiqian\0_0_xuezhiqian_0039.jpg,False,True,False,real_tpl,0.22182905673980713,wuzhenyu
multi_adaptive,wangxiaomin,C:\Users\tahak\ogproject\adaptiveface\data\rmfd\AFDB_face_dataset\wangxiaomin\1_0_wangxiaomin_0135.jpg,False,True,False,real_tpl,0.32612287998199463,wangxiaomin
multi_adaptive,Ann_Landers,C:\Users\tahak\ogproject\adaptiveface\data\lfw\Ann_Landers\Ann_Landers_0001.jpg,False,False,False,real_tpl,0.12674617767333984,gutianle
multi_adaptive,panyueming,C:\Users\tahak\ogproject\adaptiveface\data\rmfd\AFDB_face_dataset\panyueming\1_0_panyueming_0051.jpg,False,True,False,real_tpl,0.5432426929473877,panyueming
multi_adaptive,fanwei,C:\Users\tahak\ogproject\adaptiveface\data\rmfd\AFDB_face_dataset\fanwei\1_0_fanwei_0036.jpg,False,True,False,real_tpl,0.4976835250854492,fanwei
multi_adaptive,shuqi,C:\Users\tahak\ogproject\adaptiveface\data\rmfd\AFDB_face_dataset\shuqi\1_0_shuqi_0004.jpg,False,True,False,real_tpl,0.28829216957092285,zhangjingjing
multi_adaptive,dazhangwei,C:\Users\tahak\ogproject\adaptiveface\data\rmfd\AFDB_face_dataset\dazhangwei\1_0_dazhangwei_0019.jpg,False,True,False,real_tpl,0.23258405923843384,zhangxueyou
multi_adaptive,masu,C:\Users\tahak\ogproject\adaptiveface\data\rmfd\AFDB_masked_face_dataset\masu\0_0_19.jpg,True,True,True,synth_tpl,0.3275514841079712,masu
multi_adaptive,pengjing,C:\Users\tahak\ogproject\adaptiveface\data\rmfd\AFDB_face_dataset\pengjing\1_0_pengjing_0017.jpg,False,True,False,real_tpl,0.22786074876785278,zhangjingjing
multi_adaptive,jiangyiyi,C:\Users\tahak\ogproject\adaptiveface\data\rmfd\AFDB_face_dataset\jiangyiyi\1_0_jiangyiyi_0202.jpg,False,True,False,real_tpl,0.41312307119369507,jiangyiyi
multi_adaptive,xuxidi,C:\Users\tahak\ogproject\adaptiveface\data\rmfd\AFDB_face_dataset\xuxidi\1_0_xuxidi_0002.jpg,False,True,False,real_tpl,0.5180283784866333,xuxidi
multi_adaptive,Darryl_McDaniels,C:\Users\tahak\ogproject\adaptiveface\data\lfw\Darryl_McDaniels\Darryl_McDaniels_0001.jpg,False,False,False,real_tpl,0.12408550083637238,qiuze
multi_adaptive,hejiong,C:\Users\tahak\ogproject\adaptiveface\data\rmfd\AFDB_face_dataset\hejiong\0_0_hejiong_0165.jpg,False,True,False,real_tpl,0.4399884045124054,hejiong
multi_adaptive,xuhaiqiao,C:\Users\tahak\ogproject\adaptiveface\data\rmfd\AFDB_face_dataset\xuhaiqiao\1_0_xuhaiqiao_0058.jpg,False,True,False,real_tpl,0.22094592452049255,huojianhua
multi_adaptive,xiongnaijin,C:\Users\tahak\ogproject\adaptiveface\data\rmfd\AFDB_masked_face_dataset\xiongnaijin\1_1_2.jpg,True,True,True,synth_tpl,0.25151145458221436,zhanghanyun
multi_adaptive,Zoran_Djindjic,C:\Users\tahak\ogproject\adaptiveface\data\lfw\Zoran_Djindjic\Zoran_Djindjic_0003.jpg,False,False,False,real_tpl,0.1139812096953392,yinzheng
multi_adaptive,Mel_Gibson,C:\Users\tahak\ogproject\adaptiveface\data\lfw\Mel_Gibson\Mel_Gibson_0001.jpg,False,False,False,real_tpl,0.12605267763137817,linjing
multi_adaptive,lixiang,C:\Users\tahak\ogproject\adaptiveface\data\rmfd\AFDB_face_dataset\lixiang\1_0_lixiang_0118.jpg,False,True,False,real_tpl,0.614072322845459,lixiang
multi_adaptive,zhanghanyun,C:\Users\tahak\ogproject\adaptiveface\data\rmfd\AFDB_masked_face_dataset\zhanghanyun\0_0_6.jpg,True,True,True,synth_tpl,0.3549902141094208,zhanghanyun
multi_adaptive,jianghongbo,C:\Users\tahak\ogproject\adaptiveface\data\rmfd\AFDB_masked_face_dataset\jianghongbo\0_0_1.jpg,True,True,True,synth_tpl,0.3255079984664917,jianghongbo
multi_adaptive,songxiaobo,C:\Users\tahak\ogproject\adaptiveface\data\rmfd\AFDB_masked_face_dataset\songxiaobo\0_0_0.jpg,True,True,True,synth_tpl,0.20057635009288788,liyifeng
multi_adaptive,Michael_Phelps,C:\Users\tahak\ogproject\adaptiveface\data\lfw\Michael_Phelps\Michael_Phelps_0004.jpg,False,False,False,real_tpl,0.13111990690231323,huangzhongkun
multi_adaptive,yeyiqian,C:\Users\tahak\ogproject\adaptiveface\data\rmfd\AFDB_masked_face_dataset\yeyiqian\0_0_20.jpg,True,True,True,synth_tpl,0.3774154782295227,yeyiqian
multi_adaptive,wangyuan,C:\Users\tahak\ogproject\adaptiveface\data\rmfd\AFDB_face_dataset\wangyuan\1_0_wangyuan_0057.jpg,False,True,False,real_tpl,0.5992546081542969,wangyuan
multi_adaptive,zhangxinyu,C:\Users\tahak\ogproject\adaptiveface\data\rmfd\AFDB_face_dataset\zhangxinyu\1_0_zhangxinyu_0002.jpg,False,True,False,real_tpl,0.3260495066642761,zhanghanyun
multi_adaptive,wangzuxian,C:\Users\tahak\ogproject\adaptiveface\data\rmfd\AFDB_masked_face_dataset\wangzuxian\0_0_18.jpg,True,True,True,synth_tpl,0.31346720457077026,wangzuxian
multi_adaptive,zhangdanfeng,C:\Users\tahak\ogproject\adaptiveface\data\rmfd\AFDB_masked_face_dataset\zhangdanfeng\0_0_0.png,True,True,True,synth_tpl,0.36252641677856445,zhangdanfeng
multi_adaptive,wuzhenyu,C:\Users\tahak\ogproject\adaptiveface\data\rmfd\AFDB_face_dataset\wuzhenyu\1_0_wuzhenyu_0010.jpg,False,True,False,real_tpl,0.5522273182868958,wuzhenyu
multi_adaptive,fanwei,C:\Users\tahak\ogproject\adaptiveface\data\rmfd\AFDB_masked_face_dataset\fanwei\0_0_1.png,True,True,True,synth_tpl,0.3015221059322357,fanwei
multi_adaptive,sunyizhou,C:\Users\tahak\ogproject\adaptiveface\data\rmfd\AFDB_face_dataset\sunyizhou\0_0_sunyizhou_0152.jpg,False,True,False,real_tpl,0.5111813545227051,sunyizhou
multi_adaptive,lvyi,C:\Users\tahak\ogproject\adaptiveface\data\rmfd\AFDB_face_dataset\lvyi\1_0_lvyi_0012.jpg,False,True,False,real_tpl,0.2037789672613144,zhangzifeng
multi_adaptive,xiaozhan,C:\Users\tahak\ogproject\adaptiveface\data\rmfd\AFDB_masked_face_dataset\xiaozhan\0_0_5.jpg,True,True,True,synth_tpl,0.3003164529800415,zhangbinbin
multi_adaptive,guofucheng,C:\Users\tahak\ogproject\adaptiveface\data\rmfd\AFDB_face_dataset\guofucheng\0_0_guofucheng_0128.jpg,False,True,False,real_tpl,0.43637868762016296,guofucheng
multi_adaptive,jianghongbo,C:\Users\tahak\ogproject\adaptiveface\data\rmfd\AFDB_face_dataset\jianghongbo\1_0_jianghongbo_0235.jpg,False,True,False,real_tpl,0.4198434352874756,jianghongbo
multi_adaptive,wuzhenyu,C:\Users\tahak\ogproject\adaptiveface\data\rmfd\AFDB_masked_face_dataset\wuzhenyu\0_0_6.jpg,True,True,True,synth_tpl,0.3404505252838135,wuzhenyu
multi_adaptive,zhangtianai,C:\Users\tahak\ogproject\adaptiveface\data\rmfd\AFDB_masked_face_dataset\zhangtianai\0_0_1.jpg,True,True,True,synth_tpl,0.2958149313926697,zhangtianai
multi_adaptive,lvjiarong,C:\Users\tahak\ogproject\adaptiveface\data\rmfd\AFDB_masked_face_dataset\lvjiarong\0_0_0.jpg,True,True,True,synth_tpl,0.31232860684394836,hujing
multi_adaptive,huge,C:\Users\tahak\ogproject\adaptiveface\data\rmfd\AFDB_masked_face_dataset\huge\1_0_10.jpg,True,True,True,synth_tpl,0.2784956395626068,zhanghuiwen
multi_adaptive,zhangshaohan,C:\Users\tahak\ogproject\adaptiveface\data\rmfd\AFDB_face_dataset\zhangshaohan\1_0_zhangshaohan_0146.jpg,False,True,False,real_tpl,0.42273250222206116,zhangshaohan
multi_adaptive,Carlos_Moya,C:\Users\tahak\ogproject\adaptiveface\data\lfw\Carlos_Moya\Carlos_Moya_0003.jpg,False,False,False,real_tpl,0.15815246105194092,zhanghuiwen
multi_adaptive,xuhao,C:\Users\tahak\ogproject\adaptiveface\data\rmfd\AFDB_face_dataset\xuhao\1_0_xuhao_0191.jpg,False,True,False,real_tpl,0.5999839305877686,xuhao
multi_adaptive,hejiong,C:\Users\tahak\ogproject\adaptiveface\data\rmfd\AFDB_face_dataset\hejiong\1_0_hejiong_0101.jpg,False,True,False,real_tpl,0.3558286428451538,hejiong
multi_adaptive,zhangshaohan,C:\Users\tahak\ogproject\adaptiveface\data\rmfd\AFDB_masked_face_dataset\zhangshaohan\0_0_0.jpg,True,True,True,synth_tpl,0.20321355760097504,guanxiaotong
multi_adaptive,caiyilin,C:\Users\tahak\ogproject\adaptiveface\data\rmfd\AFDB_masked_face_dataset\caiyilin\0_0_5.jpg,True,True,True,synth_tpl,0.22292089462280273,tanweiwei
multi_adaptive,Kifah_Ajouri,C:\Users\tahak\ogproject\adaptiveface\data\lfw\Kifah_Ajouri\Kifah_Ajouri_0002.jpg,False,False,False,real_tpl,0.1627894937992096,xuzheng
multi_adaptive,huashao,C:\Users\tahak\ogproject\adaptiveface\data\rmfd\AFDB_face_dataset\huashao\0_0_huashao_0073.jpg,False,True,False,real_tpl,0.1713731586933136,qinjunjie
multi_adaptive,zhangliangying,C:\Users\tahak\ogproject\adaptiveface\data\rmfd\AFDB_masked_face_dataset\zhangliangying\0_0_2.jpg,True,True,True,synth_tpl,0.26254022121429443,yangzi
multi_adaptive,wangyu,C:\Users\tahak\ogproject\adaptiveface\data\rmfd\AFDB_masked_face_dataset\wangyu\0_1_0.jpg,True,True,True,synth_tpl,0.22651569545269012,pengjing
multi_adaptive,jianailiang,C:\Users\tahak\ogproject\adaptiveface\data\rmfd\AFDB_face_dataset\jianailiang\1_0_jianailiang_0167.jpg,False,True,False,real_tpl,0.361655056476593,jianailiang
multi_adaptive,zhangjingjing,C:\Users\tahak\ogproject\adaptiveface\data\rmfd\AFDB_masked_face_dataset\zhangjingjing\0_0_0.jpg,True,True,True,synth_tpl,0.26589739322662354,liushishi
multi_adaptive,wangqing,C:\Users\tahak\ogproject\adaptiveface\data\rmfd\AFDB_masked_face_dataset\wangqing\0_0_33.jpg,True,True,True,synth_tpl,0.3294615149497986,wangqing
multi_adaptive,Carlos_Moya,C:\Users\tahak\ogproject\adaptiveface\data\lfw\Carlos_Moya\Carlos_Moya_0010.jpg,False,False,False,real_tpl,0.13239312171936035,lianghanwen
multi_adaptive,Charles_Richardson,C:\Users\tahak\ogproject\adaptiveface\data\lfw\Charles_Richardson\Charles_Richardson_0001.jpg,False,False,False,real_tpl,0.1358441263437271,zhaoyihuan
multi_adaptive,yingcaier,C:\Users\tahak\ogproject\adaptiveface\data\rmfd\AFDB_face_dataset\yingcaier\1_0_yingcaier_0128.jpg,False,True,False,real_tpl,0.21731269359588623,daipeini
multi_adaptive,shaofeng,C:\Users\tahak\ogproject\adaptiveface\data\rmfd\AFDB_face_dataset\shaofeng\1_0_shaofeng_0057.jpg,False,True,False,real_tpl,0.6024682521820068,shaofeng
multi_adaptive,dazhangwei,C:\Users\tahak\ogproject\adaptiveface\data\rmfd\AFDB_face_dataset\dazhangwei\1_0_dazhangwei_0079.jpg,False,True,False,real_tpl,0.2706224322319031,zhengyecheng
multi_adaptive,Ian_McKellen,C:\Users\tahak\ogproject\adaptiveface\data\lfw\Ian_McKellen\Ian_McKellen_0002.jpg,False,False,False,real_tpl,0.13125626742839813,lianghanwen
multi_adaptive,liuyifei,C:\Users\tahak\ogproject\adaptiveface\data\rmfd\AFDB_face_dataset\liuyifei\1_0_liuyifei_0137.jpg,False,True,False,real_tpl,0.498832106590271,liuyifei
multi_adaptive,linyichen,C:\Users\tahak\ogproject\adaptiveface\data\rmfd\AFDB_masked_face_dataset\linyichen\1_0_2.jpg,True,True,True,synth_tpl,0.3684002161026001,jianghongbo
multi_adaptive,zhouhuimin,C:\Users\tahak\ogproject\adaptiveface\data\rmfd\AFDB_face_dataset\zhouhuimin\1_0_zhouhuimin_0226.jpg,False,True,False,real_tpl,0.36987677216529846,zhouhuimin
multi_adaptive,Bernard_Law,C:\Users\tahak\ogproject\adaptiveface\data\lfw\Bernard_Law\Bernard_Law_0003.jpg,False,False,False,real_tpl,0.11338841915130615,zhaoyihuan
multi_adaptive,shuqi,C:\Users\tahak\ogproject\adaptiveface\data\rmfd\AFDB_masked_face_dataset\shuqi\1_0_1.jpg,True,True,False,real_tpl,0.3242163062095642,zhouxun
multi_adaptive,Mark_Hurlbert,C:\Users\tahak\ogproject\adaptiveface\data\lfw\Mark_Hurlbert\Mark_Hurlbert_0002.jpg,False,False,False,real_tpl,0.10914934426546097,chenyi
multi_adaptive,liudehua,C:\Users\tahak\ogproject\adaptiveface\data\rmfd\AFDB_masked_face_dataset\liudehua\0_0_8.jpg,True,True,True,synth_tpl,0.4164136052131653,liudehua
multi_adaptive,wangyu,C:\Users\tahak\ogproject\adaptiveface\data\rmfd\AFDB_face_dataset\wangyu\1_0_wangyu_0210.jpg,False,True,False,real_tpl,0.3928486108779907,wangyu
multi_adaptive,zhanghanyun,C:\Users\tahak\ogproject\adaptiveface\data\rmfd\AFDB_masked_face_dataset\zhanghanyun\0_0_11.jpg,True,True,True,synth_tpl,0.2760397791862488,zhanghanyun
multi_adaptive,liudehua,C:\Users\tahak\ogproject\adaptiveface\data\rmfd\AFDB_masked_face_dataset\liudehua\0_1_1.jpg,True,True,True,synth_tpl,0.39597994089126587,liudehua
multi_adaptive,wuzhenyu,C:\Users\tahak\ogproject\adaptiveface\data\rmfd\AFDB_masked_face_dataset\wuzhenyu\0_1_5.jpg,True,True,True,synth_tpl,0.5018210411071777,wuzhenyu
multi_adaptive,tanweiwei,C:\Users\tahak\ogproject\adaptiveface\data\rmfd\AFDB_face_dataset\tanweiwei\1_0_tanweiwei_0024.jpg,False,True,False,real_tpl,0.23752914369106293,tanweiwei
multi_adaptive,yanyikuan,C:\Users\tahak\ogproject\adaptiveface\data\rmfd\AFDB_masked_face_dataset\yanyikuan\0_0_3.jpg,True,True,True,synth_tpl,0.4015960991382599,yanyikuan
multi_adaptive,zhangxueying,C:\Users\tahak\ogproject\adaptiveface\data\rmfd\AFDB_face_dataset\zhangxueying\1_0_zhangxueying_0181.jpg,False,True,False,real_tpl,0.45677798986434937,zhangxueying
multi_adaptive,xuzheng,C:\Users\tahak\ogproject\adaptiveface\data\rmfd\AFDB_face_dataset\xuzheng\1_0_xuzheng_0147.jpg,False,True,False,real_tpl,0.49354028701782227,xuzheng
multi_adaptive,Michael_Phelps,C:\Users\tahak\ogproject\adaptiveface\data\lfw\Michael_Phelps\Michael_Phelps_0003.jpg,False,False,False,real_tpl,0.12556733191013336,huangzhongkun
multi_adaptive,zhangbinbin,C:\Users\tahak\ogproject\adaptiveface\data\rmfd\AFDB_face_dataset\zhangbinbin\1_0_zhangbinbin_0194.jpg,False,True,False,real_tpl,0.4999789893627167,zhangbinbin
multi_adaptive,hanqingzi,C:\Users\tahak\ogproject\adaptiveface\data\rmfd\AFDB_masked_face_dataset\hanqingzi\0_0_1.jpg,True,True,True,synth_tpl,0.26121529936790466,zhangxueying
multi_adaptive,zhouxun,C:\Users\tahak\ogproject\adaptiveface\data\rmfd\AFDB_face_dataset\zhouxun\0_0_zhouxun_0089.jpg,False,True,False,real_tpl,0.44337400794029236,zhouxun
multi_adaptive,yanni,C:\Users\tahak\ogproject\adaptiveface\data\rmfd\AFDB_masked_face_dataset\yanni\0_0_17.jpg,True,True,True,synth_tpl,0.1953708976507187,hejiong
multi_adaptive,zhangxinyu,C:\Users\tahak\ogproject\adaptiveface\data\rmfd\AFDB_masked_face_dataset\zhangxinyu\1_0_21.jpg,True,True,False,real_tpl,0.20727787911891937,hujing
multi_adaptive,masu,C:\Users\tahak\ogproject\adaptiveface\data\rmfd\AFDB_face_dataset\masu\1_0_masu_0145.jpg,False,True,False,real_tpl,0.5171847343444824,masu
multi_adaptive,benxi,C:\Users\tahak\ogproject\adaptiveface\data\rmfd\AFDB_face_dataset\benxi\1_0_benxi_0100.jpg,False,True,False,real_tpl,0.1783616840839386,hejiong
multi_adaptive,pengjing,C:\Users\tahak\ogproject\adaptiveface\data\rmfd\AFDB_masked_face_dataset\pengjing\0_0_20.jpg,True,True,True,synth_tpl,0.19159245491027832,liusongren
multi_adaptive,zhanghanyun,C:\Users\tahak\ogproject\adaptiveface\data\rmfd\AFDB_face_dataset\zhanghanyun\0_0_zhanghanyun_0149.jpg,False,True,False,real_tpl,0.4852178692817688,zhanghanyun
multi_adaptive,tangwei,C:\Users\tahak\ogproject\adaptiveface\data\rmfd\AFDB_face_dataset\tangwei\1_0_tangwei_0004.jpg,False,True,False,real_tpl,0.41656437516212463,tangwei
multi_adaptive,Keith_Bogans,C:\Users\tahak\ogproject\adaptiveface\data\lfw\Keith_Bogans\Keith_Bogans_0001.jpg,False,False,False,real_tpl,0.1358642280101776,songqian
multi_adaptive,maqiguang,C:\Users\tahak\ogproject\adaptiveface\data\rmfd\AFDB_face_dataset\maqiguang\1_0_maqiguang_0003.jpg,False,True,False,real_tpl,0.4380853772163391,maqiguang
multi_adaptive,guanxiaotong,C:\Users\tahak\ogproject\adaptiveface\data\rmfd\AFDB_face_dataset\guanxiaotong\1_0_guanxiaotong_0080.jpg,False,True,False,real_tpl,0.5137527585029602,guanxiaotong
multi_adaptive,hujing,C:\Users\tahak\ogproject\adaptiveface\data\rmfd\AFDB_face_dataset\hujing\1_0_hujing_0176.jpg,False,True,False,real_tpl,0.40235793590545654,hujing
multi_adaptive,Diego_Colorado,C:\Users\tahak\ogproject\adaptiveface\data\lfw\Diego_Colorado\Diego_Colorado_0001.jpg,False,False,False,real_tpl,0.15082603693008423,chenxiang
multi_adaptive,zhangbo,C:\Users\tahak\ogproject\adaptiveface\data\rmfd\AFDB_masked_face_dataset\zhangbo\0_0_0.jpg,True,True,True,synth_tpl,0.408078134059906,zhangbo
multi_adaptive,linjing,C:\Users\tahak\ogproject\adaptiveface\data\rmfd\AFDB_face_dataset\linjing\1_0_linjing_0053.jpg,False,True,False,real_tpl,0.559014081954956,linjing
multi_adaptive,Yoon_Young-kwan,C:\Users\tahak\ogproject\adaptiveface\data\lfw\Yoon_Young-kwan\Yoon_Young-kwan_0001.jpg,False,False,False,real_tpl,0.1383950263261795,xietingfeng
multi_adaptive,huxia,C:\Users\tahak\ogproject\adaptiveface\data\rmfd\AFDB_face_dataset\huxia\1_0_huxia_0078.jpg,False,True,False,real_tpl,0.17787373065948486,matianyu
multi_adaptive,luozhixiang,C:\Users\tahak\ogproject\adaptiveface\data\rmfd\AFDB_masked_face_dataset\luozhixiang\0_0_0.jpg,True,True,True,synth_tpl,0.23013514280319214,linjing
multi_adaptive,yangzi,C:\Users\tahak\ogproject\adaptiveface\data\rmfd\AFDB_face_dataset\yangzi\0_0_yangzi_0076.jpg,False,True,False,real_tpl,0.40101805329322815,yangzi
multi_adaptive,liyapeng,C:\Users\tahak\ogproject\adaptiveface\data\rmfd\AFDB_face_dataset\liyapeng\1_0_liyapeng_0138.jpg,False,True,False,real_tpl,0.357166051864624,liyapeng
multi_adaptive,yinengjing,C:\Users\tahak\ogproject\adaptiveface\data\rmfd\AFDB_face_dataset\yinengjing\1_0_yinengjing_0051.jpg,False,True,False,real_tpl,0.388377845287323,yinengjing
multi_adaptive,Michael_Chiklis,C:\Users\tahak\ogproject\adaptiveface\data\lfw\Michael_Chiklis\Michael_Chiklis_0001.jpg,False,False,False,real_tpl,0.1509116291999817,yinzheng
multi_adaptive,Omar_Vizquel,C:\Users\tahak\ogproject\adaptiveface\data\lfw\Omar_Vizquel\Omar_Vizquel_0001.jpg,False,False,False,real_tpl,0.1542271226644516,zhaoliying
multi_adaptive,maoxiaotong,C:\Users\tahak\ogproject\adaptiveface\data\rmfd\AFDB_face_dataset\maoxiaotong\0_0_maoxiaotong_0122.jpg,False,True,False,real_tpl,0.36167722940444946,maoxiaotong
multi_adaptive,huxia,C:\Users\tahak\ogproject\adaptiveface\data\rmfd\AFDB_masked_face_dataset\huxia\0_0_18.jpg,True,True,True,synth_tpl,0.1881120502948761,pengjing
multi_adaptive,zhanghuiwen,C:\Users\tahak\ogproject\adaptiveface\data\rmfd\AFDB_face_dataset\zhanghuiwen\1_0_zhanghuiwen_0035.jpg,False,True,False,real_tpl,0.5485953688621521,zhanghuiwen
multi_adaptive,mowenwei,C:\Users\tahak\ogproject\adaptiveface\data\rmfd\AFDB_face_dataset\mowenwei\1_0_mowenwei_0016.jpg,False,True,False,real_tpl,0.3524840474128723,mowenwei
multi_adaptive,jiangjinfu,C:\Users\tahak\ogproject\adaptiveface\data\rmfd\AFDB_masked_face_dataset\jiangjinfu\1_0_15.jpg,True,True,True,synth_tpl,0.4417375326156616,jiangjinfu
multi_adaptive,raowei,C:\Users\tahak\ogproject\adaptiveface\data\rmfd\AFDB_masked_face_dataset\raowei\0_0_3.jpg,True,True,False,real_tpl,0.3255000412464142,raowei
multi_adaptive,jianghongbo,C:\Users\tahak\ogproject\adaptiveface\data\rmfd\AFDB_face_dataset\jianghongbo\1_0_jianghongbo_0127.jpg,False,True,False,real_tpl,0.46021872758865356,jianghongbo
multi_adaptive,guojingjing,C:\Users\tahak\ogproject\adaptiveface\data\rmfd\AFDB_masked_face_dataset\guojingjing\0_0_4.jpg,True,True,True,synth_tpl,0.29246819019317627,liuxiang
multi_adaptive,huangzhongkun,C:\Users\tahak\ogproject\adaptiveface\data\rmfd\AFDB_face_dataset\huangzhongkun\1_0_huangzhongkun_0117.jpg,False,True,False,real_tpl,0.5310254096984863,huangzhongkun
multi_adaptive,zhangxueyou,C:\Users\tahak\ogproject\adaptiveface\data\rmfd\AFDB_masked_face_dataset\zhangxueyou\0_0_1.jpg,True,True,True,synth_tpl,0.2822606563568115,chenfarong
multi_adaptive,huangxuan,C:\Users\tahak\ogproject\adaptiveface\data\rmfd\AFDB_face_dataset\huangxuan\1_0_huangxuan_0020.jpg,False,True,False,real_tpl,0.4895283877849579,huangxuan
multi_adaptive,handongjun,C:\Users\tahak\ogproject\adaptiveface\data\rmfd\AFDB_face_dataset\handongjun\1_0_handongjun_0209.jpg,False,True,False,real_tpl,0.26148417592048645,zhangxueyou
multi_adaptive,xiena,C:\Users\tahak\ogproject\adaptiveface\data\rmfd\AFDB_face_dataset\xiena\1_0_xiena_0233.jpg,False,True,False,real_tpl,0.2392403781414032,zhaoliying
multi_adaptive,lvyi,C:\Users\tahak\ogproject\adaptiveface\data\rmfd\AFDB_masked_face_dataset\lvyi\0_0_0.png,True,True,True,synth_tpl,0.2994731366634369,jianghongbo
multi_adaptive,caizhuoyan,C:\Users\tahak\ogproject\adaptiveface\data\rmfd\AFDB_face_dataset\caizhuoyan\1_0_caizhuoyan_0053.jpg,False,True,False,real_tpl,0.40106531977653503,caizhuoyan
multi_adaptive,Sean_Patrick_Thomas,C:\Users\tahak\ogproject\adaptiveface\data\lfw\Sean_Patrick_Thomas\Sean_Patrick_Thomas_0001.jpg,False,False,False,real_tpl,0.12478426098823547,liuqianhan
multi_adaptive,raowei,C:\Users\tahak\ogproject\adaptiveface\data\rmfd\AFDB_face_dataset\raowei\1_0_raowei_0019.jpg,False,True,False,real_tpl,0.31014835834503174,wulei
multi_adaptive,jiangjinfu,C:\Users\tahak\ogproject\adaptiveface\data\rmfd\AFDB_face_dataset\jiangjinfu\1_0_jiangjinfu_0233.jpg,False,True,False,real_tpl,0.44162243604660034,jiangjinfu
multi_adaptive,Michael_Chiklis,C:\Users\tahak\ogproject\adaptiveface\data\lfw\Michael_Chiklis\Michael_Chiklis_0003.jpg,False,False,False,real_tpl,0.16628411412239075,wuzhenyu
multi_adaptive,Carlos_Moya,C:\Users\tahak\ogproject\adaptiveface\data\lfw\Carlos_Moya\Carlos_Moya_0018.jpg,False,False,False,real_tpl,0.12956160306930542,linjing
multi_adaptive,maqiguang,C:\Users\tahak\ogproject\adaptiveface\data\rmfd\AFDB_masked_face_dataset\maqiguang\0_0_0.jpg,True,True,True,synth_tpl,0.2716484069824219,maqiguang
multi_adaptive,zhanghuiwen,C:\Users\tahak\ogproject\adaptiveface\data\rmfd\AFDB_masked_face_dataset\zhanghuiwen\1_0_8.jpg,True,True,False,real_tpl,0.45390188694000244,zhanghuiwen
multi_adaptive,gongbeibi,C:\Users\tahak\ogproject\adaptiveface\data\rmfd\AFDB_masked_face_dataset\gongbeibi\0_0_0.jpg,True,True,True,synth_tpl,0.44842469692230225,gongbeibi
multi_adaptive,Terry_Lynn_Barton,C:\Users\tahak\ogproject\adaptiveface\data\lfw\Terry_Lynn_Barton\Terry_Lynn_Barton_0001.jpg,False,False,False,real_tpl,0.16887211799621582,xudongdong
multi_adaptive,huangzitao,C:\Users\tahak\ogproject\adaptiveface\data\rmfd\AFDB_face_dataset\huangzitao\1_0_huangzitao_0117.jpg,False,True,False,real_tpl,0.5113412737846375,huangzitao
multi_adaptive,yuyi,C:\Users\tahak\ogproject\adaptiveface\data\rmfd\AFDB_face_dataset\yuyi\1_0_yuyi_0040.jpg,False,True,False,real_tpl,0.6655364036560059,yuyi
multi_adaptive,huojianhua,C:\Users\tahak\ogproject\adaptiveface\data\rmfd\AFDB_masked_face_dataset\huojianhua\0_1_26.jpg,True,True,True,synth_tpl,0.3964218497276306,huojianhua
multi_adaptive,xuhao,C:\Users\tahak\ogproject\adaptiveface\data\rmfd\AFDB_face_dataset\xuhao\1_0_xuhao_0135.jpg,False,True,False,real_tpl,0.4498159885406494,xuhao
multi_adaptive,zhangbinbin,C:\Users\tahak\ogproject\adaptiveface\data\rmfd\AFDB_masked_face_dataset\zhangbinbin\0_0_0.jpg,True,True,True,synth_tpl,0.3324263095855713,zhangbinbin
multi_adaptive,huge,C:\Users\tahak\ogproject\adaptiveface\data\rmfd\AFDB_face_dataset\huge\1_0_huge_0004.jpg,False,True,False,real_tpl,0.5491290092468262,huge
multi_adaptive,wangluodan,C:\Users\tahak\ogproject\adaptiveface\data\rmfd\AFDB_masked_face_dataset\wangluodan\0_0_14.jpg,True,True,True,synth_tpl,0.22857877612113953,wangluodan
multi_adaptive,mali,C:\Users\tahak\ogproject\adaptiveface\data\rmfd\AFDB_face_dataset\mali\1_0_mali_0011.jpg,False,True,False,real_tpl,0.4187116026878357,mali
multi_adaptive,liudehua,C:\Users\tahak\ogproject\adaptiveface\data\rmfd\AFDB_face_dataset\liudehua\0_0_liudehua_0095.jpg,False,True,False,real_tpl,0.4863346815109253,liudehua
multi_adaptive,duwenze,C:\Users\tahak\ogproject\adaptiveface\data\rmfd\AFDB_face_dataset\duwenze\1_0_duwenze_0004.jpg,False,True,False,real_tpl,0.5651319026947021,duwenze
multi_adaptive,Kellie_Coffey,C:\Users\tahak\ogproject\adaptiveface\data\lfw\Kellie_Coffey\Kellie_Coffey_0001.jpg,False,False,False,real_tpl,0.13865385949611664,zhangjingjing
multi_adaptive,xiongnaijin,C:\Users\tahak\ogproject\adaptiveface\data\rmfd\AFDB_masked_face_dataset\xiongnaijin\0_0_2.jpg,True,True,True,synth_tpl,0.2744031846523285,zhaoliying
multi_adaptive,fengjianyu,C:\Users\tahak\ogproject\adaptiveface\data\rmfd\AFDB_masked_face_dataset\fengjianyu\0_0_1.jpg,True,True,True,synth_tpl,0.3361043930053711,fengjianyu
multi_adaptive,zhangdanfeng,C:\Users\tahak\ogproject\adaptiveface\data\rmfd\AFDB_face_dataset\zhangdanfeng\1_0_zhangdanfeng_0104.jpg,False,True,False,real_tpl,0.5644360184669495,zhangdanfeng
multi_adaptive,xuhaiqiao,C:\Users\tahak\ogproject\adaptiveface\data\rmfd\AFDB_masked_face_dataset\xuhaiqiao\0_0_11.jpg,True,True,True,synth_tpl,0.2503488063812256,jianailiang
multi_adaptive,fanwei,C:\Users\tahak\ogproject\adaptiveface\data\rmfd\AFDB_masked_face_dataset\fanwei\0_0_0.png,True,True,True,synth_tpl,0.348160058259964,fanwei
multi_adaptive,wangluodan,C:\Users\tahak\ogproject\adaptiveface\data\rmfd\AFDB_face_dataset\wangluodan\1_0_wangluodan_0014.jpg,False,True,False,real_tpl,0.4463832974433899,wangluodan
multi_adaptive,Nicanor_Duarte_Frutos,C:\Users\tahak\ogproject\adaptiveface\data\lfw\Nicanor_Duarte_Frutos\Nicanor_Duarte_Frutos_0003.jpg,False,False,False,real_tpl,0.1576332151889801,liudehua
multi_adaptive,linjing,C:\Users\tahak\ogproject\adaptiveface\data\rmfd\AFDB_face_dataset\linjing\1_0_linjing_0106.jpg,False,True,False,real_tpl,0.3511609137058258,linjing
multi_adaptive,duwenze,C:\Users\tahak\ogproject\adaptiveface\data\rmfd\AFDB_face_dataset\duwenze\1_0_duwenze_0071.jpg,False,True,False,real_tpl,0.4629119038581848,duwenze
multi_adaptive,xietingfeng,C:\Users\tahak\ogproject\adaptiveface\data\rmfd\AFDB_face_dataset\xietingfeng\1_0_xietingfeng_0191.jpg,False,True,False,real_tpl,0.47315213084220886,xietingfeng
multi_adaptive,Carlos_Lordkipanitse,C:\Users\tahak\ogproject\adaptiveface\data\lfw\Carlos_Lordkipanitse\Carlos_Lordkipanitse_0001.jpg,False,False,False,real_tpl,0.13344106078147888,gulinazha
multi_adaptive,Duncan_Fletcher,C:\Users\tahak\ogproject\adaptiveface\data\lfw\Duncan_Fletcher\Duncan_Fletcher_0001.jpg,False,False,False,real_tpl,0.14291396737098694,lanyingying
multi_adaptive,handongjun,C:\Users\tahak\ogproject\adaptiveface\data\rmfd\AFDB_masked_face_dataset\handongjun\0_0_1.png,True,True,True,synth_tpl,0.22384583950042725,chenkun
multi_adaptive,benxi,C:\Users\tahak\ogproject\adaptiveface\data\rmfd\AFDB_face_dataset\benxi\1_0_benxi_0042.jpg,False,True,False,real_tpl,0.20570069551467896,xieanqi
multi_adaptive,qinjunjie,C:\Users\tahak\ogproject\adaptiveface\data\rmfd\AFDB_masked_face_dataset\qinjunjie\0_0_5.jpg,True,True,True,synth_tpl,0.2183503806591034,huangxiaoming
multi_adaptive,zhangjingjing,C:\Users\tahak\ogproject\adaptiveface\data\rmfd\AFDB_face_dataset\zhangjingjing\1_0_zhangjingjing_0006.jpg,False,True,False,real_tpl,0.24301713705062866,mowenwei
multi_adaptive,xieanqi,C:\Users\tahak\ogproject\adaptiveface\data\rmfd\AFDB_face_dataset\xieanqi\1_0_xieanqi_0059.jpg,False,True,False,real_tpl,0.43353527784347534,xieanqi
multi_adaptive,liuyifei,C:\Users\tahak\ogproject\adaptiveface\data\rmfd\AFDB_masked_face_dataset\liuyifei\1_0_1.jpg,True,True,True,synth_tpl,0.25792765617370605,xuhao
multi_adaptive,huangxuan,C:\Users\tahak\ogproject\adaptiveface\data\rmfd\AFDB_face_dataset\huangxuan\1_0_huangxuan_0013.jpg,False,True,False,real_tpl,0.4980965256690979,huangxuan
multi_adaptive,yumenglong,C:\Users\tahak\ogproject\adaptiveface\data\rmfd\AFDB_masked_face_dataset\yumenglong\0_0_2.jpg,True,True,True,synth_tpl,0.3017001748085022,yumenglong
multi_adaptive,Mark_Broxmeyer,C:\Users\tahak\ogproject\adaptiveface\data\lfw\Mark_Broxmeyer\Mark_Broxmeyer_0001.jpg,False,False,False,real_tpl,0.1563982367515564,wuzhenyu
multi_adaptive,ruanjingtian,C:\Users\tahak\ogproject\adaptiveface\data\rmfd\AFDB_face_dataset\ruanjingtian\1_0_ruanjingtian_0125.jpg,False,True,False,real_tpl,0.5374565124511719,ruanjingtian
multi_adaptive,gutianle,C:\Users\tahak\ogproject\adaptiveface\data\rmfd\AFDB_face_dataset\gutianle\1_0_gutianle_0053.jpg,False,True,False,real_tpl,0.5873628854751587,gutianle
multi_adaptive,Bernard_Landry,C:\Users\tahak\ogproject\adaptiveface\data\lfw\Bernard_Landry\Bernard_Landry_0001.jpg,False,False,False,real_tpl,0.12467670440673828,shaofeng
multi_adaptive,chenyi,C:\Users\tahak\ogproject\adaptiveface\data\rmfd\AFDB_face_dataset\chenyi\1_0_chenyi_0050.jpg,False,True,False,real_tpl,0.4763376712799072,chenyi
multi_adaptive,zhangzifeng,C:\Users\tahak\ogproject\adaptiveface\data\rmfd\AFDB_face_dataset\zhangzifeng\1_0_zhangzifeng_0074.jpg,False,True,False,real_tpl,0.22184720635414124,zhangxueying
multi_adaptive,Carlos_Moya,C:\Users\tahak\ogproject\adaptiveface\data\lfw\Carlos_Moya\Carlos_Moya_0014.jpg,False,False,False,real_tpl,0.12056528776884079,lianghanwen
multi_adaptive,xiena,C:\Users\tahak\ogproject\adaptiveface\data\rmfd\AFDB_masked_face_dataset\xiena\1_1_1.jpg,True,True,False,real_tpl,0.2024412751197815,yangqianhua
multi_adaptive,xiaozhan,C:\Users\tahak\ogproject\adaptiveface\data\rmfd\AFDB_face_dataset\xiaozhan\1_0_xiaozhan_0156.jpg,False,True,False,real_tpl,0.5045424699783325,xiaozhan
multi_adaptive,hejiong,C:\Users\tahak\ogproject\adaptiveface\data\rmfd\AFDB_masked_face_dataset\hejiong\0_0_1.jpg,True,True,False,real_tpl,0.1798364818096161,yinzheng
multi_adaptive,matianyu,C:\Users\tahak\ogproject\adaptiveface\data\rmfd\AFDB_face_dataset\matianyu\1_0_matianyu_0153.jpg,False,True,False,real_tpl,0.4030877351760864,matianyu
multi_adaptive,zhangbo,C:\Users\tahak\ogproject\adaptiveface\data\rmfd\AFDB_face_dataset\zhangbo\1_0_zhangbo_0195.jpg,False,True,False,real_tpl,0.3906756043434143,zhangbo
multi_adaptive,Shania_Twain,C:\Users\tahak\ogproject\adaptiveface\data\lfw\Shania_Twain\Shania_Twain_0001.jpg,False,False,False,real_tpl,0.1693124920129776,chenkun
multi_adaptive,xietingfeng,C:\Users\tahak\ogproject\adaptiveface\data\rmfd\AFDB_face_dataset\xietingfeng\1_0_xietingfeng_0155.jpg,False,True,False,real_tpl,0.6884477138519287,xietingfeng
multi_adaptive,songqian,C:\Users\tahak\ogproject\adaptiveface\data\rmfd\AFDB_face_dataset\songqian\1_0_songqian_0200.jpg,False,True,False,real_tpl,0.22068531811237335,caiyilin
multi_adaptive,jiangkaitong,C:\Users\tahak\ogproject\adaptiveface\data\rmfd\AFDB_face_dataset\jiangkaitong\1_0_jiangkaitong_0082.jpg,False,True,False,real_tpl,0.3486769199371338,jiangkaitong
multi_adaptive,Nicanor_Duarte_Frutos,C:\Users\tahak\ogproject\adaptiveface\data\lfw\Nicanor_Duarte_Frutos\Nicanor_Duarte_Frutos_0006.jpg,False,False,False,real_tpl,0.17735958099365234,liuruilin
multi_adaptive,huangbo,C:\Users\tahak\ogproject\adaptiveface\data\rmfd\AFDB_face_dataset\huangbo\1_0_huangbo_0110.jpg,False,True,False,real_tpl,0.5209176540374756,huangbo
multi_adaptive,huangrihua,C:\Users\tahak\ogproject\adaptiveface\data\rmfd\AFDB_masked_face_dataset\huangrihua\0_0_5.jpg,True,True,True,synth_tpl,0.22001269459724426,yanyikuan
multi_adaptive,shenmengchen,C:\Users\tahak\ogproject\adaptiveface\data\rmfd\AFDB_face_dataset\shenmengchen\1_0_shenmengchen_0108.jpg,False,True,False,real_tpl,0.5617316961288452,shenmengchen
multi_adaptive,songxiaobo,C:\Users\tahak\ogproject\adaptiveface\data\rmfd\AFDB_face_dataset\songxiaobo\1_0_songxiaobo_0198.jpg,False,True,False,real_tpl,0.2089955359697342,gongbeibi
multi_adaptive,xiena,C:\Users\tahak\ogproject\adaptiveface\data\rmfd\AFDB_face_dataset\xiena\1_0_xiena_0017.jpg,False,True,False,real_tpl,0.27642250061035156,zhanghanyun
multi_adaptive,tongkeke,C:\Users\tahak\ogproject\adaptiveface\data\rmfd\AFDB_face_dataset\tongkeke\0_0_tongkeke_0188.jpg,False,True,False,real_tpl,0.21395941078662872,tongkeke
multi_adaptive,Nicanor_Duarte_Frutos,C:\Users\tahak\ogproject\adaptiveface\data\lfw\Nicanor_Duarte_Frutos\Nicanor_Duarte_Frutos_0005.jpg,False,False,False,real_tpl,0.15322938561439514,liudehua
multi_adaptive,Mark_Hurlbert,C:\Users\tahak\ogproject\adaptiveface\data\lfw\Mark_Hurlbert\Mark_Hurlbert_0004.jpg,False,False,False,real_tpl,0.11198493093252182,liyifeng
multi_adaptive,Virgina_Ruano_Pascal,C:\Users\tahak\ogproject\adaptiveface\data\lfw\Virgina_Ruano_Pascal\Virgina_Ruano_Pascal_0001.jpg,False,False,False,real_tpl,0.17315170168876648,caizhuoyan
multi_adaptive,gulinazha,C:\Users\tahak\ogproject\adaptiveface\data\rmfd\AFDB_masked_face_dataset\gulinazha\0_0_1.jpg,True,True,True,synth_tpl,0.3003586530685425,gulinazha
multi_adaptive,xuhaiqiao,C:\Users\tahak\ogproject\adaptiveface\data\rmfd\AFDB_face_dataset\xuhaiqiao\1_0_xuhaiqiao_0103.jpg,False,True,False,real_tpl,0.277693510055542,raowei
multi_adaptive,Michael_Phelps,C:\Users\tahak\ogproject\adaptiveface\data\lfw\Michael_Phelps\Michael_Phelps_0005.jpg,False,False,False,real_tpl,0.12040617316961288,zhourunfa
multi_adaptive,licaihua,C:\Users\tahak\ogproject\adaptiveface\data\rmfd\AFDB_face_dataset\licaihua\1_0_licaihua_0188.jpg,False,True,False,real_tpl,0.44992348551750183,licaihua
multi_adaptive,masichun,C:\Users\tahak\ogproject\adaptiveface\data\rmfd\AFDB_face_dataset\masichun\1_0_masichun_0135.jpg,False,True,False,real_tpl,0.2840648591518402,huojianhua
multi_adaptive,xieanqi,C:\Users\tahak\ogproject\adaptiveface\data\rmfd\AFDB_masked_face_dataset\xieanqi\0_0_2.jpg,True,True,True,synth_tpl,0.19410520792007446,yanni
multi_adaptive,Pete_Rose,C:\Users\tahak\ogproject\adaptiveface\data\lfw\Pete_Rose\Pete_Rose_0001.jpg,False,False,False,real_tpl,0.11208261549472809,wulei
multi_adaptive,gutianle,C:\Users\tahak\ogproject\adaptiveface\data\rmfd\AFDB_masked_face_dataset\gutianle\0_0_17.jpg,True,True,False,real_tpl,0.3299703598022461,gutianle
multi_adaptive,zhangliangying,C:\Users\tahak\ogproject\adaptiveface\data\rmfd\AFDB_face_dataset\zhangliangying\1_0_zhangliangying_0140.jpg,False,True,False,real_tpl,0.3196062445640564,zhangliangying
multi_adaptive,yinengjing,C:\Users\tahak\ogproject\adaptiveface\data\rmfd\AFDB_face_dataset\yinengjing\1_0_yinengjing_0099.jpg,False,True,False,real_tpl,0.3352855443954468,yinengjing
multi_adaptive,lanyingying,C:\Users\tahak\ogproject\adaptiveface\data\rmfd\AFDB_face_dataset\lanyingying\0_0_lanyingying_0156.jpg,False,True,False,real_tpl,0.3662307560443878,lanyingying
multi_adaptive,liuruilin,C:\Users\tahak\ogproject\adaptiveface\data\rmfd\AFDB_masked_face_dataset\liuruilin\0_0_4.jpg,True,True,True,synth_tpl,0.28461208939552307,liuxiang
multi_adaptive,zhangbo,C:\Users\tahak\ogproject\adaptiveface\data\rmfd\AFDB_masked_face_dataset\zhangbo\0_0_1.jpg,True,True,True,synth_tpl,0.28313177824020386,zhangbo
multi_adaptive,zhangluyi,C:\Users\tahak\ogproject\adaptiveface\data\rmfd\AFDB_masked_face_dataset\zhangluyi\0_0_3.png,True,True,True,synth_tpl,0.5267301201820374,zhangluyi
multi_adaptive,mali,C:\Users\tahak\ogproject\adaptiveface\data\rmfd\AFDB_face_dataset\mali\1_0_mali_0040.jpg,False,True,False,real_tpl,0.48796847462654114,mali
multi_adaptive,panyueming,C:\Users\tahak\ogproject\adaptiveface\data\rmfd\AFDB_masked_face_dataset\panyueming\0_0_25.jpg,True,True,False,real_tpl,0.2109713852405548,xuzheng
multi_adaptive,Eliane_Karp,C:\Users\tahak\ogproject\adaptiveface\data\lfw\Eliane_Karp\Eliane_Karp_0003.jpg,False,False,False,real_tpl,0.13163940608501434,yangzi
multi_adaptive,liuxiang,C:\Users\tahak\ogproject\adaptiveface\data\rmfd\AFDB_masked_face_dataset\liuxiang\0_0_3.jpg,True,True,False,real_tpl,0.3272807002067566,liuxiang
multi_adaptive,Stephen_Glassroth,C:\Users\tahak\ogproject\adaptiveface\data\lfw\Stephen_Glassroth\Stephen_Glassroth_0001.jpg,False,False,False,real_tpl,0.12560632824897766,huangzhongkun
multi_adaptive,xuxidi,C:\Users\tahak\ogproject\adaptiveface\data\rmfd\AFDB_masked_face_dataset\xuxidi\1_0_19.jpg,True,True,True,synth_tpl,0.25509169697761536,yanni
multi_adaptive,benxi,C:\Users\tahak\ogproject\adaptiveface\data\rmfd\AFDB_masked_face_dataset\benxi\0_0_27.jpg,True,True,True,synth_tpl,0.256788432598114,xieanqi
multi_adaptive,zhourunfa,C:\Users\tahak\ogproject\adaptiveface\data\rmfd\AFDB_face_dataset\zhourunfa\1_0_zhourunfa_0098.jpg,False,True,False,real_tpl,0.45579975843429565,zhourunfa
multi_adaptive,tangwei,C:\Users\tahak\ogproject\adaptiveface\data\rmfd\AFDB_masked_face_dataset\tangwei\0_0_11.jpg,True,True,True,synth_tpl,0.21040764451026917,tangwei
multi_adaptive,ruanjingtian,C:\Users\tahak\ogproject\adaptiveface\data\rmfd\AFDB_masked_face_dataset\ruanjingtian\0_0_0.jpg,True,True,True,synth_tpl,0.4545612037181854,ruanjingtian
multi_adaptive,huangxiaoming,C:\Users\tahak\ogproject\adaptiveface\data\rmfd\AFDB_masked_face_dataset\huangxiaoming\0_0_1.jpg,True,True,True,synth_tpl,0.28354865312576294,huangxiaoming
multi_adaptive,yangzi,C:\Users\tahak\ogproject\adaptiveface\data\rmfd\AFDB_masked_face_dataset\yangzi\0_0_23.jpg,True,True,True,synth_tpl,0.36005228757858276,yangzi
multi_adaptive,Sanjay_Chawla,C:\Users\tahak\ogproject\adaptiveface\data\lfw\Sanjay_Chawla\Sanjay_Chawla_0001.jpg,False,False,False,real_tpl,0.14494511485099792,zhangjingjing
multi_adaptive,Intisar_Ajouri,C:\Users\tahak\ogproject\adaptiveface\data\lfw\Intisar_Ajouri\Intisar_Ajouri_0001.jpg,False,False,False,real_tpl,0.17547035217285156,hejiong
multi_adaptive,chenjiaqi,C:\Users\tahak\ogproject\adaptiveface\data\rmfd\AFDB_face_dataset\chenjiaqi\0_0_chenjiaqi_0004.jpg,False,True,False,real_tpl,0.34654295444488525,chenjiaqi
multi_adaptive,lufangsheng,C:\Users\tahak\ogproject\adaptiveface\data\rmfd\AFDB_face_dataset\lufangsheng\1_0_lufangsheng_0161.jpg,False,True,False,real_tpl,0.5323702096939087,lufangsheng
multi_adaptive,Clint_Howard,C:\Users\tahak\ogproject\adaptiveface\data\lfw\Clint_Howard\Clint_Howard_0001.jpg,False,False,False,real_tpl,0.14181968569755554,zhaoliying
multi_adaptive,shenmengchen,C:\Users\tahak\ogproject\adaptiveface\data\rmfd\AFDB_face_dataset\shenmengchen\1_0_shenmengchen_0082.jpg,False,True,False,real_tpl,0.3103978931903839,shenmengchen
multi_adaptive,Michael_Chiklis,C:\Users\tahak\ogproject\adaptiveface\data\lfw\Michael_Chiklis\Michael_Chiklis_0002.jpg,False,False,False,real_tpl,0.16503965854644775,maqiguang
multi_adaptive,daipeini,C:\Users\tahak\ogproject\adaptiveface\data\rmfd\AFDB_face_dataset\daipeini\1_0_daipeini_0065.jpg,False,True,False,real_tpl,0.4824058413505554,daipeini
multi_adaptive,caobingkun,C:\Users\tahak\ogproject\adaptiveface\data\rmfd\AFDB_masked_face_dataset\caobingkun\0_0_15.jpg,True,True,True,synth_tpl,0.3086581528186798,caobingkun
multi_adaptive,guojingfei,C:\Users\tahak\ogproject\adaptiveface\data\rmfd\AFDB_face_dataset\guojingfei\1_0_guojingfei_0087.jpg,False,True,False,real_tpl,0.42916756868362427,guojingfei
multi_adaptive,wangkai,C:\Users\tahak\ogproject\adaptiveface\data\rmfd\AFDB_masked_face_dataset\wangkai\0_0_1.jpg,True,True,True,synth_tpl,0.4525420665740967,wangkai
multi_adaptive,yuyi,C:\Users\tahak\ogproject\adaptiveface\data\rmfd\AFDB_masked_face_dataset\yuyi\0_0_2.png,True,True,True,synth_tpl,0.46131762862205505,yuyi
multi_adaptive,zhangguoli,C:\Users\tahak\ogproject\adaptiveface\data\rmfd\AFDB_masked_face_dataset\zhangguoli\0_0_1.jpg,True,True,False,real_tpl,0.2218267321586609,liyapeng
multi_adaptive,zhangyi,C:\Users\tahak\ogproject\adaptiveface\data\rmfd\AFDB_face_dataset\zhangyi\1_0_zhangyi_0008.jpg,False,True,False,real_tpl,0.43582165241241455,zhangyi
multi_adaptive,masichun,C:\Users\tahak\ogproject\adaptiveface\data\rmfd\AFDB_masked_face_dataset\masichun\0_0_2.png,True,True,True,synth_tpl,0.3997921943664551,masichun
multi_adaptive,James_Phelps,C:\Users\tahak\ogproject\adaptiveface\data\lfw\James_Phelps\James_Phelps_0001.jpg,False,False,False,real_tpl,0.1388305425643921,chenxiang
multi_adaptive,xudongdong,C:\Users\tahak\ogproject\adaptiveface\data\rmfd\AFDB_masked_face_dataset\xudongdong\0_0_1.jpg,True,True,False,real_tpl,0.28328877687454224,xudongdong
multi_adaptive,liyifeng,C:\Users\tahak\ogproject\adaptiveface\data\rmfd\AFDB_face_dataset\liyifeng\1_0_liyifeng_0006.jpg,False,True,False,real_tpl,0.49404603242874146,liyifeng
multi_adaptive,wangluodan,C:\Users\tahak\ogproject\adaptiveface\data\rmfd\AFDB_masked_face_dataset\wangluodan\0_0_2.jpg,True,True,True,synth_tpl,0.1896173506975174,wangluodan
multi_adaptive,Lane_Odom,C:\Users\tahak\ogproject\adaptiveface\data\lfw\Lane_Odom\Lane_Odom_0001.jpg,False,False,False,real_tpl,0.13464659452438354,maoxiaotong
multi_adaptive,dazhangwei,C:\Users\tahak\ogproject\adaptiveface\data\rmfd\AFDB_masked_face_dataset\dazhangwei\1_0_21.jpg,True,True,True,synth_tpl,0.2175196409225464,pengjing
multi_adaptive,songqian,C:\Users\tahak\ogproject\adaptiveface\data\rmfd\AFDB_face_dataset\songqian\1_0_songqian_0240.jpg,False,True,False,real_tpl,0.23982658982276917,songqian
multi_adaptive,Tyra_Banks,C:\Users\tahak\ogproject\adaptiveface\data\lfw\Tyra_Banks\Tyra_Banks_0001.jpg,False,False,False,real_tpl,0.18639197945594788,yeyiqian
multi_adaptive,huozun,C:\Users\tahak\ogproject\adaptiveface\data\rmfd\AFDB_face_dataset\huozun\1_0_huozun_0205.jpg,False,True,False,real_tpl,0.5055413842201233,huozun
multi_adaptive,masu,C:\Users\tahak\ogproject\adaptiveface\data\rmfd\AFDB_face_dataset\masu\1_0_masu_0152.jpg,False,True,False,real_tpl,0.3462200164794922,masu
multi_adaptive,zhangxinyu,C:\Users\tahak\ogproject\adaptiveface\data\rmfd\AFDB_face_dataset\zhangxinyu\1_0_zhangxinyu_0102.jpg,False,True,False,real_tpl,0.26162010431289673,lanyingying
multi_adaptive,Collis_Temple_III,C:\Users\tahak\ogproject\adaptiveface\data\lfw\Collis_Temple_III\Collis_Temple_III_0001.jpg,False,False,False,real_tpl,0.09280144423246384,wangyuan
multi_adaptive,yangqianhua,C:\Users\tahak\ogproject\adaptiveface\data\rmfd\AFDB_face_dataset\yangqianhua\1_0_yangqianhua_0046.jpg,False,True,False,real_tpl,0.5121970176696777,yangqianhua
multi_adaptive,liuye,C:\Users\tahak\ogproject\adaptiveface\data\rmfd\AFDB_face_dataset\liuye\1_0_liuye_0039.jpg,False,True,False,real_tpl,0.569449782371521,liuye
multi_adaptive,David_Rivkin_Jr,C:\Users\tahak\ogproject\adaptiveface\data\lfw\David_Rivkin_Jr\David_Rivkin_Jr_0001.jpg,False,False,False,real_tpl,0.14799070358276367,tangwei
multi_adaptive,wuzhenyu,C:\Users\tahak\ogproject\adaptiveface\data\rmfd\AFDB_face_dataset\wuzhenyu\0_0_wuzhenyu_0138.jpg,False,True,False,real_tpl,0.7055999040603638,wuzhenyu
multi_adaptive,Mark_Hurlbert,C:\Users\tahak\ogproject\adaptiveface\data\lfw\Mark_Hurlbert\Mark_Hurlbert_0001.jpg,False,False,False,real_tpl,0.12141865491867065,chenyi
multi_adaptive,yeyiqian,C:\Users\tahak\ogproject\adaptiveface\data\rmfd\AFDB_face_dataset\yeyiqian\0_0_yeyiqian_0155.jpg,False,True,False,real_tpl,0.39791691303253174,yeyiqian
multi_adaptive,huozun,C:\Users\tahak\ogproject\adaptiveface\data\rmfd\AFDB_face_dataset\huozun\1_0_huozun_0172.jpg,False,True,False,real_tpl,0.41543155908584595,huozun
multi_adaptive,Bernard_Law,C:\Users\tahak\ogproject\adaptiveface\data\lfw\Bernard_Law\Bernard_Law_0002.jpg,False,False,False,real_tpl,0.12316510081291199,raowei
multi_adaptive,Martha_Lucia_Ramirez,C:\Users\tahak\ogproject\adaptiveface\data\lfw\Martha_Lucia_Ramirez\Martha_Lucia_Ramirez_0004.jpg,False,False,False,real_tpl,0.12160826474428177,lixiang
multi_adaptive,zhourunfa,C:\Users\tahak\ogproject\adaptiveface\data\rmfd\AFDB_face_dataset\zhourunfa\0_0_zhourunfa_0148.jpg,False,True,False,real_tpl,0.5321828126907349,zhourunfa
multi_adaptive,yanyikuan,C:\Users\tahak\ogproject\adaptiveface\data\rmfd\AFDB_face_dataset\yanyikuan\1_0_yanyikuan_0142.jpg,False,True,False,real_tpl,0.4179530143737793,yanyikuan
multi_adaptive,gongbeibi,C:\Users\tahak\ogproject\adaptiveface\data\rmfd\AFDB_face_dataset\gongbeibi\1_0_gongbeibi_0179.jpg,False,True,False,real_tpl,0.4774118661880493,gongbeibi
multi_adaptive,zhuowenxuan,C:\Users\tahak\ogproject\adaptiveface\data\rmfd\AFDB_face_dataset\zhuowenxuan\1_0_zhuowenxuan_0053.jpg,False,True,False,real_tpl,0.5717974901199341,zhuowenxuan
multi_adaptive,xuezhiqian,C:\Users\tahak\ogproject\adaptiveface\data\rmfd\AFDB_masked_face_dataset\xuezhiqian\0_0_2.jpg,True,True,True,synth_tpl,0.24013543128967285,fengjianyu
multi_adaptive,Eliane_Karp,C:\Users\tahak\ogproject\adaptiveface\data\lfw\Eliane_Karp\Eliane_Karp_0002.jpg,False,False,False,real_tpl,0.13688822090625763,jiangjinfu
multi_adaptive,mowenwei,C:\Users\tahak\ogproject\adaptiveface\data\rmfd\AFDB_masked_face_dataset\mowenwei\0_0_7.jpg,True,True,True,synth_tpl,0.22719576954841614,mowenwei
multi_adaptive,caiguoqing,C:\Users\tahak\ogproject\adaptiveface\data\rmfd\AFDB_face_dataset\caiguoqing\1_0_caiguoqing_0039.jpg,False,True,False,real_tpl,0.5752897262573242,caiguoqing
multi_adaptive,zhuowenxuan,C:\Users\tahak\ogproject\adaptiveface\data\rmfd\AFDB_masked_face_dataset\zhuowenxuan\0_0_0.jpg,True,True,True,synth_tpl,0.21680665016174316,daipeini
multi_adaptive,jianailiang,C:\Users\tahak\ogproject\adaptiveface\data\rmfd\AFDB_face_dataset\jianailiang\1_0_jianailiang_0043.jpg,False,True,False,real_tpl,0.26329705119132996,chenkun
multi_adaptive,tanweiwei,C:\Users\tahak\ogproject\adaptiveface\data\rmfd\AFDB_face_dataset\tanweiwei\1_0_tanweiwei_0020.jpg,False,True,False,real_tpl,0.2743765413761139,tanweiwei
multi_adaptive,yinzheng,C:\Users\tahak\ogproject\adaptiveface\data\rmfd\AFDB_face_dataset\yinzheng\1_0_yinzheng_0046.jpg,False,True,False,real_tpl,0.508796215057373,yinzheng
multi_adaptive,ruanjingtian,C:\Users\tahak\ogproject\adaptiveface\data\rmfd\AFDB_face_dataset\ruanjingtian\0_0_ruanjingtian_0052.jpg,False,True,False,real_tpl,0.517296314239502,ruanjingtian
multi_adaptive,jiangkaitong,C:\Users\tahak\ogproject\adaptiveface\data\rmfd\AFDB_face_dataset\jiangkaitong\1_0_jiangkaitong_0206.jpg,False,True,False,real_tpl,0.29523831605911255,jiangkaitong
multi_adaptive,zhangtianai,C:\Users\tahak\ogproject\adaptiveface\data\rmfd\AFDB_face_dataset\zhangtianai\1_0_zhangtianai_0168.jpg,False,True,False,real_tpl,0.40002256631851196,zhangtianai
multi_adaptive,xiongnaijin,C:\Users\tahak\ogproject\adaptiveface\data\rmfd\AFDB_face_dataset\xiongnaijin\1_0_xiongnaijin_0201.jpg,False,True,False,real_tpl,0.37855401635169983,shenmengchen
multi_adaptive,xinzhilei,C:\Users\tahak\ogproject\adaptiveface\data\rmfd\AFDB_face_dataset\xinzhilei\0_0_xinzhilei_0064.jpg,False,True,False,real_tpl,0.48127424716949463,xinzhilei
multi_adaptive,linyichen,C:\Users\tahak\ogproject\adaptiveface\data\rmfd\AFDB_face_dataset\linyichen\1_0_linyichen_0222.jpg,False,True,False,real_tpl,0.22277048230171204,zhaoliying
multi_adaptive,huangzhongkun,C:\Users\tahak\ogproject\adaptiveface\data\rmfd\AFDB_face_dataset\huangzhongkun\1_0_huangzhongkun_0046.jpg,False,True,False,real_tpl,0.5966377258300781,huangzhongkun
multi_adaptive,chenyi,C:\Users\tahak\ogproject\adaptiveface\data\rmfd\AFDB_masked_face_dataset\chenyi\0_0_0.jpg,True,True,True,synth_tpl,0.39483198523521423,chenyi
multi_adaptive,sunyizhou,C:\Users\tahak\ogproject\adaptiveface\data\rmfd\AFDB_masked_face_dataset\sunyizhou\1_0_0.jpg,True,True,False,real_tpl,0.23739677667617798,sunyizhou
multi_adaptive,caizhuoyan,C:\Users\tahak\ogproject\adaptiveface\data\rmfd\AFDB_masked_face_dataset\caizhuoyan\1_0_14.jpg,True,True,True,synth_tpl,0.30419954657554626,gongbeibi
multi_adaptive,wangqing,C:\Users\tahak\ogproject\adaptiveface\data\rmfd\AFDB_masked_face_dataset\wangqing\0_0_8.jpg,True,True,True,synth_tpl,0.30664390325546265,wangqing
multi_adaptive,Carlos_Moya,C:\Users\tahak\ogproject\adaptiveface\data\lfw\Carlos_Moya\Carlos_Moya_0004.jpg,False,False,False,real_tpl,0.14978334307670593,lianghanwen
multi_adaptive,liushishi,C:\Users\tahak\ogproject\adaptiveface\data\rmfd\AFDB_masked_face_dataset\liushishi\0_0_3.jpg,True,True,True,synth_tpl,0.19655562937259674,liuyifei
multi_adaptive,zhaoliying,C:\Users\tahak\ogproject\adaptiveface\data\rmfd\AFDB_masked_face_dataset\zhaoliying\0_0_12.jpg,True,True,True,synth_tpl,0.2830454707145691,masichun
multi_adaptive,yangqianhua,C:\Users\tahak\ogproject\adaptiveface\data\rmfd\AFDB_face_dataset\yangqianhua\1_0_yangqianhua_0047.jpg,False,True,False,real_tpl,0.43399232625961304,yangqianhua
multi_adaptive,raowei,C:\Users\tahak\ogproject\adaptiveface\data\rmfd\AFDB_masked_face_dataset\raowei\0_0_1.jpg,True,True,True,synth_tpl,0.2410544753074646,wulei
multi_adaptive,lixiang,C:\Users\tahak\ogproject\adaptiveface\data\rmfd\AFDB_face_dataset\lixiang\1_0_lixiang_0157.jpg,False,True,False,real_tpl,0.24028626084327698,lixiang
multi_adaptive,zhangdanfeng,C:\Users\tahak\ogproject\adaptiveface\data\rmfd\AFDB_face_dataset\zhangdanfeng\1_0_zhangdanfeng_0074.jpg,False,True,False,real_tpl,0.4440981447696686,zhangdanfeng
multi_adaptive,Rod_Thorn,C:\Users\tahak\ogproject\adaptiveface\data\lfw\Rod_Thorn\Rod_Thorn_0001.jpg,False,False,False,real_tpl,0.10008226335048676,caizhuoyan
multi_adaptive,chenxiang,C:\Users\tahak\ogproject\adaptiveface\data\rmfd\AFDB_masked_face_dataset\chenxiang\0_0_4.jpg,True,True,True,synth_tpl,0.23322689533233643,chenxiang
multi_adaptive,pengjing,C:\Users\tahak\ogproject\adaptiveface\data\rmfd\AFDB_face_dataset\pengjing\1_0_pengjing_0013.jpg,False,True,False,real_tpl,0.2804647386074066,xiongnaijin
multi_adaptive,qinjunjie,C:\Users\tahak\ogproject\adaptiveface\data\rmfd\AFDB_face_dataset\qinjunjie\0_0_qinjunjie_0130.jpg,False,True,False,real_tpl,0.39396101236343384,qinjunjie
multi_adaptive,huangrihua,C:\Users\tahak\ogproject\adaptiveface\data\rmfd\AFDB_face_dataset\huangrihua\1_0_huangrihua_0073.jpg,False,True,False,real_tpl,0.5532026290893555,huangrihua
multi_adaptive,yumenglong,C:\Users\tahak\ogproject\adaptiveface\data\rmfd\AFDB_masked_face_dataset\yumenglong\0_0_0.jpg,True,True,True,synth_tpl,0.3779928684234619,yumenglong
multi_adaptive,maqiguang,C:\Users\tahak\ogproject\adaptiveface\data\rmfd\AFDB_masked_face_dataset\maqiguang\0_0_1.jpg,True,True,True,synth_tpl,0.4081374406814575,maqiguang
multi_adaptive,huge,C:\Users\tahak\ogproject\adaptiveface\data\rmfd\AFDB_face_dataset\huge\1_0_huge_0082.jpg,False,True,False,real_tpl,0.5163528919219971,huge
multi_adaptive,liuye,C:\Users\tahak\ogproject\adaptiveface\data\rmfd\AFDB_face_dataset\liuye\1_0_liuye_0103.jpg,False,True,False,real_tpl,0.6312289237976074,liuye
multi_adaptive,yangqianhua,C:\Users\tahak\ogproject\adaptiveface\data\rmfd\AFDB_masked_face_dataset\yangqianhua\1_0_0.jpg,True,True,True,synth_tpl,0.20385409891605377,yangqianhua
multi_adaptive,zhanghanyun,C:\Users\tahak\ogproject\adaptiveface\data\rmfd\AFDB_face_dataset\zhanghanyun\1_0_zhanghanyun_0260.jpg,False,True,False,real_tpl,0.37761712074279785,zhanghanyun
multi_adaptive,wangqing,C:\Users\tahak\ogproject\adaptiveface\data\rmfd\AFDB_face_dataset\wangqing\1_0_wangqing_0067.jpg,False,True,False,real_tpl,0.17032331228256226,xuxidi
multi_adaptive,Mark_Hurlbert,C:\Users\tahak\ogproject\adaptiveface\data\lfw\Mark_Hurlbert\Mark_Hurlbert_0005.jpg,False,False,False,real_tpl,0.08059798926115036,zhangzifeng
multi_adaptive,wangou,C:\Users\tahak\ogproject\adaptiveface\data\rmfd\AFDB_masked_face_dataset\wangou\0_0_16.jpg,True,True,True,synth_tpl,0.25876080989837646,guojingjing
multi_adaptive,yangqianhua,C:\Users\tahak\ogproject\adaptiveface\data\rmfd\AFDB_masked_face_dataset\yangqianhua\0_0_2.jpg,True,True,True,synth_tpl,0.2705972194671631,xieanqi
multi_adaptive,xudongdong,C:\Users\tahak\ogproject\adaptiveface\data\rmfd\AFDB_masked_face_dataset\xudongdong\0_0_0.jpg,True,True,True,synth_tpl,0.2786540985107422,jiangkaitong
multi_adaptive,zhengyecheng,C:\Users\tahak\ogproject\adaptiveface\data\rmfd\AFDB_face_dataset\zhengyecheng\1_0_zhengyecheng_0129.jpg,False,True,False,real_tpl,0.61100172996521,zhengyecheng
multi_adaptive,Carlos_Moya,C:\Users\tahak\ogproject\adaptiveface\data\lfw\Carlos_Moya\Carlos_Moya_0017.jpg,False,False,False,real_tpl,0.1129864901304245,gongbeibi
multi_adaptive,liudehua,C:\Users\tahak\ogproject\adaptiveface\data\rmfd\AFDB_face_dataset\liudehua\1_0_liudehua_0238.jpg,False,True,False,real_tpl,0.3992358446121216,liudehua
multi_adaptive,Carlos_Moya,C:\Users\tahak\ogproject\adaptiveface\data\lfw\Carlos_Moya\Carlos_Moya_0005.jpg,False,False,False,real_tpl,0.1606096476316452,wangqing
multi_adaptive,Dereck_Whittenburg,C:\Users\tahak\ogproject\adaptiveface\data\lfw\Dereck_Whittenburg\Dereck_Whittenburg_0001.jpg,False,False,False,real_tpl,0.2169945240020752,yuyi
multi_adaptive,zhuowenxuan,C:\Users\tahak\ogproject\adaptiveface\data\rmfd\AFDB_face_dataset\zhuowenxuan\0_0_zhuowenxuan_0046.jpg,False,True,False,real_tpl,0.3138153553009033,zhuowenxuan
multi_adaptive,Billy_Sollie,C:\Users\tahak\ogproject\adaptiveface\data\lfw\Billy_Sollie\Billy_Sollie_0001.jpg,False,False,False,real_tpl,0.15744943916797638,hanqingzi
multi_adaptive,huangrihua,C:\Users\tahak\ogproject\adaptiveface\data\rmfd\AFDB_face_dataset\huangrihua\1_0_huangrihua_0019.jpg,False,True,False,real_tpl,0.6806657314300537,huangrihua
multi_adaptive,handongjun,C:\Users\tahak\ogproject\adaptiveface\data\rmfd\AFDB_face_dataset\handongjun\1_0_handongjun_0032.jpg,False,True,False,real_tpl,0.267425537109375,maqiguang
multi_adaptive,zhangzifeng,C:\Users\tahak\ogproject\adaptiveface\data\rmfd\AFDB_face_dataset\zhangzifeng\1_0_zhangzifeng_0126.jpg,False,True,False,real_tpl,0.519951581954956,zhangzifeng
multi_adaptive,lufangsheng,C:\Users\tahak\ogproject\adaptiveface\data\rmfd\AFDB_face_dataset\lufangsheng\1_0_lufangsheng_0194.jpg,False,True,False,real_tpl,0.5386401414871216,lufangsheng
multi_adaptive,zhourunfa,C:\Users\tahak\ogproject\adaptiveface\data\rmfd\AFDB_masked_face_dataset\zhourunfa\0_0_3.jpg,True,True,True,synth_tpl,0.23436039686203003,jingbairan
multi_adaptive,chenkun,C:\Users\tahak\ogproject\adaptiveface\data\rmfd\AFDB_face_dataset\chenkun\1_0_chenkun_0056.jpg,False,True,False,real_tpl,0.3908148407936096,chenkun
multi_adaptive,chenkun,C:\Users\tahak\ogproject\adaptiveface\data\rmfd\AFDB_masked_face_dataset\chenkun\0_0_10.jpg,True,True,True,synth_tpl,0.20127230882644653,chenkun
multi_adaptive,wangkai,C:\Users\tahak\ogproject\adaptiveface\data\rmfd\AFDB_face_dataset\wangkai\1_0_wangkai_0109.jpg,False,True,False,real_tpl,0.45528703927993774,wangkai
multi_adaptive,jiangyiyi,C:\Users\tahak\ogproject\adaptiveface\data\rmfd\AFDB_masked_face_dataset\jiangyiyi\0_0_0.jpg,True,True,True,synth_tpl,0.37753283977508545,zhangxueying
multi_adaptive,yangzi,C:\Users\tahak\ogproject\adaptiveface\data\rmfd\AFDB_face_dataset\yangzi\1_0_yangzi_0181.jpg,False,True,False,real_tpl,0.5050724744796753,yangzi
multi_adaptive,caizhuoyan,C:\Users\tahak\ogproject\adaptiveface\data\rmfd\AFDB_masked_face_dataset\caizhuoyan\0_0_1.jpg,True,True,True,synth_tpl,0.3745620846748352,lvyi
multi_adaptive,weidaxun,C:\Users\tahak\ogproject\adaptiveface\data\rmfd\AFDB_face_dataset\weidaxun\0_0_weidaxun_0154.jpg,False,True,False,real_tpl,0.2879401445388794,weidaxun
multi_adaptive,linyuan,C:\Users\tahak\ogproject\adaptiveface\data\rmfd\AFDB_face_dataset\linyuan\1_0_linyuan_0085.jpg,False,True,False,real_tpl,0.3335411846637726,linyuan
multi_adaptive,zhengkai,C:\Users\tahak\ogproject\adaptiveface\data\rmfd\AFDB_face_dataset\zhengkai\1_0_zhengkai_0174.jpg,False,True,False,real_tpl,0.2068430483341217,liuruilin
multi_adaptive,zhaoyazhi,C:\Users\tahak\ogproject\adaptiveface\data\rmfd\AFDB_masked_face_dataset\zhaoyazhi\0_0_0.jpg,True,True,True,synth_tpl,0.35075151920318604,yeyiqian
multi_adaptive,Stephane_Rousseau,C:\Users\tahak\ogproject\adaptiveface\data\lfw\Stephane_Rousseau\Stephane_Rousseau_0001.jpg,False,False,False,real_tpl,0.12354396283626556,zhangtianai
multi_adaptive,zhaoliying,C:\Users\tahak\ogproject\adaptiveface\data\rmfd\AFDB_face_dataset\zhaoliying\1_0_zhaoliying_0057.jpg,False,True,False,real_tpl,0.44209936261177063,zhaoliying
multi_adaptive,Zoran_Djindjic,C:\Users\tahak\ogproject\adaptiveface\data\lfw\Zoran_Djindjic\Zoran_Djindjic_0002.jpg,False,False,False,real_tpl,0.10249555110931396,yinzheng
multi_adaptive,xuezhiqian,C:\Users\tahak\ogproject\adaptiveface\data\rmfd\AFDB_face_dataset\xuezhiqian\1_0_xuezhiqian_0030.jpg,False,True,False,real_tpl,0.27670595049858093,wulei
multi_adaptive,wangzuxian,C:\Users\tahak\ogproject\adaptiveface\data\rmfd\AFDB_face_dataset\wangzuxian\1_0_wangzuxian_0224.jpg,False,True,False,real_tpl,0.5480756163597107,wangzuxian
multi_adaptive,wangqing,C:\Users\tahak\ogproject\adaptiveface\data\rmfd\AFDB_face_dataset\wangqing\1_0_wangqing_0077.jpg,False,True,False,real_tpl,0.4406415522098541,wangqing
multi_adaptive,zhouxun,C:\Users\tahak\ogproject\adaptiveface\data\rmfd\AFDB_masked_face_dataset\zhouxun\0_0_10.jpg,True,True,True,synth_tpl,0.1844720095396042,zhouxun
multi_adaptive,lixirui,C:\Users\tahak\ogproject\adaptiveface\data\rmfd\AFDB_face_dataset\lixirui\1_0_lixirui_0058.jpg,False,True,False,real_tpl,0.367212176322937,lixirui
multi_adaptive,guanxiaotong,C:\Users\tahak\ogproject\adaptiveface\data\rmfd\AFDB_masked_face_dataset\guanxiaotong\1_0_2.jpg,True,True,True,synth_tpl,0.29968783259391785,zhangxueying
multi_adaptive,wangzuxian,C:\Users\tahak\ogproject\adaptiveface\data\rmfd\AFDB_face_dataset\wangzuxian\1_0_wangzuxian_0068.jpg,False,True,False,real_tpl,0.45238131284713745,wangzuxian
multi_adaptive,lixirui,C:\Users\tahak\ogproject\adaptiveface\data\rmfd\AFDB_face_dataset\lixirui\1_0_lixirui_0189.jpg,False,True,False,real_tpl,0.26267772912979126,lixirui
multi_adaptive,yanyikuan,C:\Users\tahak\ogproject\adaptiveface\data\rmfd\AFDB_face_dataset\yanyikuan\1_0_yanyikuan_0057.jpg,False,True,False,real_tpl,0.42785775661468506,yanyikuan
multi_adaptive,zhangguoli,C:\Users\tahak\ogproject\adaptiveface\data\rmfd\AFDB_face_dataset\zhangguoli\1_0_zhangguoli_0034.jpg,False,True,False,real_tpl,0.5560118556022644,zhangguoli
multi_adaptive,Celso_Amorim,C:\Users\tahak\ogproject\adaptiveface\data\lfw\Celso_Amorim\Celso_Amorim_0001.jpg,False,False,False,real_tpl,0.11913155764341354,wangyuan
multi_adaptive,zhangxueyou,C:\Users\tahak\ogproject\adaptiveface\data\rmfd\AFDB_face_dataset\zhangxueyou\1_0_zhangxueyou_0020.jpg,False,True,False,real_tpl,0.5892666578292847,zhangxueyou
multi_adaptive,huozun,C:\Users\tahak\ogproject\adaptiveface\data\rmfd\AFDB_masked_face_dataset\huozun\0_0_7.jpg,True,True,True,synth_tpl,0.3937716782093048,huozun
multi_adaptive,hanqingzi,C:\Users\tahak\ogproject\adaptiveface\data\rmfd\AFDB_masked_face_dataset\hanqingzi\0_0_0.jpg,True,True,True,synth_tpl,0.2590334713459015,zhangxueying
multi_adaptive,Nicanor_Duarte_Frutos,C:\Users\tahak\ogproject\adaptiveface\data\lfw\Nicanor_Duarte_Frutos\Nicanor_Duarte_Frutos_0002.jpg,False,False,False,real_tpl,0.12013012170791626,fanwei
multi_adaptive,songqian,C:\Users\tahak\ogproject\adaptiveface\data\rmfd\AFDB_masked_face_dataset\songqian\0_0_0.jpg,True,True,True,synth_tpl,0.2785288095474243,songqian
multi_adaptive,huashao,C:\Users\tahak\ogproject\adaptiveface\data\rmfd\AFDB_masked_face_dataset\huashao\0_0_3.jpg,True,True,True,synth_tpl,0.19852551817893982,matianyu
multi_adaptive,zhengyecheng,C:\Users\tahak\ogproject\adaptiveface\data\rmfd\AFDB_masked_face_dataset\zhengyecheng\0_0_2.jpg,True,True,True,synth_tpl,0.2685704231262207,zhengyecheng
multi_adaptive,Michael_Chiklis,C:\Users\tahak\ogproject\adaptiveface\data\lfw\Michael_Chiklis\Michael_Chiklis_0005.jpg,False,False,False,real_tpl,0.13417823612689972,yinzheng
multi_adaptive,xuhaiqiao,C:\Users\tahak\ogproject\adaptiveface\data\rmfd\AFDB_masked_face_dataset\xuhaiqiao\0_0_17.jpg,True,True,True,synth_tpl,0.22603371739387512,jianailiang
multi_adaptive,lidaimo,C:\Users\tahak\ogproject\adaptiveface\data\rmfd\AFDB_masked_face_dataset\lidaimo\0_0_3.jpg,True,True,True,synth_tpl,0.2920234501361847,lidaimo
multi_adaptive,Carlo_Ancelotti,C:\Users\tahak\ogproject\adaptiveface\data\lfw\Carlo_Ancelotti\Carlo_Ancelotti_0003.jpg,False,False,False,real_tpl,0.13766932487487793,mali
multi_adaptive,daipeini,C:\Users\tahak\ogproject\adaptiveface\data\rmfd\AFDB_masked_face_dataset\daipeini\0_0_5.jpg,True,True,True,synth_tpl,0.15785396099090576,hejiong
multi_adaptive,Bernard_Landry,C:\Users\tahak\ogproject\adaptiveface\data\lfw\Bernard_Landry\Bernard_Landry_0004.jpg,False,False,False,real_tpl,0.13886898756027222,licaihua
multi_adaptive,masu,C:\Users\tahak\ogproject\adaptiveface\data\rmfd\AFDB_masked_face_dataset\masu\0_0_23.jpg,True,True,True,synth_tpl,0.2759028971195221,masu
multi_adaptive,xuxidi,C:\Users\tahak\ogproject\adaptiveface\data\rmfd\AFDB_face_dataset\xuxidi\1_0_xuxidi_0034.jpg,False,True,False,real_tpl,0.3844623565673828,xuxidi
multi_adaptive,lidaimo,C:\Users\tahak\ogproject\adaptiveface\data\rmfd\AFDB_face_dataset\lidaimo\1_0_lidaimo_0094.jpg,False,True,False,real_tpl,0.5765314102172852,lidaimo
multi_adaptive,chenxiang,C:\Users\tahak\ogproject\adaptiveface\data\rmfd\AFDB_face_dataset\chenxiang\0_0_chenxiang_0006.jpg,False,True,False,real_tpl,0.4460340738296509,chenxiang
multi_adaptive,wangyuan,C:\Users\tahak\ogproject\adaptiveface\data\rmfd\AFDB_masked_face_dataset\wangyuan\0_0_24.jpg,True,True,True,synth_tpl,0.24067950248718262,huangxuan
multi_adaptive,yinzheng,C:\Users\tahak\ogproject\adaptiveface\data\rmfd\AFDB_masked_face_dataset\yinzheng\0_0_1.png,True,True,True,synth_tpl,0.4500754475593567,yinzheng
multi_adaptive,xuxidi,C:\Users\tahak\ogproject\adaptiveface\data\rmfd\AFDB_masked_face_dataset\xuxidi\1_0_1.jpg,True,True,True,synth_tpl,0.2476886510848999,xuxidi
multi_adaptive,yumenglong,C:\Users\tahak\ogproject\adaptiveface\data\rmfd\AFDB_face_dataset\yumenglong\1_0_yumenglong_0058.jpg,False,True,False,real_tpl,0.3112342357635498,yumenglong
multi_adaptive,Romario_Farias,C:\Users\tahak\ogproject\adaptiveface\data\lfw\Romario_Farias\Romario_Farias_0001.jpg,False,False,False,real_tpl,0.12878762185573578,yumenglong
multi_adaptive,yingcaier,C:\Users\tahak\ogproject\adaptiveface\data\rmfd\AFDB_masked_face_dataset\yingcaier\0_0_0.jpg,True,True,True,synth_tpl,0.2128094732761383,caobingkun
multi_adaptive,matianyu,C:\Users\tahak\ogproject\adaptiveface\data\rmfd\AFDB_masked_face_dataset\matianyu\0_0_20.jpg,True,True,True,synth_tpl,0.383804053068161,matianyu
multi_adaptive,yumenglong,C:\Users\tahak\ogproject\adaptiveface\data\rmfd\AFDB_face_dataset\yumenglong\1_0_yumenglong_0063.jpg,False,True,False,real_tpl,0.5656452775001526,yumenglong
multi_adaptive,jingbairan,C:\Users\tahak\ogproject\adaptiveface\data\rmfd\AFDB_face_dataset\jingbairan\1_0_jingbairan_0193.jpg,False,True,False,real_tpl,0.425351619720459,jingbairan
multi_adaptive,wangyuan,C:\Users\tahak\ogproject\adaptiveface\data\rmfd\AFDB_face_dataset\wangyuan\1_0_wangyuan_0152.jpg,False,True,False,real_tpl,0.4258018732070923,wangyuan
multi_adaptive,zhangxueying,C:\Users\tahak\ogproject\adaptiveface\data\rmfd\AFDB_masked_face_dataset\zhangxueying\0_0_4.jpg,True,True,True,synth_tpl,0.2445271760225296,yanni
multi_adaptive,chenfarong,C:\Users\tahak\ogproject\adaptiveface\data\rmfd\AFDB_face_dataset\chenfarong\1_0_chenfarong_0137.jpg,False,True,False,real_tpl,0.3714245557785034,chenfarong
multi_adaptive,Khaled_Sawalhi,C:\Users\tahak\ogproject\adaptiveface\data\lfw\Khaled_Sawalhi\Khaled_Sawalhi_0001.jpg,False,False,False,real_tpl,0.1610446274280548,wangluodan
multi_adaptive,zhaoliying,C:\Users\tahak\ogproject\adaptiveface\data\rmfd\AFDB_face_dataset\zhaoliying\1_0_zhaoliying_0172.jpg,False,True,False,real_tpl,0.589627206325531,zhaoliying
multi_adaptive,Russell_Crowe,C:\Users\tahak\ogproject\adaptiveface\data\lfw\Russell_Crowe\Russell_Crowe_0002.jpg,False,False,False,real_tpl,0.13856324553489685,chenxiang
multi_adaptive,zhaoyihuan,C:\Users\tahak\ogproject\adaptiveface\data\rmfd\AFDB_face_dataset\zhaoyihuan\1_0_zhaoyihuan_0195.jpg,False,True,False,real_tpl,0.5442334413528442,zhaoyihuan
multi_adaptive,huangxuan,C:\Users\tahak\ogproject\adaptiveface\data\rmfd\AFDB_masked_face_dataset\huangxuan\0_0_22.jpg,True,True,True,synth_tpl,0.22445058822631836,huangxuan
multi_adaptive,zhangliangying,C:\Users\tahak\ogproject\adaptiveface\data\rmfd\AFDB_face_dataset\zhangliangying\1_0_zhangliangying_0021.jpg,False,True,False,real_tpl,0.5969184637069702,zhangliangying
multi_adaptive,jianailiang,C:\Users\tahak\ogproject\adaptiveface\data\rmfd\AFDB_masked_face_dataset\jianailiang\0_0_5.jpg,True,True,True,synth_tpl,0.2795809209346771,jianailiang
multi_adaptive,xiongnaijin,C:\Users\tahak\ogproject\adaptiveface\data\rmfd\AFDB_face_dataset\xiongnaijin\1_0_xiongnaijin_0219.jpg,False,True,False,real_tpl,0.31772685050964355,zhangjingjing
multi_adaptive,yinengjing,C:\Users\tahak\ogproject\adaptiveface\data\rmfd\AFDB_masked_face_dataset\yinengjing\0_0_1.jpg,True,True,True,synth_tpl,0.37005844712257385,gongbeibi
multi_adaptive,wangou,C:\Users\tahak\ogproject\adaptiveface\data\rmfd\AFDB_face_dataset\wangou\1_0_wangou_0285.jpg,False,True,False,real_tpl,0.3206883668899536,wangou
multi_adaptive,guojingjing,C:\Users\tahak\ogproject\adaptiveface\data\rmfd\AFDB_masked_face_dataset\guojingjing\1_0_3.jpg,True,True,True,synth_tpl,0.3386918008327484,liuxiang
multi_adaptive,yuyi,C:\Users\tahak\ogproject\adaptiveface\data\rmfd\AFDB_masked_face_dataset\yuyi\0_0_1.jpg,True,True,True,synth_tpl,0.44804227352142334,yuyi
multi_adaptive,fanwei,C:\Users\tahak\ogproject\adaptiveface\data\rmfd\AFDB_face_dataset\fanwei\1_0_fanwei_0016.jpg,False,True,False,real_tpl,0.5139646530151367,fanwei
multi_adaptive,huangrihua,C:\Users\tahak\ogproject\adaptiveface\data\rmfd\AFDB_masked_face_dataset\huangrihua\0_0_2.jpg,True,True,True,synth_tpl,0.28884387016296387,huangrihua
multi_adaptive,liushishi,C:\Users\tahak\ogproject\adaptiveface\data\rmfd\AFDB_masked_face_dataset\liushishi\0_0_5.jpg,True,True,True,synth_tpl,0.29186737537384033,lvyi
multi_adaptive,John_Goold,C:\Users\tahak\ogproject\adaptiveface\data\lfw\John_Goold\John_Goold_0001.jpg,False,False,False,real_tpl,0.12618054449558258,yangqianhua
multi_adaptive,Patricia_Johnson,C:\Users\tahak\ogproject\adaptiveface\data\lfw\Patricia_Johnson\Patricia_Johnson_0001.jpg,False,False,False,real_tpl,0.18712443113327026,yangzi
multi_adaptive,xiongdailin,C:\Users\tahak\ogproject\adaptiveface\data\rmfd\AFDB_masked_face_dataset\xiongdailin\0_0_1.jpeg,True,True,True,synth_tpl,0.41814807057380676,xiongdailin
multi_adaptive,yuyi,C:\Users\tahak\ogproject\adaptiveface\data\rmfd\AFDB_face_dataset\yuyi\1_0_yuyi_0098.jpg,False,True,False,real_tpl,0.5156644582748413,yuyi
multi_adaptive,weidaxun,C:\Users\tahak\ogproject\adaptiveface\data\rmfd\AFDB_masked_face_dataset\weidaxun\0_0_6.jpg,True,True,True,synth_tpl,0.31459343433380127,weidaxun
multi_adaptive,zhaoyazhi,C:\Users\tahak\ogproject\adaptiveface\data\rmfd\AFDB_face_dataset\zhaoyazhi\1_0_zhaoyazhi_0175.jpg,False,True,False,real_tpl,0.5484371781349182,zhaoyazhi
multi_adaptive,lanyingying,C:\Users\tahak\ogproject\adaptiveface\data\rmfd\AFDB_face_dataset\lanyingying\1_0_lanyingying_0040.jpg,False,True,False,real_tpl,0.5265089273452759,lanyingying
multi_adaptive,zhangbinbin,C:\Users\tahak\ogproject\adaptiveface\data\rmfd\AFDB_face_dataset\zhangbinbin\1_0_zhangbinbin_0170.jpg,False,True,False,real_tpl,0.5686715841293335,zhangbinbin
multi_adaptive,guojingfei,C:\Users\tahak\ogproject\adaptiveface\data\rmfd\AFDB_masked_face_dataset\guojingfei\0_1_6.jpg,True,True,True,synth_tpl,0.2239454984664917,huangxiaoming
multi_adaptive,zhangxueying,C:\Users\tahak\ogproject\adaptiveface\data\rmfd\AFDB_face_dataset\zhangxueying\1_0_zhangxueying_0065.jpg,False,True,False,real_tpl,0.252187579870224,zhangxueying
multi_adaptive,Stephen_Cooper,C:\Users\tahak\ogproject\adaptiveface\data\lfw\Stephen_Cooper\Stephen_Cooper_0001.jpg,False,False,False,real_tpl,0.13495437800884247,jiangjinfu
multi_adaptive,tongliya,C:\Users\tahak\ogproject\adaptiveface\data\rmfd\AFDB_masked_face_dataset\tongliya\0_0_2.jpg,True,True,True,synth_tpl,0.2822403609752655,tongliya
multi_adaptive,xiongdailin,C:\Users\tahak\ogproject\adaptiveface\data\rmfd\AFDB_masked_face_dataset\xiongdailin\0_0_0.jpg,True,True,True,synth_tpl,0.39353352785110474,xiongdailin
multi_adaptive,yanyikuan,C:\Users\tahak\ogproject\adaptiveface\data\rmfd\AFDB_masked_face_dataset\yanyikuan\0_0_2.jpg,True,True,True,synth_tpl,0.37063413858413696,fengjianyu
multi_adaptive,John_Elway,C:\Users\tahak\ogproject\adaptiveface\data\lfw\John_Elway\John_Elway_0001.jpg,False,False,False,real_tpl,0.1602454036474228,zhangshaohan
multi_adaptive,Tim_Conway,C:\Users\tahak\ogproject\adaptiveface\data\lfw\Tim_Conway\Tim_Conway_0003.jpg,False,False,False,real_tpl,0.15564341843128204,liyifeng
multi_adaptive,zhangxueyou,C:\Users\tahak\ogproject\adaptiveface\data\rmfd\AFDB_face_dataset\zhangxueyou\1_0_zhangxueyou_0200.jpg,False,True,False,real_tpl,0.4135945737361908,zhangxueyou
multi_adaptive,Sammy_Sosa,C:\Users\tahak\ogproject\adaptiveface\data\lfw\Sammy_Sosa\Sammy_Sosa_0002.jpg,False,False,False,real_tpl,0.18131843209266663,zhangguoli
multi_adaptive,zhangzifeng,C:\Users\tahak\ogproject\adaptiveface\data\rmfd\AFDB_masked_face_dataset\zhangzifeng\0_1_53.jpg,True,True,False,real_tpl,0.2966685891151428,yangqianhua
multi_adaptive,tongliya,C:\Users\tahak\ogproject\adaptiveface\data\rmfd\AFDB_face_dataset\tongliya\1_0_tongliya_0148.jpg,False,True,False,real_tpl,0.4582575559616089,tongliya
multi_adaptive,tongliya,C:\Users\tahak\ogproject\adaptiveface\data\rmfd\AFDB_masked_face_dataset\tongliya\0_0_0.jpg,True,True,True,synth_tpl,0.26852160692214966,xuhao
multi_adaptive,qiuze,C:\Users\tahak\ogproject\adaptiveface\data\rmfd\AFDB_face_dataset\qiuze\1_0_qiuze_0097.jpg,False,True,False,real_tpl,0.5568944215774536,qiuze
multi_adaptive,xieanqi,C:\Users\tahak\ogproject\adaptiveface\data\rmfd\AFDB_masked_face_dataset\xieanqi\0_1_10.jpg,True,True,True,synth_tpl,0.2558619976043701,liushishi
multi_adaptive,Alexandra_Spann,C:\Users\tahak\ogproject\adaptiveface\data\lfw\Alexandra_Spann\Alexandra_Spann_0001.jpg,False,False,False,real_tpl,0.1323372721672058,tangwei
multi_adaptive,jingbairan,C:\Users\tahak\ogproject\adaptiveface\data\rmfd\AFDB_masked_face_dataset\jingbairan\0_0_0.jpg,True,True,True,synth_tpl,0.19142693281173706,yangzi
multi_adaptive,tanweiwei,C:\Users\tahak\ogproject\adaptiveface\data\rmfd\AFDB_masked_face_dataset\tanweiwei\0_0_3.jpg,True,True,False,real_tpl,0.20779505372047424,mowenwei
multi_adaptive,liuruilin,C:\Users\tahak\ogproject\adaptiveface\data\rmfd\AFDB_face_dataset\liuruilin\1_0_liuruilin_0241.jpg,False,True,False,real_tpl,0.45184391736984253,liuruilin
multi_adaptive,yingcaier,C:\Users\tahak\ogproject\adaptiveface\data\rmfd\AFDB_masked_face_dataset\yingcaier\0_0_4.jpg,True,True,True,synth_tpl,0.22706124186515808,xudongdong
multi_adaptive,shaofeng,C:\Users\tahak\ogproject\adaptiveface\data\rmfd\AFDB_masked_face_dataset\shaofeng\0_0_0.png,True,True,True,synth_tpl,0.3704031705856323,shaofeng
multi_adaptive,chenjiaqi,C:\Users\tahak\ogproject\adaptiveface\data\rmfd\AFDB_face_dataset\chenjiaqi\1_0_chenjiaqi_0007.jpg,False,True,False,real_tpl,0.47453755140304565,chenjiaqi
multi_adaptive,huangzhongkun,C:\Users\tahak\ogproject\adaptiveface\data\rmfd\AFDB_masked_face_dataset\huangzhongkun\0_0_0.png,True,True,True,synth_tpl,0.3882289528846741,huangzhongkun
multi_adaptive,Bernard_Landry,C:\Users\tahak\ogproject\adaptiveface\data\lfw\Bernard_Landry\Bernard_Landry_0003.jpg,False,False,False,real_tpl,0.18146967887878418,licaihua
multi_adaptive,zhangliangying,C:\Users\tahak\ogproject\adaptiveface\data\rmfd\AFDB_masked_face_dataset\zhangliangying\0_0_1.jpg,True,True,True,synth_tpl,0.3023640513420105,zhangliangying
multi_adaptive,huojianhua,C:\Users\tahak\ogproject\adaptiveface\data\rmfd\AFDB_face_dataset\huojianhua\1_0_huojianhua_0129.jpg,False,True,False,real_tpl,0.4859229326248169,huojianhua
multi_adaptive,linxinru,C:\Users\tahak\ogproject\adaptiveface\data\rmfd\AFDB_masked_face_dataset\linxinru\0_0_16.jpg,True,True,True,synth_tpl,0.4800359606742859,linxinru
multi_adaptive,Carlos_Moya,C:\Users\tahak\ogproject\adaptiveface\data\lfw\Carlos_Moya\Carlos_Moya_0015.jpg,False,False,False,real_tpl,0.1494094878435135,lianghanwen
multi_adaptive,sunyizhou,C:\Users\tahak\ogproject\adaptiveface\data\rmfd\AFDB_masked_face_dataset\sunyizhou\0_0_1.jpg,True,True,True,synth_tpl,0.4510512053966522,sunyizhou
multi_adaptive,zhourunfa,C:\Users\tahak\ogproject\adaptiveface\data\rmfd\AFDB_masked_face_dataset\zhourunfa\0_0_2.jpg,True,True,True,synth_tpl,0.23876404762268066,liyifeng
multi_adaptive,huge,C:\Users\tahak\ogproject\adaptiveface\data\rmfd\AFDB_masked_face_dataset\huge\0_0_3.jpg,True,True,False,real_tpl,0.1692916303873062,liuxiang
